"","AlignID","Factor","tmean","FoundIn","6_Extraction_blank_1_polar","12_QC_polar","13_QC_polar","23_QC_polar","35_QC_polar","44_QC_polar","45_QC_polar","14_Leaves_polar","15_Roots_polar","16_Stem_bark_polar","17_Leaves_2_polar","18_Roots_3_polar","19_Stem_bark_3_polar","20_Leaves_3_polar","21_Roots_1_polar","22_Stem_bark_polar","24_Leaves_polar","25_Roots_polar","26_Leaves_4_polar","27_Stem_bark_4_polar","29_Stem_bark_5_polar","30_Stem_bark_2_polar","31_Stem_bark_1_polar","32_Roots_polar","33_Leaves_polar","34_Stem_bark_polar","36_Leaves_1_polar","37_Roots_2_polar","38_Roots_4_polar","39_Leaves_5_polar","40_Roots_5_polar","41_Stem_bark_polar","42_Leaves_polar","43_Roots_polar"
"1",7,"Factor #7",21.1351,34,11.34132,4.608887,5.199467,11.20783,6.569435,101.1134,103.9881,6850.204,169.241,2516,10865.08,196.1599,3254,13092,123.8603,9438.107,12032.44,328.5477,1207,1.350942,4.879183,2.184253,6.939971e-10,219.0447,13100.66,6.623552,9138.416,85.86681,440.8588,13058.44,444.3868,6.837983,14239.35,339.778
"2",13,"Factor #13",21.1385,34,10.24128,361.4333,322.8934,347.5504,447.5042,431.3249,335.0318,1336.376,46.32317,705.0449,2058.103,75.14303,534.9579,858,68.60257,952.0488,1245,38.01608,897.6039,39.23495,60.61841,26.03546,42.43265,114.4623,1175,42.31368,1738,43.23158,22.33389,956,25.82927,44.77897,952,29.87235
"3",14,"Factor #14",21.1594,34,63.19729,9.616415,14.55787,51.4068,201.1803,265.3686,236.1508,2758.866,749,2149.138,3107.562,779,2040.794,3695.402,262.8765,3258.014,2405.043,983,2543.294,17.31966,8.077482,11.05357,0.9788307,665,4326.006,1015.354,2237.875,240.9541,1176,4737.354,1100,3602.267,4723.047,676
"4",11,"Factor #11",21.1904,34,42.47812,1.879539,11.76351,17.989,216.1496,482.39,447.6152,7034.013,433.4428,8982.15,8985.259,694.4865,2793.161,10687.17,645.2468,1166,9087.619,534.2613,8659.064,1.014033,1.07136,1.497034,2.598554,704.7352,11903.7,11577,12051,563.9381,368.8504,13058.44,655.2109,11818.73,13012.74,922.1707
"5",3,"Factor #3",21.2088,34,38.5664,53.31888,1.176403,11.62869,356.2102,515.9714,459.0877,1863,895.8585,5809.765,1184,923.6412,2767,909,1053.426,1889,9483.665,890.1734,9665.545,1.248087,0.7124635,1.237831,1.385164,818.5413,781,11894.68,12051,820.3801,694.2104,13058.44,875.0922,11867,11244.27,940.2622
"6",10,"Factor #10",21.2451,34,235.3829,6824.687,1576.719,290.5513,518.2984,531.2232,534.2296,1240,895.8585,5633.338,1163,902.3637,649.3419,783,1004.653,7337.649,6174.291,890.1734,5813.573,203.9404,181.4524,176.9817,248.6976,818.5413,8641.316,11799.69,11765.6,820.3801,679,10984.54,844.6439,11483.3,9809.948,940.2622
"7",4,"Factor #4",21.2468,34,92.74159,3478.333,6610.209,72.47939,379.0345,531.2232,482.2376,3162.734,905,2400,1175,922,1913,8107.991,1055,7572.847,1310,903,6085.684,6.84777,23.26685,14.22164,75.35305,818.5413,697,12163,12018,817,694.2104,1175,840,10808,809,929
"8",8,"Factor #8",21.2469,34,201.611,3670.971,1101.305,334.4102,518.2984,540.7731,553.5611,2231.918,825.1299,3983.98,4627.988,667.9415,357.8061,5505.482,757.1304,5062.137,4358.852,820.5729,1179,265.5287,252.678,146.6356,320.3696,716.9146,1090,8174.978,8203.566,723.3753,694.2104,7608.79,693.0725,7836.964,1037,809.0984
"9",5,"Factor #5",21.3466,34,75.39185,9827,9770,0.2272968,41.55422,217.5902,193.6466,513.9405,2.52897e-08,1296.669,4232.364,1.49748,630.7653,5797.231,52.19645,6673.146,3379.659,123.8226,5006.511,0.435983,9283.826,9932.435,9245.315,50.94561,7284.695,10956.58,9287.034,186.8121,272.0577,7507.753,113.935,9803.297,7054.241,168.4328
"10",15,"Factor #15",21.3482,34,13.85853,1241.906,1422.404,862,892.0438,995,1032.977,1437,179.4651,348.6806,1177.525,15.13471,267.5252,1360,62.6933,648.5401,1384,351.7358,1681,103.9261,1208.08,1320.728,1203.869,12.07748,1414.648,1211.053,1569.282,76.92651,3146,1378,642.0457,1170.097,1452,749
"11",2,"Factor #2",21.3635,34,75.39185,9827,9770,162.7183,54.9527,236.0562,211.9697,518.4189,246.9553,1698,4232.364,4.280927,630.7653,5542.104,369.3686,3183.406,3379.659,296.4076,3153.92,2841.295,10800,10684,9998,456.7603,5969.365,8898,9814,319.497,230.6994,1218,129.0735,9803.297,7054.241,191.7097
"12",16,"Factor #16",21.369,34,815.4136,1324.667,1447.231,718.5329,863.9955,741.1509,929.3588,844.2527,734.9737,723.4652,733,795.6908,369.0359,814,580.4885,1026.505,1179.155,562.0145,1029.991,338.4312,1564.672,1504.021,1507.734,1071.779,1182,1489.356,1723.867,502.3661,1488.026,1719.157,592.7145,1647.137,1645.199,773.9124
"13",17,"Factor #17",21.3813,34,5397,3420.668,3649.899,2942,3881,2943,2742,5172,4303.292,3763,3756,4490,4518,4092,3919,4828,5419,6328,3292,2421,3305.021,2579.332,2809.559,5143,4709,4591.967,2951.978,2807,2602,4373,2912,6377.88,5687,5081
"14",9,"Factor #9",21.3818,34,3933.412,7027.869,7771.447,2249.193,2759.319,2375.056,2159.041,3864.85,3166.232,3077.489,3686.979,3438.531,2293,4289.239,3219.811,3938.585,4240.85,4986.229,2571.884,2841.295,9361.222,9677.489,8959.69,3099.649,4692.009,9047,7876.702,2202.483,2004.439,7340.108,2179.453,9009,5629.304,3132.158
"15",6,"Factor #6",21.4471,34,39.14644,7170.924,7771.447,5862.991,0.8159977,50.76562,1.748194,249.295,480.3395,110.1903,3.528753e-08,0.7703454,81.89806,3928.76,33.16603,3183.406,696.7876,4.00425e-10,43.9493,9993,10800,9285.105,9355,0.7090979,2029.03,5325.772,7876.702,11.05879,7.648561e-10,6536.522,6.224571e-08,6771,4832.259,132.7985
"16",19,"Factor #19",21.5071,34,38.42943,3705.834,3964.921,4757.839,2107.528,1583.877,1931.945,676.9165,1465.742,2473.654,932,2639.047,4536.797,450.4072,121.5577,1384.156,839,1184.771,672.8238,5353.942,4934.393,5601.956,5291.826,1638.916,752.6861,4360.162,2577.366,537.4202,547.4601,1713.659,2942.191,4483.006,664.5772,1115.506
"17",18,"Factor #18",21.5072,34,24.18231,2591.524,2525.703,2457.063,2220,1584,1961,715,1496,2915,967.2465,2662,8011,621,141.9449,2838,839.8235,1185,704.8874,1929.679,1569.795,3210.807,3176.128,1667.662,767,3276.148,753.6417,644.4299,561.2241,771.0922,2972,3238.705,663,1132
"18",1,"Factor #1",21.5212,34,24.01171,6747,5958.108,7530,16.57373,22.34709,2.658512,2.41311e-08,725.2693,49.34689,48.52753,349.6591,16.26982,287.5846,0.01077171,3.473445e-08,702.0897,36.08409,283.8537,9585,8101.501,8084.512,5989.815,27.4469,269.1749,6476,4317,9.250268,23.52429,2360.414,27.44674,5940.132,118.6904,17.11983
"19",21,"Factor #21",21.551,34,28.54103,2943.539,3335.308,5092.202,3077.891,56.6913,102.4264,195.5722,1738.226,1059,106.5488,800,727,177.5744,91.58871,312.1308,644.7592,301.3198,110.6465,7559.929,6657.225,6749.215,5942.507,81.30013,269.1749,3068.983,1583.261,140.3309,271.1135,369.2168,620.1861,4423.911,106.491,55.28595
"20",20,"Factor #20",21.5624,34,46.82182,988.1637,944.2723,763.658,413.1136,608,363.5905,286.8031,1962,490.1198,291.8036,909.4366,588.6851,296.5689,298.7467,397.6982,281.8351,907,302.3634,368.916,343.5847,362.4575,440.4658,1325,243.9785,332.8965,260.0139,187.7332,1011,273.8937,753,419.3863,279.8095,656
"21",12,"Factor #12",21.61,34,24.10138,1284.316,2265.567,5041.33,6333.43,17.36725,16.14878,110.9194,627.5286,970,11.39102,855.1109,1373.795,4.503671e-07,195.0139,249.6144,3.400951e-08,396.522,32.49702,5391.954,4010.555,4123.8,3773.915,423.1506,269.1749,1588.479,1115,288.6871,830.7053,608.7741,889.8605,1661.656,118.8257,864.488
"22",23,"Factor #23",21.6671,34,244.8468,11402.38,15740.14,20093.55,21547.55,12282.73,14425.58,8695.583,10203.21,17771.07,12965.98,10532.58,27817.58,2267,9459.356,20454.1,8086.989,10574.75,12603,36813.89,22468.81,16733,28384.16,10824.42,8617.192,18752.61,7630,7358.058,27661.71,8783.658,6277.093,4921.893,14063,9835.235
"23",24,"Factor #24",21.6704,34,237.258,17633.57,19098.52,20093.55,21547.55,20491.5,19201.49,14136.68,12961.91,30814.74,19687.73,11873.03,41221.36,6968,12729.31,32014.32,13883.66,14981.03,12454.77,36813.89,26314.2,34162,29641.28,14309.5,12585.84,31492.98,13680.65,7641.39,27948.97,14183.14,20045.26,32103.01,13890.45,15369.38
"24",22,"Factor #22",21.6704,34,250.8653,17958,19099,20088.97,20089,18933,19207,14037,12488,30892,19786,11873.03,41354,7388,11869,32156,14038,13900,12603,36946,26408,34057.48,29721,13983,12696,31611,13870,7103,27949,14343,20045,32277,14063,14370
"25",46,"Factor #46",21.671,34,244.8468,13558.95,14562.98,14580.6,15126.52,14303.49,14650.32,10606.81,9311.68,23641.05,14805.68,8696.633,31167.2,5596.946,8879.717,24357.71,10541.42,10515.54,9327.282,28589.24,19797.21,26099.41,22403.33,10475.7,10017.53,23626.96,8937,5565.086,21092.56,11117.41,14936.94,24575,10681.41,10558.01
"26",42,"Factor #42",21.6988,34,341.9725,2092.436,2816.82,4329.763,7460.014,3409.484,3461.716,1348.604,2014.996,2162,2309.589,2737.687,2460.857,522.124,1790.352,1803.612,1459,2587.051,1453.654,5840.779,3636.837,4026.936,2428.122,1959.881,1444.117,1793.399,1077.274,1351.614,3656.696,1668.297,3424.681,2113.674,1302.824,2894.763
"27",26,"Factor #26",21.709,34,341.9725,4180,5008,6942,9015,8990,9726,1312.09,2418.712,2091,2324.741,3222.985,2717,495.5964,2315,1698.313,1387.027,3440,1407.106,7336,3515.08,4766,3290,2038.372,1436.359,5387,1063.414,1519,6348,1629.057,5385.19,4517,1158.177,3575
"28",35,"Factor #35",21.7094,34,341.9725,5431,3081.035,5656.291,9015,7805.358,9726,1492.913,2469.709,1089,2537.593,4779,2888.974,582.2676,2227.75,2120.24,1498.314,3394.483,1605.98,6177.231,4370.334,4766,4643.739,2107.385,1518.216,2295.548,1108.82,1524.572,6070.951,1851.902,5453.315,2668.399,1695.815,3537.864
"29",43,"Factor #43",21.7518,34,44.53726,1839.417,2126,5165.881,7242.963,5281.574,5146.087,1322.826,1958.455,1287.323,1879.213,1964.187,193.0864,414.0904,1416.779,1484.031,1205.921,2585.383,231.527,1758.999,2500,2291.538,1532.447,657.7709,998.0097,863.8669,858.003,1095.702,1345.61,331.5224,4.519388e-08,830.6304,457.8099,1013.642
"30",47,"Factor #47",21.7754,34,14.56352,1960.463,2030.432,1165.244,1217.409,402.2215,478.741,678.0379,855.6215,476.0797,685.1216,122.325,2359.64,507.6472,316.5032,671.3399,836,525.3669,443.9561,593.2899,494.2758,2769.752,689.7436,269.6015,508.0594,645.9772,518.0535,212.6147,698.4689,492.256,569.6709,478.5444,679,68.99565
"31",32,"Factor #32",21.8374,34,5.470687,5.699459e-09,1517,1889,4176,4861.525,4534.921,38.20885,3.418481,5.483351,115.4057,61.87829,4.043178,247.1698,4.179327,177.1439,30.97872,1.076117e-08,29.61021,1581.57,1273,699,633,348.7709,85.9541,6.190031,79.53592,3.906102,9.65493e-08,314.1071,5.927528e-08,222.2393,1.567413e-07,28.3247
"32",36,"Factor #36",21.8715,34,0.2270271,2.292768,1419,1889,2585.661,3438.045,4208.556,240.0536,3.547827,5.424724,114.7909,2.791833,3.270767,247.1698,2.706996,3.083095e-09,6.281001,5.999759,29.39893,1476.421,87.94192,35.93558,60.02289,348.7709,90.54026,3.864269,78.91899,31.8835,5.716305,112.8711,2.194282,222.2393,4.899252,38.43444
"33",31,"Factor #31",21.9194,34,1.514172,1086,1379,1447,2884,2510.154,4308,328.5258,2.092417,5.71043,3.037187,7.011665,5.168183,6.709624e-09,246.8075,6.585901,176.9368,7.269174,29.82211,1003,97.32691,36.00345,118.8361,1.25907e-09,371.8169,175.7717,78.80054,93.05684,4.086721,94.02404,2.579647,222.2393,279.4218,38.60717
"34",29,"Factor #29",21.9685,34,110.2056,944,1049,8.406094e-09,2842,2415.357,1879.021,328.5258,33.99682,28.09487,0.7718446,46.57833,36.97294,15.08233,1035,20.60543,176.9368,36.92181,21.77757,872,1242,10.08006,673,10.91942,371.8169,754,36.39115,94.44048,19.12454,22.96777,46.84324,169.9085,279.4218,33.95099
"35",38,"Factor #38",22.0615,34,129.2768,35.30691,7.368126,130.3561,1427,1519.379,1657.643,7.389234,498.6817,89.35343,20.69064,861.2903,456.2537,3.406398,828.929,83.45629,46.43896,449.2987,9.564787,741,815,344.6119,403.1761,599.6999,108.8336,198.6369,17.04688,242.5654,1490.145,18.1232,1447.875,210.2545,34.18088,717.0001
"36",39,"Factor #39",22.1029,34,108.0469,1229.635,1387.254,1576.454,2203.706,3005,2371,337.887,3407.685,1047.436,1273.034,4344.643,1611.881,153.4785,2569.499,1247.217,423.4308,3501.138,338.5117,1030.425,1073.889,1293.209,1561.544,3524,435.2252,1072,842.3356,1316.469,6979,822.8304,7289.751,1023.904,554.5818,3723.698
"37",25,"Factor #25",22.114,34,108.0469,1663,1915,1895,2513,2733,2706,337.887,3393,1325,1490,4404,3234,122.5957,2693,1307,480.7446,3854,390.1254,2091,1459,2061,1984,3566,461.7283,1577,842.3356,1611,7014,822.8304,7168,1516,554.5818,3813
"38",27,"Factor #27",22.1387,34,108.0469,1202.533,1203.673,1172.304,2440,2299.269,2653,302.2453,3393,1139,1407.516,2409.129,1813.358,117.5559,2652,1140.852,480.7446,3329.114,304.0091,1381.931,950.5399,1619,1812.343,3113,374.1063,1010.711,782.4543,1458,6971,793.0166,3591.549,1288,554.5818,3333
"39",33,"Factor #33",22.1697,34,84.06806,983.2968,861.4687,1172.304,1449.416,1703,1142.347,288.8705,3374.481,829.0348,700.0962,3697.334,1541.254,205.711,2645.168,1033.294,480.7446,2262,243.8559,1308.241,651.8188,1103,988.8184,1475.387,414.4932,1385,503.985,807.0598,6079.486,793.0166,2065.049,1005.794,465.8791,1801.484
"40",30,"Factor #30",22.184,34,74.11117,1065.196,952,973.2199,1098.548,1238.77,1378,302.255,1490.511,764.739,703,1233.485,1473,100.5866,1951,993.5,212.45,1935.637,335.6662,1596,840,1180.059,1076.589,927.1547,414.4932,903.8594,651,911,2940,440.3107,3572,1113.897,424.1671,1364
"41",45,"Factor #45",22.1947,34,54.92474,581.5149,626.2639,778.4152,1007.985,1081.226,961.8585,304.337,1278.048,568.4868,521.5717,2039.659,1255.302,159.9362,926.3809,688.6772,364.1232,1935.637,219.9364,1035.846,631.7357,948.7703,918.4406,1475.387,434.5681,789.7598,371.9882,746,2641.295,403.6317,2406.874,1041,378.8774,1062.969
"42",44,"Factor #44",22.2109,34,72.51595,472.4914,527.148,673.0041,777.8649,1422,778.7871,839.3948,622.8931,863.9425,521.5717,1599.337,1255.302,511.5102,655.6129,955.1284,892.8375,1049.006,716.7999,942.0767,947.0234,881.1636,1214,2224.036,607.9946,1022.526,788.4807,513.6541,1926.31,523.5399,1892,982.481,808.8622,731.0724
"43",40,"Factor #40",22.2319,34,74.61691,729.5617,949.6692,879.7645,1028,1083.807,1036.971,1157.605,349.0967,1411.796,1024.873,354.8676,2290.359,789.6874,278.3809,1493,1200,533.9934,1103.379,1405.026,1409.234,1328.727,1319.961,311.1684,1042.317,1336,1003.292,248.4697,642.0252,1390.861,712.1092,1427.878,1116.804,466.6144
"44",37,"Factor #37",22.2326,34,548.4542,470.2046,705.0093,1088,929.6757,988.7557,985,914.3645,611.9063,645.9387,515.073,694,1423.308,596.7216,461.4286,827.2285,919.1844,859.488,899.4036,1074.341,668.0912,1028.169,836.9555,384.9993,889.4357,789.0314,574.0874,588.4389,1327.313,659.7806,1134.688,1850.895,543.2679,616.6228
"45",34,"Factor #34",22.2332,34,369.912,729.5617,958.6104,879.7645,1024.982,1083.807,1036.971,1194,425.3579,1411.796,1024.873,425.6072,2406,789.6874,334.6024,1381.134,1091.022,499.1788,1079,1557.118,1467.903,1502.564,1319.961,336.7745,1110,1549.412,977.9451,353.0808,896.7669,1390.861,865.9535,1372.389,1314,574.3484
"46",28,"Factor #28",22.261,34,572.4546,935,1029,968,1159,1164,1073,947.3445,705,1740,1219,554,2536,636,562.6544,1829,914.5298,725,899.4036,1825,1238,1846,1749,470.3695,913.617,1598,916,636,1712,1422,1411.255,2105,895,958
"47",41,"Factor #41",22.2879,34,572.4546,742,804.5202,1002.195,1001.499,974.7299,508.8132,931,742.84,1413.91,515.2111,496.9024,1186.877,590.5576,550.9123,1722.467,526.0549,533.5742,899.4036,1158.283,1352.803,1138.759,972.7301,290.2787,824.484,1479.752,439.1908,536.6739,791.3443,441.8608,1396.199,1843.994,698.7664,983.3991
"48",49,"Factor #49",22.3335,34,251.8464,467.9809,3098.367,2819.711,3071.185,847.7486,2489.753,730.423,1761.06,1111.232,1219.204,1660.755,1559.399,649.0091,1454.397,3009.048,1547.667,1612.487,1417.476,1216.921,854.6712,1399.894,1280.974,1409.112,572.6159,3160.826,636,867.0029,934.9967,1696.127,1888,1550.372,982.2868,582.8585
"49",48,"Factor #48",22.3496,34,517.7132,18069,19988,19938,21018,19200,20588,12287,11471,22121,12818,12810,28893,9102,11511,21161,12984,13952,12698,19267,17873,18542,19832,11863,12379,22080,11375,10155,10402,12570,19804.92,22409,11984,15552
"50",50,"Factor #50",22.3835,34,32.20947,565.5652,1000.953,365.2556,528.0762,402.0647,265.6091,299.718,693.2976,648,483.1074,691.6874,934,237.4681,345.3781,786.5466,286.2699,188.7646,297.574,423.5315,692.2112,725.8339,595.913,168.4191,181.9715,792.2965,389.5828,444.7997,313.7863,417.4028,787.4032,853.3752,221.5337,463.6544
"51",52,"Factor #52",22.4344,34,39.90247,282.6692,53.67242,401.2752,294.5969,712,529,672.0378,167.0279,203.5046,296.5244,193.9627,184.2335,944.0053,68.03366,50.79089,1031.716,368.4555,341.3405,86.73025,246.3008,159.2826,122.7945,124.8377,551.3156,230.5221,1130.811,281.0455,378.4996,855.4355,939.1807,127.9936,540.7495,908.3179
"52",51,"Factor #51",22.4674,34,119.4633,802.301,600.0484,807.6098,579.4363,628.1536,526.0982,2318.859,177.4889,138.5019,1203,202.1865,348.5222,965,19.01239,122.7916,2013.478,88.44167,4502.766,90.2954,259.6577,169.0697,253.6168,25.50669,1964.943,277.9118,1265.395,615,407.3672,2171.877,945,346.6023,2102.91,917
"53",53,"Factor #53",22.4749,34,419.675,1261,1441,1320.796,1472.233,1293,1373.494,3970,113.497,213.0718,1470.301,135.6659,267.0883,1234,40.02773,172.5261,3835,182.882,9949,96.51441,193.12,116.2303,431.7378,138.395,3827,206.3751,1978,288.8938,254.4174,4091,290.0478,179.2099,4023,322.9931
"54",54,"Factor #54",22.5409,34,232.2172,689,712,843.6739,877.9067,751.0972,921,204.0558,223.2973,200.3649,263.3425,334.7139,97.62552,260.5996,317.0137,298.6863,432.2133,4754,201.5649,96.45596,90.59107,43.22082,105.6296,2959.794,482.6475,335.6182,253.561,137.5146,151.4022,360.599,77.79793,732.5824,536.0014,2805
"55",55,"Factor #55",22.6591,34,285.8271,1289,641,1233,1405,1322,1329,2852,388.6853,367.2563,1814,568.0104,448.5433,3788,313.176,392.7881,3123,449.8847,3333,300.1222,308.9714,433.0976,409.0086,440.5771,2852,481.862,2209,342.8175,235.1204,3012,612.7526,625.1748,2863,466.7434
"56",56,"Factor #56",22.6629,34,1898,670.1847,738.7167,679.0368,1129.423,1229.681,992,1045.314,733,607.1868,777.1902,853,1032,980.8308,1373,1011,1146.902,1753,982.5732,696,1175,994,610,1456,1176.316,1365,990.8074,1009.085,994,1566.698,1374,2536,1795,1775
"57",58,"Factor #58",22.7872,34,28.2617,442.7159,533.6763,685.8886,620.0922,602.2299,813.6544,244.1417,632.7504,475.3533,300.951,884,790.7373,107.747,588.5628,716.7277,207.8686,1029.491,210.4216,655.6057,635.5367,747.5883,670.3295,1427,276.9875,777.8594,269.9073,538.928,1304.207,291.6682,1657.01,1007.119,351.9682,1068.076
"58",57,"Factor #57",22.801,34,15.49073,396.69,522.2403,628,652.9711,958.5797,828.9379,244.1417,627,476.7459,302.4871,907.745,791,369.6615,585.4806,717,272.0691,954,324.6369,656,647.2598,746.3897,694,708.0463,1360.257,777.8594,984.2808,550.8477,1525,291.6682,1564,1138,1307.611,1068.076
"59",59,"Factor #59",22.8165,34,73.66863,351.2564,319.3712,523.1767,1335.305,6205.162,1374,5861.786,430.547,467.9056,433.7042,168.3314,890.7587,5373.173,438.9522,719.3361,11678.15,312.1126,8559.966,571.4298,647.2598,786.0008,843.6368,647.2366,10027.13,2181.838,9800.065,464.1928,1140.215,291.6682,1459.73,5786.755,4234.117,949
"60",61,"Factor #61",22.8263,34,161.4831,4406.686,5387.42,2751.622,2048.446,6444,2977.526,13605.39,35.25555,3103.327,5804.953,76.40964,1940.637,4280.152,282.5521,1784.6,20443.33,298.6016,26844.25,2287.562,1717.77,2141,1432.847,630.244,24389.46,1511.317,18896.06,354.7459,540.0071,4803.938,866.0879,2215.99,22710.67,656.8251
"61",60,"Factor #60",22.8543,34,162.4683,13380,13973,13397,13421,15061,15645,21150,341.6641,7570,20080,640.0797,13523,18236,257.259,8067,24273,470.8393,28135,5113,4538,6298,6711,153.0449,26520,7946,20205,294.5364,205.3819,30119,866.0879,10627,26721,551.8754
"62",62,"Factor #62",22.9896,34,40.7015,1610,1569,1481,1472,1538,1350,1713,438.577,2354,1199,20.33294,2421,1142,272.185,2520,1708,454.4176,1120,858,2058,1964,5055,421.3238,1585,2707,2499,347.5543,1284,1471,177.2861,2846,1614,461.576
"63",63,"Factor #63",23.0732,34,36.72046,29224,29975,19079,16457,16054,16649,13765,8102,31182,15187,9564,37446,6637,6543,26364,10619,9716,10232,18368,15505,18296,21932,4580,8994,20619,7653,3991,7557,10771,18445,25264,8562,9736
"64",64,"Factor #64",23.0738,34,36.81717,28193,29780.13,18980.03,16395.81,16054,16176.43,13526.28,8102,31182,15091.29,9564,36365.93,6493.825,5923,25723.87,10344.37,9716,9805.417,18368,15505,18254.35,21932,3916,7826,20549.34,7377.166,3875.31,6989.169,10640.76,18445,24635.92,8435.798,9736
"65",65,"Factor #65",23.1169,34,73.59681,550.9644,469.8453,475.3414,433.4924,584.5041,482.5515,255.738,2071,436.1302,289.5018,202.2616,317.3776,836.676,189.3185,510.7165,401.7914,9715,209.7442,450.3612,334.091,309.1452,324.1893,8294.342,440.8782,431.2202,165.5412,253.6093,233.7052,365.5948,231.1381,766.3384,583.7288,9540
"66",66,"Factor #66",23.1191,34,38.8905,1714,1481.24,1768,1456.507,1269.941,1475.897,1369,642.8968,2419,763.4656,620.237,972.9978,1068.839,880.7746,2381,1160,1229.487,977.1763,2895,2023.249,1784.68,1633.245,1256.039,1343,2275.999,800.1867,606.8476,390.6161,826,694,2104.688,587.7587,1465.518
"67",75,"Factor #75",23.1447,34,30.76835,12177.68,13978.05,4769.614,3578.592,3119.491,3490.191,4642.859,3338.43,2923.195,3800.14,3856.39,4111.779,2455.9,3012.012,3693,3120.841,4858.035,4112.287,2910.74,2940.303,3047.638,3367,1032.789,2545.31,3410.264,2194,1718.068,1989.356,2266.831,6113.494,3391.176,2559.016,2033.759
"68",74,"Factor #74",23.2034,34,30.91318,2365.833,2293.917,1988.553,2320.394,1632,1828.543,1682.579,1229.321,2166,1789.092,1662.468,2576.307,1155.037,1063.907,2178.008,1461.766,1371.376,1288.392,2713,1853.623,1859.997,2134,1093.4,1284.077,2229,1228.558,872,733.4109,1647.399,2216.472,2134.383,1613.795,1419.863
"69",67,"Factor #67",23.2088,34,175.3656,1470.715,1655.023,2423.969,18434,19842,20116,58854,2460.756,2124.615,48675,2972.07,6721,61424,3186.456,2450.917,58225,3241.135,61199,2787,4067.392,2666,3156,2849.739,56159,3983,49510,1990.118,5831.853,54169,5433.514,4456,60250,4844.436
"70",71,"Factor #71",23.2197,34,583.2623,3128,3494,2578.356,3610.793,3981.182,4311.257,9547.81,1610.871,3238.819,7711.109,3485.347,4683.781,6638.057,1600.45,3038.736,10428.95,2185.075,12328.2,4128,2453,2856.325,3128.274,3811.713,10609.29,3334.394,7847.912,4143.416,10398.11,13637.29,3650.498,3527.93,11981.92,2003.845
"71",69,"Factor #69",23.2307,34,298.9252,2884.521,3176.015,3635.174,7519.653,12561.97,20245.34,42525,3517.519,2832.391,19304.5,3418.716,6759.495,49248.68,3906.54,3823.498,51177.81,3989.191,4898.936,4385.959,4067.392,2936.663,3426.163,3154.966,5905,4328.474,12377,2283.819,3395.568,44625,5483.988,4855.378,7539.103,3721.849
"72",73,"Factor #73",23.244,34,286.5574,2771.206,3065.513,3428.572,9907.53,5846.371,7316.454,14097,3377.929,2720.774,36229.01,3292.227,5756.803,47863.47,3276.586,3773.254,3846,3325.521,5248,3729.221,2473.24,2804.234,2810.027,2732.307,10750,3392.749,20713.27,1814.697,2247.496,44126.67,4030.699,3694.896,19890.17,3902.999
"73",68,"Factor #68",23.2466,34,614.9341,5140,5371.086,6208,5987,8416,8390,7221.693,4885,5035,10840,6308,7775,3838,8208,5216,7411,8336,6083,7468,4046.851,4757,4026,5726,6424,5605,6172,4188,11827,7983,10181,6200,6949,9025
"74",70,"Factor #70",23.2746,34,2.175801,2143.009,1398,1485.529,951,1084,2901,1787.382,648,1494,1097.964,1028.242,1799.21,1158.997,449,1680.362,1378.096,689.3261,1377.135,1312,1379,1299,1807,619,172.4177,1306.488,453.7968,361.2255,141.0776,1193.05,1003,2172,894.0595,819.5761
"75",72,"Factor #72",23.3422,34,11.42234,679.1552,959,721,803.3114,855,830,491.1319,536.1041,564.9548,660.524,572.9365,560.4649,287.0978,294.1442,573.4333,353.3215,382.0624,157.8854,501.9735,625,801,877.4252,378.1569,133.0349,709,227.5771,175.3032,37.41008,389.4825,907.0758,519.1307,481.2782,437.3711
"76",76,"Factor #76",23.3876,34,26.67624,496.9783,591.3599,421.1268,423.8731,422.6197,437.4413,1010,68.33237,307.1498,948,89.53739,771,642.3786,89.79223,275.0797,995,60.63359,1298,155.0266,152.8319,227.8356,226.2744,65.87191,1018,391.0044,567.3385,52.4293,16.12345,1198,42.04777,296.2005,934,44.73173
"77",77,"Factor #77",23.4029,34,123.7494,516.4123,526.1684,451.4432,619,364.2584,339.5587,527.6846,207.2915,989.6633,622.2822,91.00164,460.1479,312.9608,158.7818,969.0592,535.3557,174.1469,314.2546,265.8917,472.8939,440.5679,3494.849,205.6964,369.2864,827,340.0858,127.8448,139.9003,690.819,299.7204,978.9598,328.9255,184.6859
"78",78,"Factor #78",23.414,34,276.4866,479.6513,583.1818,451.4432,468.2878,385.7284,373.0771,104.6741,99.74578,1016.348,108.0202,35.81556,482.4138,97.01234,85.16358,1225.598,200.5473,129.1348,99.10527,134.5611,380.5472,435.414,4182,73.66656,119.1544,1110,254.2756,127.0686,206.3956,160.6098,39.36845,1188.833,167.8323,65.79756
"79",79,"Factor #79",23.4443,34,134.6467,530.9409,504.3937,427.0602,652,544.066,619.5536,1174,99.93451,1031,647,17.90706,416.3316,963.4048,128.121,959,1420,121.4846,1121,1666,1072,794,762,108.3386,1123,1108,1229,173.1468,40.11683,1206,57.13218,1030,1145,92.67739
"80",80,"Factor #80",23.5538,34,15.44568,0.9251318,0.6597387,1406,24.62382,1.295394,1.293822,3.115115e-10,0.9175958,1857,23.91304,8.751175,29.62141,25.44868,20.08924,0.8538149,138.8011,1.851499,0.9336714,0.4824723,2.408172,12.43752,71.27567,1.297757,124.7557,10.51572,113.2783,24.14731,0.6090616,52.25602,1342,27.77383,146.644,504.2947
"81",83,"Factor #83",23.6553,34,63.68126,911.7957,801.4172,627.8363,565.4367,610.7514,591.5825,1686,175.2143,1384.338,627.5888,110.9242,425.1519,2130,236.9127,1311.888,1217.806,133.4057,1754,2852.428,1851,917.7789,1102.339,132.8982,1066.433,966.4351,937.6717,87.43631,143.8586,1168,88.62817,1251.32,1309.067,174.5177
"82",81,"Factor #81",23.6588,34,1535.98,1910.221,1866.144,1811.513,1977.272,1848.427,1544.172,1426.645,1532.631,1472,1289.285,1003.417,1781.447,1350.652,1674.797,1720,1415,2255.062,1651.438,3006,1800.181,1402.972,1255,1472.286,1139,1468,974,945.3891,2842.597,1022.205,2240.699,1464,1437,2054.478
"83",84,"Factor #84",23.6754,34,576.4501,1807.622,1911.024,1857.654,2126.827,1863,1675.488,1894.254,2266.004,1858.555,1907.359,2070.379,2450.717,1608.014,1962.026,1840.774,1747.709,2424.056,1089.329,1610.086,1044.808,1432.41,1328.232,2195,2245.383,1911.793,1204.803,1134.384,3303,1616.906,3635,3166.211,2749.106,2365.536
"84",86,"Factor #86",23.7043,34,109.2793,19591,20441,8747.601,2451.254,936.6895,1032.008,79.83619,145.2676,127.2508,191.2296,4359,1.298741e-09,185.7358,472.5797,128.1678,60.00935,2232.259,178.8096,95.75573,104.3323,131.7515,166.1546,205.0458,73.55611,87.1713,177.2032,221.2452,224.5281,77.45903,4157.84,82.74341,120.6084,1594.048
"85",82,"Factor #82",23.7062,34,2717.811,2616.809,2698,1982,2336,1856.129,1854,3375.605,2489.996,2628.318,2519,2912,2809,2721.023,3101,2876.505,3380.302,3226.755,2299.434,1637.448,1920.147,1797,1767.645,2028.896,2848.361,2650.692,1692.898,1249.864,3057.677,2709.355,2681.747,2477,3446.486,3672
"86",85,"Factor #85",23.7121,34,2736,2914.239,3139.592,2260.787,2625.023,2550.86,2487.123,3812.144,3105.974,3064.188,3362.189,2903.4,3079.951,3047.412,3067.217,3245.808,3875.337,4879.461,2913.117,1927.991,2314.143,2061.396,2123.908,4055.174,3854.137,3090.041,2635.571,1843.732,1961,3375.717,2068.068,4492.183,4474.082,3779.872
"87",89,"Factor #89",23.7132,34,678.7959,5868.381,9951.198,8892.346,16519.36,16520.98,16777.93,9094.225,2511.469,6637.747,22231.96,2642.412,11947,12128.1,2643.78,10303.18,21270,3632.933,21364.67,9229.8,11353.01,8817.506,8409.862,3244.233,18645.08,11005.38,13952.22,3323.558,2201.313,18623.43,3646.949,11375.61,26582.43,3737.956
"88",88,"Factor #88",23.7316,34,1754.648,18333.1,18589.27,18931.14,20276.23,18993.57,19058.77,37511.65,3666,16032.2,50875.94,3661.727,22146.36,26389.52,4704.308,16117,40239.63,4428.244,33484.68,15363.47,16879.43,13831.86,13135.11,3539,37306.47,16588.69,38678.68,6065.247,2951.752,35678.58,4769.457,17170.86,36900.38,5172.454
"89",87,"Factor #87",23.7334,34,895,18434,18423.68,19029,20387,19051,19122,37606,3726.406,15944,50947,3078,22267,26521,4704,16035.42,40342,4493,33631,15388,17029,13832,13201,3668.141,37461,16589,38703,6087,2985,35841,4821,17343,37053,5085
"90",90,"Factor #90",23.8026,34,47.20041,10858.04,6171.193,9476.04,4364.277,1460.481,1434.077,4436.367,1495.863,4426.995,3781,1014.189,3496.943,2408.359,616.2922,6121.777,4466.956,102.3719,4555.596,4613.21,1625.521,3952.882,2469.461,824.5011,3983.721,5090.855,3839,2079.504,78.80475,2715,413.842,3237.505,3874.1,105.6786
"91",91,"Factor #91",23.8291,34,342.728,1381,1253,1157.346,1225,854,972,3709,381.6067,448.9632,3269.936,194.3096,632.0577,1519.971,189.6632,497.5472,3820,342.4206,7090,318.5875,569.6487,461.6264,430.9347,259.2128,3337,443.5739,2514.15,225.3128,284.5222,3407,172.953,571.9333,3523,186.3981
"92",92,"Factor #92",23.9106,34,116.3562,1062,1038,666,972,836,887,952,118.6597,2309,936.7859,109.7078,2720.519,961.455,101.326,2105,1033.824,109.3293,965.4743,2055,2610,1961,1288,148.6882,1018.831,2129,889.1588,132.688,66.35548,1209.45,144.1908,2231,1123.62,105.1091
"93",96,"Factor #96",23.9624,34,105.8164,582.4668,451.1723,626.3741,418.5601,301.7695,436.4916,378.9309,436.7515,489.5911,337.9713,1113.046,575.9016,267.2239,270.1501,468.6491,423.5431,962.1692,450.6727,498,513.3403,445.9974,547.8184,622.5176,328.7869,519,374.3287,260.4801,828.6407,401.0596,1823.227,590.8954,410.8301,1032.637
"94",95,"Factor #95",23.9706,34,54.17137,586.4121,451.1723,628.5915,734.1836,648.6884,791.218,434.482,769.4799,287.3773,683,1376.084,711.1895,267.2239,270.1501,160.8629,464.9162,925.0711,508.6047,334.9664,183.7398,394.9522,522.479,374.2436,412.7145,483.3001,598,251.1564,577.9585,592.4471,1800.874,407.1549,619,1032.637
"95",93,"Factor #93",23.9716,34,63.92376,634.9752,781,688,809,674.9817,934,360.3303,752,402.744,559.1625,1444,778,294.6823,527.8865,442.142,438.5444,935,437.7155,452.9832,305.7645,440.2514,554.6412,827,448.7116,483.3001,511.1508,466.6397,861,472.1418,1823,533.5314,367.5907,1047
"96",94,"Factor #94",23.9731,34,51.81979,618.7299,704.5061,652.6137,715.5521,724,858.4846,359.8895,822.59,399.8095,559.2113,1440.676,791,268.0928,371.8648,409.0272,418.2586,962.1692,390.7084,452.9832,300.8515,426.1821,557.3753,827.0902,389.6636,479.533,466.7408,335.7862,828.6407,451.9882,1823.227,533.5314,426.3849,1032.637
"97",98,"Factor #98",24.0238,34,137.2291,316.2077,393.1384,273.3863,436.6032,351.3686,395.9943,53.06814,259.1541,80.97421,55.08205,91.84874,237.561,266.1802,149.2002,306.4594,179.5318,1175,161.8587,210.1584,53.35127,122.7274,63.12372,811,111.9944,318.3008,233.5466,195.7011,287.1912,180.745,143.2354,549.5851,338.6546,740.3685
"98",97,"Factor #97",24.0846,34,7.868018,1207,1387,22.99281,30.29645,109.3194,47.46355,6.327347,4.625685,11.15839,4.498076,27.57103,7.30427e-07,6.411287,3.38246,17.64413,0.4595872,7.216498e-08,9.409193,23.91718,52.24551,100.2695,138.8991,0.6530341,38.59653,38.26623,4.006024,2.538639,26.39674,13.16869,21.94457,401.6974,21.13837,7.370576
"99",99,"Factor #99",24.1653,34,1239.922,4165.96,4950.819,6313,16672,13638,14775,13324,533.825,30516,13326,660.8257,9397,12707,463.5123,30795,12677.9,863.2217,14587,33672,32189,35131,43664,172.5416,12646,32943,12803,1542.469,805.3559,8403,4300,46249,13589,1843.761
"100",100,"Factor #100",24.1834,34,30309,13976,14150,11037,11423.82,15661,16281,20918,12490,15580,16619,11654,10982,11800,10662,12735,17880.28,11580,17736,10391,8509,16853,12802,5861,16184,13484,18440,15421,11338,35760,11567,16124,19468,12166
"101",101,"Factor #101",24.2924,34,50.3111,287.2135,386.4361,367.673,504.9253,694.7471,633.3318,1325,13.91228,191.8796,1483,1.2324e-09,121.8187,1729,86.5726,177.3289,1559.103,43.69354,1684.62,1.408419e-08,2.938704e-08,164.6038,102.7403,233.161,1635.271,160.2866,1126.581,11.16153,71.82554,1198.725,311.5798,393.4082,1653.557,670.9023
"102",102,"Factor #102",24.3551,34,23.13579,2302,2290,2347,1889,1866,2065.243,1980,2305,2879,1389.712,2395,2485,1214,2006,2844,1575,2278,1889.798,1660,1753,2284,2582,2449,2216,2800,1704,373.27,1736,1905,2388,2670,2051,2302
"103",103,"Factor #103",24.359,34,6.284039e-09,1982.237,2199.096,2020.47,1501.402,959,1984.622,1669.19,2275.291,2383.534,1389.712,2146.594,2292.329,1117.043,1808.957,2755.145,1929.309,1408.541,1776.858,1638.732,1586.31,2391.225,1612.661,1669.612,2087.159,1910.953,1704,400.2734,1507.789,1905,2380.855,1876.349,1732.242,1233.889
"104",104,"Factor #104",24.3701,34,4.793617,2159.428,1403.738,1748.115,1260,1241.564,1530.029,1151.745,2384.488,1963.914,916.8802,1372.471,1740.539,915.6715,1808.957,1774.858,1337.127,717.8333,1106,1374.257,1240.596,2145.079,2242.675,1271.036,1871,1526.135,1274.3,400.2734,1627.344,1269.187,2197.689,1510.942,1873,588.6392
"105",107,"Factor #107",24.3843,34,14.25206,123.4299,265.5473,1659,293.8676,266.4051,178.5369,1420,312.7583,1167,1446,20.9319,1012.736,2.114894e-08,207.3753,289.571,199.6956,362.7495,194.1875,429.3843,263.6496,272.2677,174.6521,60.77639,231.5278,345.9472,207.371,18.74039,256.1974,276.177,1.115769e-07,316.1681,257.6688,2.235462e-06
"106",105,"Factor #105",24.3903,34,35.97482,82.63765,110.6581,176.8719,529.957,687.3706,643.1168,896.3206,63.40064,629.1551,563.8468,168.8839,506.3756,547.6237,120.6368,1036,612,44.4444,833.5354,1047,830.9215,729.915,749.6002,43.19585,867.832,918.7695,591.604,182.7295,91.63346,914,94.60281,994,964.8614,89.71287
"107",106,"Factor #106",24.3944,34,40.39761,100.2819,132.2163,80.62947,469.1915,592.8679,606.8011,659.8335,52.07781,511.0445,485.2278,63.38562,511.7953,272.922,180.5218,975.6373,716.8038,45.57798,823.0934,765.1881,822,587.5986,679.011,66.32116,619.0891,847,596.0917,154.8773,75.60748,701.5149,191.2594,838.3576,646.9833,86.77955
"108",109,"Factor #109",24.4871,34,20.30979,353.5165,485.3054,221.9144,508.0214,1868.484,783.1338,227.6338,581.6352,719.0641,250.1783,276.0108,297.6026,160.8502,761.2752,816,430.8246,331.0902,569,624.1774,423.0441,469.6609,350.3097,7.068769,195.3183,972.6928,359.4022,1869.482,88.05937,440.4278,290.3802,698,458.6351,280.0963
"109",108,"Factor #108",24.4919,34,11.43364,117.3267,151.5751,967,793.1989,566.3577,706.9322,624.5885,34.39819,1689,1478,51.54601,1791,1154,667.3298,714.7174,992.7635,44.54693,740.8937,1058.54,872.5819,171.2043,1771.613,47.53383,401.4995,930.7973,302.8779,653.0538,32.82074,790.3206,298.6905,1069.68,387.6713,213.7741
"110",110,"Factor #110",24.4959,34,9.517066,222.4545,333.1663,414.6325,1910,1568,1521,1215.243,30.65692,1898,402.1722,50.1307,1387.408,407.9417,379.5024,1683.917,1309.397,161.1627,2587,2527,2216,276.3132,4095,21.37327,1306,2234,773,318.5073,109.2309,2380,685,2706,1491,285.8579
"111",112,"Factor #112",24.5496,34,56.16345,932.015,1191.669,1788.271,3788.773,4292.919,4426.733,3098.541,297.1395,5597.716,2653.462,656.8795,2391.76,2684.034,5332,6103.472,3736.778,705.7979,3932.739,6417.075,5460.298,1249,5412.729,98.90794,3940.987,6400.123,3349.945,4474,432.2748,4000.291,2012.645,7479.701,4228.777,1693.042
"112",111,"Factor #111",24.5576,34,223.3371,1282,1546,2227,4148,4669,4802,3570,297.1395,5890,3027,709.6854,2391.76,3005,5588.412,6689,4133,611.6497,4407,6233,5812,6565,5840,82.19861,4351,6675,3600,1564.056,432.2748,4354,1916,7886,4653,1597
"113",115,"Factor #115",24.5932,34,309.5243,542.3599,708.1472,813.3807,1449.599,880.6363,1123.718,1464.114,183.6865,1344.873,1203.803,495.8268,1184.856,1336.708,275.8623,2026.661,1621.082,445.0174,1469.896,1348.317,1017.026,3003,1232.871,233.006,1714.012,1788.294,1832.38,407.3157,290.6598,1171,538.1571,1469.934,1224.096,902.7871
"114",117,"Factor #117",24.6037,34,296.8485,509.7524,514.9606,445.03,303.024,371.9165,328.4582,347.712,673.2101,951,252.9903,422.2318,1393,560.2195,568.3112,1179.491,492.9088,582.3852,953.9636,431.5377,505.6068,336.198,306.1421,759.0273,1111.793,587.4027,278.9671,927.2496,643.2369,310.1198,445.0921,435.6249,321.8453,738.078
"115",116,"Factor #116",24.61,34,251.2391,469.7641,494.046,395.6259,300.1703,366.88,296.7282,238.0903,656.6138,294.5588,165.144,587.061,1057,1366,535.9621,1411,433.8084,575.5494,1658,63.72983,335.7311,124.3981,168.4826,725.6859,1922,338.1208,109.4341,952.5734,764.0091,131.4646,641.4431,297.8132,186.0925,825.7474
"116",113,"Factor #113",24.6116,34,376.2365,644.9583,662.784,454.2833,724,624,524.0534,518.148,739,545.6234,420.3324,837,572.2899,652.088,1024,1045.223,500.9679,705,879.2381,179.5017,645,338.1033,554.6588,1171,1128.609,1114.702,415.1935,940,798.8535,423.6666,621,551.7892,729.863,1256
"117",114,"Factor #114",24.6137,34,341.9247,644.9583,662.784,454.7785,685.3375,566.5153,653,518.148,691.2507,470.1497,420.3324,723.5764,572.2899,652.088,760.4256,661.7849,500.9679,582.3852,580.3279,116.2774,465.3356,327.3486,558.0184,794.3498,795.2526,1566,415.1935,732.5223,743.2949,428.0911,719.5096,524.5491,967,723.9009
"118",121,"Factor #121",24.6937,34,135.939,20.03713,52.06589,167.1276,118.9326,85.67477,117.8531,728,35.83468,49.11907,1009,42.25058,217.0255,595.8672,25.23383,386.3092,928.6466,42.86391,830.0472,98.15559,154.7848,256.1857,186.3112,222.0676,1082.066,192.8904,973.6275,62.19996,86.0471,514.6606,2.952367,208.896,674.5307,52.82213
"119",119,"Factor #119",24.6999,34,90.16727,103.127,228.6971,236.8029,170.124,83.66819,59.56164,422.8402,82.7007,111.0845,619.2868,147.0996,539.7368,335.4359,21.55592,823,427.4784,3.024644e-07,746.9675,41.2155,296.1581,520.7404,689,171.3875,1082.066,219.745,1035.789,91.22001,127.2757,638.102,35.27668,338.6453,1225,124.8624
"120",120,"Factor #120",24.7012,34,123.5075,220.641,305.1377,332.2522,323.2358,226.6585,274.9781,384.4999,140.4211,329.9242,523.8643,232.7099,680.0772,404.3892,84.53954,536.4728,344.7586,130.0245,536.26,440.35,601,726,655.0066,338.2601,418.3069,556.5107,416.6557,251.6227,185.155,339.7794,173.6175,700,310.6497,159.0377
"121",118,"Factor #118",24.7057,34,109.3974,39.50181,158.636,135.5239,282.8107,108.1773,179.6796,425.7714,25.72452,30.54349,655.8835,66.45587,191.609,840,10.39921,439.47,1007,3.657774,648.638,93.30635,170.8626,42.86503,525.9581,123.9587,1111.063,135.7565,1527,77.89403,69.21697,1595,54.80109,208.5413,1292,58.70708
"122",122,"Factor #122",24.865,34,1552,182293,180021,177748,179927.8,169085,169602,292005,42887,194387,227297,1815.959,158880,191129,25234,208447,283171,42420,227941,73670,207416,135319,412793,41202,266454,207448,400625,21607,120392,284879,30215,229519,292816,40152
"123",123,"Factor #123",24.8662,34,386.2707,20290.15,20277.45,19690.88,20235.94,19067.17,19443.5,32809.87,5361.043,22348.81,26007.73,1943,17970.58,21688.04,3739.823,23220.74,32198.55,4828.222,26093.78,9007.947,23278.4,15046.78,45956.55,5279.234,30121.87,24042.24,44480.15,3194,13532.05,32499.78,3694,25932.65,32728.97,4907.038
"124",124,"Factor #124",24.9475,34,106.2797,519.6373,8963.127,7626.215,198.597,299.6435,374.7841,12970.22,1132.188,201.9656,4717.058,248.5546,252.8046,183.0767,752.7704,7670.32,11563.95,1687,9372.641,273.7481,4222.01,1734.069,6600.789,1014,274.9522,228.8534,8916.753,108.5513,99.7024,4474.972,321.6014,267.31,458.1172,828
"125",125,"Factor #125",25.0082,34,1098,7447,8092,8980,8213,10202,10394,8904,5443,10387,15440,4369,19715,5508,6361,10308,9523,6757,8094,11068,10793,8573,7519,5451,7976,10822,7134,9273,5750,8723,5364,11241,8406,7079
"126",126,"Factor #126",25.1071,34,236.4886,52300,52930,46815,46746,39514,41058.8,25908,46971,47331,34335,51675,59686,15310,21617,46525,25039,42977,23566,32942,30446,41372,56113,48363,25279,47601,20780,21379,28838,23743,58038,50056,22351,40381
"127",130,"Factor #130",25.2041,34,465.2597,386.0548,2185.769,179.9077,325.0682,171.8999,346.4675,806.2385,459.2505,599.9597,886.3483,1431.341,262.7031,275.2798,594.1592,351.2909,944.6586,453.3967,375.6227,970,418.3755,102.7444,819.1546,419.9657,673,980.446,298.1579,851.0925,151.5244,536.0948,1103,146.4501,624.0269,988.4808
"128",127,"Factor #127",25.2825,34,1824,807.9431,142.482,311.1927,357.973,180.9726,871,1560,1305,523.9296,1845.973,1796,251.2711,517.66,1710,419.2813,1496,1702,459.9565,1428,1131,46.85867,1216.58,1061,1624,1749,1692,1229,309.3958,536.5776,4154,293.4295,1160,1520
"129",129,"Factor #129",25.2934,34,1737,718.9196,100.8728,208.3256,187.0623,144.7185,693.3233,1086.925,990.4384,523.9296,1845.973,1355,242.135,509.3119,1403.202,135.9587,1439.425,1559.051,393.9356,1547.205,1122.439,45.6283,1204.656,1061,1437.853,1688.232,1314.682,1235.84,297.0142,463.0308,3852,117.0565,616.7894,1427.117
"130",128,"Factor #128",25.3119,34,1445.744,1060,404.3293,484.886,495.8083,507.4939,843,1016,849.0719,552.5872,1859,1732.189,354.1799,601.0532,1022,414.8673,1409.662,1178.646,502.3414,1319.193,965.9764,209.4126,1252.757,976.2364,892.1609,1565.51,1229.286,1066.307,173.0867,723.4701,2666.293,461.9852,945.4117,1548.381
"131",131,"Factor #131",25.3172,33,1411.332,675.5907,298.7956,408.1464,472.5943,432.7098,441.4953,1069.924,849.0719,542.0467,1845.973,1303.522,398.1802,327.5838,1029.405,466.3006,972.2113,1032.692,553.5446,1319.193,936,249.5564,1356.182,1141.767,852.5084,1811,1583,1191.136,141.014,845.8987,0,416.6563,766.7743,1371.877
"132",136,"Factor #136",25.3228,34,1490.796,801.4835,601.4147,653.5796,664.7984,654.3322,712.0463,1222.764,962,736.4725,1766.769,1303.522,639.5834,714.0048,1007,720.8736,1370.547,682.1978,865.0549,1139.172,885.8537,368.5445,1354.339,996.0609,1031.596,1242.515,1283.936,957,230.9734,1102.146,2666.293,688.924,1003.901,855.7844
"133",134,"Factor #134",25.3259,34,141.5133,1469,1273.463,1200.867,1231.242,1240.185,1513,2752.432,250.6454,1426,2702,206.5451,1506,1427.892,339.3739,1352.926,2609.736,470.7938,2188,588.8241,940.3995,784.4727,3521,489.1415,2609,1202.879,4108.203,352.0354,323.0085,3108,210.5855,1324.616,2633.66,357.792
"134",135,"Factor #135",25.3329,34,438.7073,466.9951,687.1193,880.7534,1001.861,856.5161,1084.372,895.674,252.5159,557.0086,1161.274,257.2912,459.8382,610.8663,838.0803,611.5306,1067.665,3618,608.7268,706.6152,634.8254,588.8363,1072.8,2454,1001.65,1018.146,1287.837,743.4896,621.0734,983.4743,405.7316,1715.342,1241.321,2159.226
"135",133,"Factor #133",25.3381,34,310.4797,514.8863,666.0862,850.5262,973.7507,769.0493,1052.678,818.2732,182.4889,522.752,1116.869,397.8979,400.2529,440.8527,402.9168,415.3709,972.4304,3931.888,294.123,575.2583,337.9898,371.8623,854.7378,2669,849.7568,936.721,1189.004,399.2558,465.4236,646.0224,485.1976,1539.287,1093.121,2464
"136",132,"Factor #132",25.3557,34,1440,568.411,693.4517,860.1015,893,927.9038,930.82,957.3651,431.0496,486.4868,759.8898,611.1979,634.2197,564.2177,994,800.3044,872.8227,3330.413,667.4936,547.2988,665,670.8324,1024.603,2640.514,906,955.6595,1422.425,856.8246,802.1223,882,935,1939,1297,2362.701
"137",137,"Factor #137",25.4538,34,1615,8094,8731,9167,9854,11046,11491,7962,8370,6810,8252,10081,9072,6331,7740,6894,8822,9677,8358,7868,6974,6712,7743,8782,7728,8340,9173,8305,6716,9175,13362,9230,9055,10431
"138",138,"Factor #138",25.4599,34,1225.844,6648.759,2712.722,8372.622,9854,9228,11279.29,7962,8285.955,3747,8228,10081,8805,6203,1552,3277,4336.165,9454.754,7366.655,1773.544,4657,3344,5117.39,5009.496,4354.108,6368,9173,7982,5340.118,8853.088,13020.91,8812.399,6411.769,10094.77
"139",139,"Factor #139",25.5179,34,639.8271,5956.098,4724.977,1142,4299,561.6065,992,3522.685,2610.188,1863.189,3672.843,3785.632,4951.673,2831.253,656,1314,3773.655,2034.008,1884.274,679,2414.315,3024.682,1192,1495.764,979.0586,2157.81,6139.752,3832.075,1423.279,3404.279,1002.422,623,1009.422,830.4628
"140",140,"Factor #140",25.6221,34,146.5492,1633,1751.997,1581,1626,1647,1630.17,4084.479,143.2395,1308.784,5063,186.7015,1977,2350.93,138.8531,1341.544,4050,172.6514,3987.551,1001,923,1337,1167,148.5962,4077,1339.386,3512,126.1387,121.3541,3736.048,542.6989,1431,4282,207.2105
"141",141,"Factor #141",25.6657,34,1004,1411,2.147176e-08,80.49121,3.940648e-08,63.16393,53.54166,739.2553,1350,61.79509,911,804.3662,104.3129,82.25715,383.7125,56.4823,1267.872,333.7312,181.0958,470.2032,167.1613,7.210937e-10,274.1043,101.5003,111.6396,89.28108,1015.541,177.7642,20.59306,117.7774,6299,55.05041,145.7733,424.9257
"142",142,"Factor #142",25.6678,34,1004,961.3848,3.39681e-08,73.59171,1.780888e-08,105.1725,38.79611,744.6949,1098.037,60.30116,555.9667,696.8189,125.3706,56.68864,383.7125,58.92527,1274.72,393.6418,183.4003,468.0266,188.6912,1.877234e-09,272.0548,65.66948,229.7116,89.00626,1016.873,228.9237,12.03067,230.6104,6299,65.84929,240.1318,424.9257
"143",143,"Factor #143",25.6928,34,178.1202,740.0598,763,709,838,964,571.2787,2505,162.0018,1.98182e-09,2951,108.3773,68.68965,1184,2.891806e-07,96.86328,2396.717,84.84373,1632,93.26991,1.011047e-09,42.16026,40.71188,51.06,2272,58.65253,3804.086,53.785,15.98885,2175,405.684,74.54778,2417,7.593427e-08
"144",149,"Factor #149",25.8088,34,92.86034,312.8147,187.4163,341.3365,1241.264,1541.503,1874.446,620.5722,196.1183,335.0549,427.3478,54.927,250.8951,732.8468,77.64234,372.5667,717.2235,432.5776,1031,1197.797,1411.511,1488.661,1647.387,388.3476,1315,1145.04,1300.171,424.1116,310.3682,1475,1778.8,1907.539,1136.659,397.455
"145",148,"Factor #148",25.8175,34,24.29038,165.4321,287.5196,1110.582,2198,1970,3387,162.2958,13.7798,890.9188,914.8758,18.31371,600.6764,790.0431,34.35926,651.8646,736.4828,634.3021,589.6208,2062.63,857,1429,2672,703.3762,682.9944,688,1454.431,752.9361,370.7451,1353.261,2290.22,2957,1636,1043.78
"146",150,"Factor #150",25.8194,34,397.3587,178.5113,287.5196,631.1681,1129.42,1674.683,9027.456,159.8875,250.7799,890.9188,914.8758,98.97357,965.9842,790.0431,57.27275,853.5979,736.4828,432.5776,780.8072,2717.592,1501,2122,1647.387,388.3476,3865.271,1233.689,2719.501,495.2346,252.9662,1353.261,2891.146,2080.293,1490.231,707.6052
"147",156,"Factor #156",25.8279,34,51.95064,552.078,405.1166,532.2329,552.8823,477.1169,525.7063,809.2134,199.7096,438.0915,583.955,72.00406,517.4502,723.8484,187.7112,461.3023,699.8926,225.3759,891,424.0919,406.4112,376.0788,495.2275,210.9755,643.105,342.2511,665.2336,438.2681,151.1313,765,203.5529,535.0506,649.5348,294.8445
"148",158,"Factor #158",25.836,34,50.7741,552.078,602,535.1339,552.8823,477.1169,527.5694,809.2134,241.0736,459.3176,597.8741,104.0621,443.7235,823,301.9043,461.3023,736.777,231.3237,933.0414,459.5788,502.0004,357.4367,515.3619,228.3305,857,449.6829,733.6923,573.0861,175.366,850.7405,119.6445,518.3053,780.0976,303.0495
"149",147,"Factor #147",25.8375,34,198.6917,1190.011,1138.24,977,1919,2921,3810,1694.128,727.112,2174.048,5482.884,664.4927,3536.818,4892.766,929.6412,3213.013,2489.049,634.3021,3477.821,2293,1656,2706,7961.849,506.493,3865.271,1687,2110.287,1906.468,310.3682,1353.261,2436.132,2759,1278.297,1467.833
"150",157,"Factor #157",25.8415,34,143.9894,595.5265,468.253,415.5305,608.1526,448.1997,499.2324,824.9734,359.3096,397.5991,922.842,95.96983,424.3689,786.6616,187.7112,442.5,759.14,225.3759,669.6198,424.0919,456.0566,357.213,515.3619,210.9755,698,508.1321,893.2349,367.0404,127.621,672.162,1309.901,518.3053,838,297.7652
"151",159,"Factor #159",25.8744,34,863.7178,2766.71,2231.653,1959.524,1959.963,4024.197,1918,5045.386,1250.848,1432.43,5724.505,333.3939,1899.468,4279.088,5521.916,5686.246,3003.192,8403.988,2568,12342.01,1833.876,1999.829,2638.444,10968.09,3194.004,2572,4913.804,950.1937,11921.11,4394,22079.19,2417,6559.582,7283.027
"152",160,"Factor #160",25.8763,34,778.7625,706.6202,598.7186,887.9165,849.5282,1488.433,1075.543,1671.325,304.4234,702.9793,1777,126.5993,1265.145,1172.342,1499.832,1154.913,1871.654,2480.716,1170.699,4242.161,1216.487,951.21,1661.492,2635.298,1634.627,1181.499,2097,299.0156,2756.252,2620.719,2084.136,2026.625,1855.512,4763.141
"153",153,"Factor #153",25.8803,34,2276,4756.003,3518.903,4551.387,7139.707,17496.37,19909.57,5238.875,1510,5736.336,8195.616,5134.323,6703.206,7180.098,3346.165,4048.148,4852.22,4919.16,6142.698,5320.299,4440.351,6039.671,8174.532,9098.919,12617.13,8505.861,9996.673,3776.157,7638.277,10421.95,9207,14457.99,14682.84,15944.3
"154",161,"Factor #161",25.8947,34,3365.147,6883.904,8842.017,6201.182,15998.36,5995.34,6890.455,2293,6518.784,1917.705,3867.304,3627.717,1006.052,1647.883,4369.034,2378.235,7383,10717.2,5145.337,9684.646,1746.166,9812.082,3422.458,7755.614,3166.587,3588.326,3255.359,6686.361,7506.351,2851.694,5190.915,3188.667,4302.866,11450.69
"155",154,"Factor #154",25.9216,34,11108.68,20121.34,26662.2,18042.25,22355.17,21841.59,26765.89,41285.78,15693.53,22094.42,34424.43,10427.8,14592.08,28141.61,2727,24231.58,35178.41,20698.88,47573.32,21065.59,15817.52,10719.47,23729.35,17942.36,45411.67,27418.21,36113.17,11916.91,18087.27,44085.19,23604,16962.33,45310.35,22186.7
"156",144,"Factor #144",25.9263,34,106458,313064,305109,285668,283704,254378,267897,540478,222826,284144,368190,100403,234640,400349,121565,289273,524626,234153,467980,210236,215107,195518,243332,225499,482737,283617,379061,115709,188352,441187,128532,300185,504313,237849
"157",155,"Factor #155",25.9275,34,11108.68,30354.38,30483.44,27632.03,9517,23837.52,24650.36,53470.7,15693.53,28785,37000.68,9413.276,20186.18,39130.84,8289.182,26664.88,38953.44,15981.21,46868.64,14463.49,18192.46,17687.24,16736.52,20904.96,36598.86,20239.93,36826.38,11612.11,16409.8,33737.43,25195.92,24307.54,49504.42,23307.25
"158",152,"Factor #152",25.929,34,11108.68,32191,30414.32,28536.75,27725.19,25251.57,26765.89,53470.7,15678,27295.59,37000.68,11078,22084,39937.12,11340.55,28247.63,51745.3,22414.46,47573.32,20574.22,20024.16,19651.79,24041.59,20904.96,47541.48,27423.57,35015,12021.68,19283.12,42222.91,23667,30289.01,48299.86,23307.25
"159",146,"Factor #146",25.9315,34,106138.7,312694.8,304656.4,285204.4,283301,254034,267603.9,540209.8,222517.4,283685.5,367803.8,100194.5,234142.4,399906.4,121307,288808.3,524388,233860.2,467648,209939.5,214788.7,195034.8,243011.2,225238.8,482459.9,101342,378858.7,115423.1,187971.4,440915.7,128649.8,55083,504130.5,237631.3
"160",145,"Factor #145",25.9324,34,106138.7,312694.8,305109,285204.4,283301,254034,267603.9,540478,222517.4,150368,367803.8,85442,234142.4,399906.4,116105,147285,524626,233860.2,467648,209939.5,85612,195518,172514,101982,482459.9,283617,378858.7,99871,187971.4,441187,128649.8,104690,504130.5,237631.3
"161",151,"Factor #151",25.9443,34,10032.52,27718.74,26373.49,22719.68,19711.36,5400.89,12038.46,51430.52,17906.26,18606.41,26441.09,4968.212,11663.83,27714.2,7496.773,21115.03,49252.77,14340,39681.96,11790.53,10596.75,10719.47,10207.03,15753.64,30542.08,20239.93,26397.68,5440.989,11662.78,28173.88,15208.35,10109.96,26594.6,20989
"162",162,"Factor #162",25.9531,34,2577,2945.604,3079.626,2527.272,2671,1664.197,2018.675,5256.438,3576.502,3247.14,3202.817,3221.79,2786.075,3125.798,2984.715,3846,5164.595,7696.923,3449.697,1850,1997.852,1992.743,2022.52,6255.997,4109.017,2546.41,2660.222,2038.105,2265,3670.031,3650.361,4372.423,4102.071,5278.712
"163",165,"Factor #165",26.0285,34,7909.265,42409.3,13644,37457.51,17070.22,7638.628,13512.01,135190.2,16690.36,23661,64478.01,10837.82,24308.23,10091,14094.63,50791.1,112854.2,13702.17,10848.23,14490.77,10882.01,6324,15696.88,3944.979,10895.93,6170,11350.16,8303.936,14684.58,62149.22,11946.17,14949.71,11585.13,7255.181
"164",163,"Factor #163",26.0972,34,429.7509,3468.648,3380,2768,2921.033,2828.306,2987.429,7686,2708.827,3340.58,4635.334,306.0269,2783.233,5319,1236.24,3485.691,10988.51,2650.131,4591,2149.802,2332.855,1455.862,1533.137,1892,5135,1935,8133.955,1024.626,1892.842,8716.012,2517.432,1777.051,7704,1764.783
"165",171,"Factor #171",26.1112,34,86.34633,3311.825,564.1847,4363.894,394.1504,923.3152,759.4456,2492.193,2454.538,699.8357,3220.822,466,13977.25,3049.529,5268.916,1511,756.3091,908.3696,725.1068,9994.124,2933.624,9772.627,6234.181,3401.509,1134.515,10429.22,351.4472,4402.02,75.99855,890.8608,14796.01,10016.56,684.8809,2898.149
"166",170,"Factor #170",26.1112,34,511.6707,2525.891,2481.865,3148.961,3089.113,2570.287,2886.901,5613.88,1587.491,2095.424,3707.364,509.1092,4213,4244,6856.338,2353.897,5844.929,1677.862,5116.634,1678.791,1978.349,1676.681,1790.579,2224.554,5280.821,2099.539,4822.96,1280.834,1569.141,5010.165,4448.635,3175.873,5586.946,1971.616
"167",169,"Factor #169",26.1432,34,157.3526,9456,9710,9733,9650,10576,10680,6181,9997,10395,7610,14533,15213,3208.33,6889,10546,7089,11788,5951.152,11970,8296,10099,9726,10379,6648.481,10096,6391,4725,9148,7323.511,17773.15,10904,7121.936,11534
"168",172,"Factor #172",26.1435,34,1857,1677,154.9107,3.826515e-08,3.508706,351.1358,356.0041,1314.291,330.9364,3.929371e-08,867.2516,85.64681,338.323,6.031298e-09,147.5807,135.153,2037.205,238.1435,1475.345,290.3306,305.0756,226.95,270.6078,64.21634,6.688449e-08,132.8331,1083.499,66.69456,235.3915,561.4525,7754,160.8974,1139.924,95.77353
"169",173,"Factor #173",26.1535,34,348.6994,3542.592,2750.248,2963.244,2014.897,3634.11,1505.87,5039.55,501.8968,894.2764,3228.488,5354.293,5725.689,4238.951,2140.381,4041.799,6682.503,1126.494,4464.655,3628.445,2807.228,1135,3045.426,2823.025,4710.458,3536.674,3671.332,640,2030.186,3569.012,4785.957,844.3699,4710.695,557.0308
"170",164,"Factor #164",26.199,34,296.6515,868.3257,1037,1364,1290,494.386,1029.791,2194.233,743,1196,1554,120.3705,805,2335,302.8848,1003,2505,565.1709,1890,384.0554,663,510.9041,528.3863,769.622,2095,667.6594,2087,183.5373,575.3656,2042,1490.395,799.289,2360,674
"171",167,"Factor #167",26.2294,34,103.9798,769.9254,573.7492,832,874,754,644,1980,400.6407,381.9408,998.6291,56.75629,146.9886,1645,147.8027,550.0813,1907,460.635,1563.24,364.4605,351.9746,85.46402,193.1102,326.138,1661.21,229.3978,1762.826,154.5531,176.4377,1460.005,1040.144,311.1638,1886.047,425.3688
"172",174,"Factor #174",26.2346,34,75.81172,453.6511,420.9964,439.9701,528.6402,460.4827,688,1771.865,228.3692,767,775.6254,106.5111,150.1174,1037.937,173.4228,471.9093,1735.034,314.2842,1243.004,166.2035,302.323,111.5736,176.9084,302.0901,1624.955,364.5043,1762.826,145.5577,170.1646,1306.242,1040.144,329.9685,1886.047,278.3425
"173",166,"Factor #166",26.2894,34,53.42551,320.4324,249.3113,238.187,611,252.7508,211.0845,1342,109.5022,31.29144,520.3219,25.47211,55.65953,820.1145,32.28691,109.5333,926.3417,87.24036,1177,98.36991,92.74955,43.85863,56.34915,146.0433,1172,160.9502,1226,39.56848,102.6974,1040,819.3448,141.0579,1377,63.86798
"174",175,"Factor #175",26.3144,34,40.1427,391.8743,367.2704,327.9951,292.8566,361.0137,351.1057,996.4502,73.91197,42.82427,812,54.52905,88.20482,1185,54.74526,52.58532,952.1451,110.4462,955.6599,46.84862,79.16198,60.41896,85.79504,60.09439,967.6123,113.8241,940.9168,60.30483,106.6606,798.1062,109.8154,60.83894,835.4722,50.84742
"175",168,"Factor #168",26.324,34,64.59599,224.1128,203.3546,213.7426,192.2074,153.1827,131.1074,1002,151.1532,140.4566,237.9188,72.4038,81.03669,635.741,107.6154,128.4728,1076,139.7905,595.8652,98.10021,104.7843,89.74551,84.18316,138.4266,845,69.77401,887,75.89336,295.044,601.118,573.123,123.5618,802.5448,164.3388
"176",177,"Factor #177",26.409,34,153.2323,443.3662,849.3755,817.3004,929.4408,542.6864,646.9293,1186,247.0622,840.6334,582.4563,302.3732,730.5441,1058.029,177.0726,697.8603,974,289.9294,742.5185,970.3725,440.4677,758.9703,1090.679,258.5261,1141.127,817.0889,948.8192,264.8831,577.3122,1300.734,346.3805,576.3139,1054.655,235.7922
"177",176,"Factor #176",26.4129,34,215.1807,618.9373,976,888,963,794,912,1241.245,247.0622,1225,1023,316.5319,1160.271,1092,239.0145,1142,1163,345.6406,1184,1120,1180,1022,1126,747.1148,1285,1108,1135,316.7616,1351.647,1605,346.3805,1519,1546,1053.059
"178",178,"Factor #178",26.4782,34,120.422,5578,6296,6482,7285,8419,8573,4075,12506,4460,3697,6859,5856,4361,3264,4723,4912,12626,5248,5434,3668,3198,3611,11061,5272,5011,3500,3492,26851,5642,15997,6477,4913,12973
"179",179,"Factor #179",26.7013,34,71.90979,7637,7392,7000,7341,7001,6809,7070,2342,11491,5637,53.22276,9144,4675,1079,12403,6976,2528,5129,3683,12046,9106,24062,2179,6144,12480,9915,1282.616,8635,6535,770,14019,6936,2402
"180",180,"Factor #180",26.8321,34,64.56551,689,727,651.9307,672,637,720,590.9849,872,509.7196,444.4698,563.6787,273.6606,296.1768,491.493,456.4718,454.7072,909,537.3995,387.9844,323.637,386.9284,306.7649,863,494.3776,467.8283,362.2968,510.8488,296.059,502.0805,526.7965,369.3956,541.0342,1129
"181",183,"Factor #183",26.8834,34,396.1833,800,830.4309,782.9634,818.7331,516.4044,709.9215,531.1878,343.5562,617,545.244,407.9966,692,510.3985,350.4526,491.3031,586.8669,347.0244,401.8038,624.9068,699.8093,451.5432,608.3568,252.9056,236.7013,486.9018,461.2349,270.5855,487.4352,429.4631,477.3255,722.6987,431.1779,423.2022
"182",181,"Factor #181",26.8919,34,739.9189,606.6918,686,1063,941.4952,579.9352,746,836.1521,676.158,680,848.4202,837,448.6976,856,816,622,825,734,587.2871,764,855,614.6509,738,487.9238,257.7817,528.4287,768.496,636,910.2388,701.1924,856,837,769.7689,728.3965
"183",182,"Factor #182",26.8926,34,704,640.3129,818.4559,1008.505,965,579.9352,725.5129,842,676.158,663.2168,889,812.5659,436.7701,820.345,602.8987,491.3031,913.0898,734.2512,625.9057,752.1825,813.9433,615.0509,681.9785,487.9238,342.6033,504.7068,768.496,665.9932,863.0437,701.1924,786.9895,796.1826,809,606
"184",184,"Factor #184",27.0881,34,53.67336,251.2903,294.3002,239.3788,363.8416,508.1528,446.0931,305.6481,138.7736,200.9752,354.3646,73.51114,150.1529,384.1502,125.1225,264.0664,422.8008,201.8803,692.3658,179.0578,243.0913,116.8367,403.0009,118.3325,496.3459,224.1745,696,93.99873,127.6164,662.8181,110.1234,362.8218,666,194.751
"185",185,"Factor #185",27.1388,34,43.8805,4988,4883,4625,4624,4401,4194,7098,3647,2792,6887,1321,3813,7978,350.0091,2812,7030,3544,6540,2152,1925,2225,3594.135,3674,6705,3071,5407,1033,11997,5684,2651,3043,6878,3592
"186",186,"Factor #186",27.1891,34,162.8148,424.5252,300.5772,42.22323,71.68529,714.2692,68.65538,199.6024,578.4826,495.9383,371.0477,44.17752,494.5975,120.2203,38.8583,750.0166,378.0675,242.3353,573.4608,167.0922,72.6622,862,182.0055,1044,744,1468.685,447.7187,171.0805,898,22.16957,88.55284,202.0465,204.2106,61.31843
"187",187,"Factor #187",27.2197,34,82.95691,424.5252,151.176,74.07325,71.03359,904,99.91648,28.80293,688.6745,588.4695,97.33836,42.55988,565.996,84.88652,37.92338,512.4343,30.79255,201.5355,673.4828,134.4927,82.56686,839.5475,66.22276,480.4186,1325.274,1275.131,73.074,310.7615,1015,24.56909,20.90872,62.23878,112.3339,38.82711
"188",189,"Factor #189",27.3351,34,800.6366,14200.45,15000.57,15161.78,14738.97,15038.8,15869.71,42441.62,6529.096,6586.077,44730.14,7201.243,9663.6,43312.17,7529.937,7053.369,46259,7383.824,39286.21,6539.359,6296.511,5622.311,5792.417,6287.354,42873.12,6779.866,39584,10042.61,1600.398,35945.4,8506.752,7543.731,39189.66,7537.591
"189",188,"Factor #188",27.3353,34,848,14298,15138,15281,14900,15085,16010,42657,6572,6658,44947,7244,9715,43536,7562,7105,46259,7401,39440,6565,6365,5686,5859,6313,42955,6850,39584,10069,1598,36137,8534,7642,39380,7570
"190",190,"Factor #190",27.4906,34,735.9128,866.5357,957.4967,2240.159,475.1085,3159.032,1360.346,1265,2788.366,2711.565,588.1735,2547.707,3806.115,803.5682,1343.357,632.9643,965.0918,2714.709,1047,1687.928,3056.141,2607.907,1986.284,717.213,1126.436,1395.056,806.5754,1445.262,1030.493,703.8821,5250.676,3073.111,1211.19,1757.192
"191",191,"Factor #191",27.4929,34,125.9929,557.3994,475.4381,611.9321,615.9958,559.7558,477.1005,334.8345,303.9202,1787,343.2371,357.957,1862,404.9833,284.0477,1754,401.8244,408.7448,418.9621,1709.17,1720.742,1791.377,1786,390.3384,417.4658,2316.919,451.1211,236.4096,283.9813,328.9521,383.1006,2167,389.2163,276.2427
"192",192,"Factor #192",27.5243,34,2116,4080,4574,4822,5209,5708,6345,3890,7709,5376,4038,8649,8006,3963,6658,4464,4533,7412,4824,8820,6002,4362,4438,4914,3294,6427,4984,5654,5098,4371,9208,6225,4718,7625
"193",193,"Factor #193",27.5312,34,1149.894,1772.048,3589.711,3675.508,3654.601,6151.655,5386,3325.059,6263.31,5501.429,3937.291,7016.645,7482.333,3770.576,3834.976,3168.62,2939.782,5765.211,4805.91,8965,3599.017,4298.475,4189.565,3905.203,3108.758,6002.212,4219.099,5324.36,4888.315,4099.413,6824.708,5487,1712.785,6136
"194",194,"Factor #194",27.5862,34,1800.258,1616.936,870,1360,447.0943,2537.343,353.0763,2506.372,6263.31,4768.344,2763.976,4693.251,3353.47,2884.525,3522.749,412.7825,2230.592,5356.371,4084.352,8185.855,846.5143,1244.003,2579.511,2001.366,2262.651,2992.7,3783.024,3362.93,2583.664,3241.27,2686.145,1814.121,2032.91,2204.781
"195",196,"Factor #196",27.6493,34,144.3841,501.5289,819.2281,738.4611,634.1265,389.5687,620.3857,582.6642,338.3793,875,610.5301,396.228,1051.594,288.9312,220.5629,833,398.3413,285.6673,402.6404,477.969,252.3442,522.2629,752.1228,248.4968,576.2316,351.5011,194.1387,198.6572,250.5394,273.1453,652.5666,298.9529,329.5814,287.9998
"196",195,"Factor #195",27.6929,34,60.11215,230.1423,246.3855,193.9966,557.1605,455.4256,600.4336,649.191,49.99564,143.2346,658.1377,61.26069,1011,498.3496,90.88678,24.51116,552.4741,24.28881,596.2046,778,804,786,752.1228,71.28298,568.0323,746.5846,412.4842,124.4081,59.97798,511.5539,214.6187,787.5497,440.4548,61.39905
"197",197,"Factor #197",27.695,34,27.57083,513.2926,483.3323,476.0153,416.4087,418.0304,486.656,1030,184.5257,276.9925,989,187.0883,392.7083,882,73.7015,271.8206,1049,138.4685,1150,311.1032,283.3467,251.2318,317.0195,119.5397,863,323.7357,798.988,99.23799,197.8559,1117,144.0405,363.0833,1111,95.02001
"198",199,"Factor #199",27.8837,34,185.8436,1182.545,1034.385,1567,988,2959.976,1248,1600,2508.012,2512.638,1142.824,1120.957,3137.405,1323.103,4758.069,1989.63,1708.529,2790.857,1477.186,2199.885,2539.344,1924.092,2247.923,2902.81,1606,1434.905,1584.895,5183.997,1394.91,874,1098.311,3362.686,1766.654,1745.022
"199",198,"Factor #198",27.8996,34,222.3466,3035,2513,3079,2894,3202,3244,2321,2524,2932,2116,1071,3591,2388,4892,3168,3091,2850,2130,2379,2970,2674,3270,3052.947,3264,3208,2535,5475,1509.383,3130,1098,3865,3116,3003
"200",200,"Factor #200",27.9047,34,504.9045,1996.006,2466.089,2427.586,2532.472,2891.156,1841.857,1810.301,1669.968,2329.347,1610.548,1105.218,2912,1323.103,2273.444,2402.113,1708.529,2787.884,1829.632,1197.998,2539.344,1730.607,2886.316,2578.787,2227.647,3132.413,2403.855,5475.082,1497,260.7778,1203.434,3362.686,1499.132,1745.022
"201",202,"Factor #202",28.0038,34,1045,1091.069,915.1021,151.7125,743.7567,1780.437,793.9502,815.9094,914.3859,1806.303,385.9623,63.12332,1911.876,151.2838,50.38848,1725.834,762.4674,1684.266,1615.515,275.4799,75.21727,2681.888,288.3825,2080.807,2701.37,2480.659,123.81,976.438,1674,1382.207,31.66828,556.7599,131.291,45.10107
"202",201,"Factor #201",28.0078,34,155.2263,2888.88,2727.008,2692.884,329.5447,1130.815,1262.481,487.5506,4380.561,884.0946,1262.793,4294.61,898.2608,491.8003,2312.322,947.6784,409.9291,2319.766,639.1331,2057,2213,723.8677,749.3404,3152.094,669.2706,634.3306,1139.05,3052.731,111.5404,2370.535,811.3299,1481,1145.62,1832.079
"203",210,"Factor #210",28.0378,34,1065,1609.527,792.4552,1189.527,501.8437,1794.031,470.3766,522.9251,1403.159,1958.374,529.7852,1242.138,2453.433,468.5991,932.6865,1422,603.2502,1650.336,1400.832,251.1038,190.3132,2453,300.584,2361.806,2788.781,2755.312,531.7184,1439.951,2066.107,717.93,1270.572,417.9508,359.248,462.7691
"204",211,"Factor #211",28.0419,34,451.646,11816,12558,12627,14021,16589,15819,16930,343.4566,8051,13686.62,463.9555,16622,14450,351.5872,8754,18380,498.4478,22788,4766.267,3413,5119.234,5392,334.5199,18268,6403,14634,374.6426,238.4756,26189,781.4658,9664,21920,633.8087
"205",206,"Factor #206",28.0525,34,551.5773,5740.477,5725.185,5457.602,4735.915,3792.576,4309.033,1411.177,6108,5733.321,2517.819,6135,1978.81,1308.982,3740,4961.944,513.6152,5617,409.8411,624.4134,412.4141,444.2643,5693.919,6309,165.9846,443.6091,460.1567,5562.976,4217.097,410.0807,7970.165,1988.469,614.1794,5519
"206",212,"Factor #212",28.0532,34,1893.528,11795.91,12764.49,12221.41,13295.66,15517.09,14608.3,16156.79,2073.086,7953.283,11228,1659.525,16082.57,13502.73,1222.934,8669.608,17125.45,1383.053,22186.1,4408,3029.957,4706,4582.16,1318.807,17505.63,6074.263,12827.12,1959.432,1404.882,24843.23,1462.069,9679.706,18457.47,1883.717
"207",213,"Factor #213",28.0646,34,6951,3873.796,3986.345,3152.495,3756.196,4036.272,3714.934,5098.58,2784.153,3477.012,4423.219,2299.498,4326.135,3990.03,2305.565,3177.453,5099.408,2637.282,5355.462,2409.685,2305.082,2467.747,2851.975,1537.289,4659.161,2734.746,4534.777,2980.48,2509.387,7701.911,1825,3789.746,5175.778,2413
"208",209,"Factor #209",28.0663,34,6218.487,6987.832,8202.344,7149.324,5548.299,5637,6122.81,8354.106,3698.517,9872.405,9763.522,2268.407,5675.168,5962.458,2844,7207.372,6919.152,3793.148,6292.228,4698.761,6880.441,3893.221,8009.375,2010,5386.272,4968.119,5256.984,5180,3176.815,7689.577,3456.232,6526.678,6919.831,3583.313
"209",204,"Factor #204",28.0907,34,1323.08,7367,7559,7358,7558.712,7051,7217,11653,2238,11079,14285,1949,11853.33,11816,2105.293,11226,11958,2961.353,11156,8980.993,13637,7694,9969,2108.47,10582,10468,8514,3783.139,2565.299,9850,2797.944,11957,11194,3059.986
"210",205,"Factor #205",28.0907,34,1054.444,7785.893,8115.258,8005.576,7058,7323.555,7199.587,12349.69,3007.993,12036.04,15223.8,2703.351,11009,11674.91,2509.454,12114.53,12777.44,4499.838,11785.6,8980.993,14675.1,8283.013,10940.15,1802.264,11486.01,11368.67,8500.977,6394.039,3987.736,10307.32,6771.409,12931.58,11997.84,5347.397
"211",207,"Factor #207",28.0981,34,110.0872,5036.36,5070.215,4823.714,3326.193,2688.705,4165,3028.657,5110.182,4663.017,3302.768,3183.775,4731,3741,3610.012,3425.72,2796.866,5100.172,2987.658,3236.675,2134.601,3532.895,3854,108.8136,2125.732,2305.987,1786.985,2769.638,1594.736,2523.191,1851.027,2803.116,2741.724,3030.267
"212",203,"Factor #203",28.1429,34,177.1833,8.260308e-06,359.7529,317.8937,5042.093,4472,4243,3660,477.6843,114.7502,3569,962.1554,7142,3494.155,472.6314,5408.043,3637,113.3076,3384,3355,3357,4016,6190,537.3964,3699,4694,3030,7198,465.2536,3044,7960,5458,2758.288,148.2433
"213",208,"Factor #208",28.1491,34,156.8182,723.1378,1043.221,950.6212,566.2391,2089.779,3446.172,2733.068,689.9063,478.494,1627.797,453.2451,5474.011,1819.844,534.6451,2779.41,3316.119,503.0092,2628.018,3236.675,1211.762,3842.521,4157.614,181.2911,1175.112,1950.694,2653.941,1511.908,1131.136,2810.587,1121,5088.684,2431.86,746
"214",215,"Factor #215",28.1687,34,67.69121,435.8366,289.4778,532,566.2391,1784.826,1047.002,1379.596,404.2322,474.926,2213.761,1097.164,6488.853,2519.096,372.8997,2067.913,3316.119,602,3176.263,3236.675,3476.196,3842.521,1688.323,290.8672,3482.08,4451.922,2805.275,2591.256,340.8,2441.982,592.3927,5412.728,2426.923,838.7514
"215",214,"Factor #214",28.2465,34,42.59633,932,1020.785,1056,940.7564,540.3755,530.0808,36.84088,1615,736.219,131.4951,1584.302,17.3471,48.02436,1001,750.3982,68.23863,2000,34.05489,8.35784,75.92741,13.53613,366.9856,92.34712,28.39943,62.93343,109.5604,361.9627,1377.237,80.43315,2340,18.21682,14.97122,1772
"216",218,"Factor #218",28.2732,34,1158.979,1184.969,1331.651,21.54254,31.4989,4032.247,19.01019,17.61635,1458.533,2058.08,50.58162,17.88923,2687.235,36.51805,11.35318,3167.145,69.11833,2693.243,1207,1.09422e-06,78.92852,1506.097,18.10166,3159.113,1563,3409.662,30.68272,2263.097,2052.688,49.35633,26.85236,38.13404,42.62649,9.198739
"217",219,"Factor #219",28.2734,34,1099.47,1109,1331.651,32.13149,27.66549,4068.948,31.71579,25.32414,1599.355,2058.08,67.64662,25.29043,2493.891,41.32164,17.31765,3246.431,17.05456,2693.243,1730.488,6.508899,88.7434,1446,40.87327,2667.211,1918,3514.459,37.06014,2263.097,1693.645,37.21782,67.5888,46.07133,40.7779,77.64483
"218",216,"Factor #216",28.2778,34,1158.979,1266.274,1323.125,35.2553,30.96181,3881,36.03001,24.99521,1522,2058.08,68.5942,26.99357,2664,46.56891,11.48546,3246.431,47.57257,2351.839,1703.225,2.199252e-05,30.64531,1506.097,44.68571,2160,1941.706,3484,45.80753,2149,2249.37,42.00654,80.86481,28.30352,46.17897,81.24335
"219",217,"Factor #217",28.2929,34,1121.865,1329.258,1331.651,120.6003,259.2932,4001.071,122.3272,68.97687,1551.481,2025,193.1437,81.47872,2687.235,25.36428,38.98986,2384,52.42035,2663.705,1612.006,38.16708,31.47093,1517.879,148.6304,3065.106,2079.6,3571.584,4.633683e-07,2263.097,1685.946,30.72583,214.7951,246.3133,45.14311,95.71877
"220",221,"Factor #221",28.3538,34,658.6418,2580.389,1671.721,2327.154,299.0871,2053.718,3002.633,3102.165,1854.211,1622,2489.167,710.7105,1727.707,2510.554,741.8946,1600.812,3656.524,2257.635,2644.351,1310.396,956.9403,2127.18,490.8811,2446,2021,1895.875,2153.108,1845.883,3473.677,3133.754,867.8616,1750.87,1176.713,2282.428
"221",220,"Factor #220",28.364,34,483.6544,3282,3215,3384,3413,3299,3607,3741,2334,2206,2884,818,2201,4357,952,1796,3974,2558,3772,1751,1934,2238,1710,2307.221,3804,2075,3265,2162,6092,3165,1744,2256,4088,2800
"222",222,"Factor #222",28.4044,34,346.0935,917.4558,1194.938,1240.595,1058.055,645.1002,1050.584,2152.825,1014.188,760.3733,1157.121,710.7105,715.8015,1116,537.5746,806.1252,1015.638,1981.744,957.1044,929.5885,692.9434,692.2506,634.1934,1806,1230.134,943.6067,620.2875,947,1339.73,750.9401,706.3504,945.7601,934.2924,1504
"223",223,"Factor #223",28.424,34,868,463.2675,609.1588,490.6956,685.7373,581.6423,606.3178,490.6861,366.2673,388.6083,260.0026,620,266.1705,311.0268,765.858,548.0271,450.7908,3580,291.6257,340.5049,380.9161,320.3182,287.5767,1849.532,506.6583,721.4137,350.4871,545.4485,503.734,725,468.099,1081.821,601,2279.452
"224",234,"Factor #234",28.5237,34,1060.337,729.9867,690,778,604.7092,822,841.2823,539.557,574.7574,1278,521.4625,500.5671,307.5782,523.0224,743.0718,1115,597,580.1004,650.3708,503.5362,432.716,3300,1701.089,426.7585,727.482,1727.814,476.0866,858.6573,429.2677,1254,702.5521,1477.364,820.8326,800.9675
"225",233,"Factor #233",28.531,34,255.1306,82.63948,222.2747,436.4473,434.2811,293.6056,912.282,253.1787,582.5289,176.7319,616.1479,1095.829,174.495,804.3917,573.3619,240.7532,352.8902,788.1636,128.3266,972.3325,71.4462,1124.891,1026.605,764.7789,182.0317,2044.356,477.1984,1515.295,109.2837,116.7595,1289,464.2238,869.8309,1806
"226",226,"Factor #226",28.5332,34,427.6452,202.2357,320.3265,503.3994,492.2611,225.4693,1045,294.419,659.6914,396.0065,644,1072,173.3044,807.2353,795.775,437.3555,367.1616,962.3993,181.9542,1147,163.1169,1404.261,1101.912,719,251.2452,2321.212,476.0866,1340,133.5743,398.6101,1860,630.0026,949,1806
"227",227,"Factor #227",28.6321,34,303.2596,72.08084,473.4979,757.2142,786,249.6618,872.693,400.3109,1368.077,64.40799,912.2499,1485,186.1602,1084.55,953.9099,58.40285,515.8862,1190,179.7836,1334.077,26.19266,1307.882,998.8623,1285,242.6643,2556.554,730.8188,2209.977,110.1227,1.223291e-07,2195.018,366.419,1131,2395
"228",235,"Factor #235",28.6807,34,1733,2149,2339.318,41.69515,55.94032,5787,44.60038,8.169554e-08,2377.2,1449,56.04194,97.90411,5242.686,46.60312,48.73996,4167,39.81258,3431,2162.278,82.19885,37.39987,5901.618,49.76463,3928.906,5417,5384,57.84331,3772.527,840.0803,42.99933,117.4539,67.20923,65.45497,98.47243
"229",241,"Factor #241",28.681,34,1861,2843.589,2748.39,58.00988,69.49784,5787,117.9365,24.03503,2377.2,2459.289,51.15235,202.9379,5016.646,88.07765,35.37454,3780,158.5001,4538.381,2268.024,94.8515,33.87632,5165.092,58.00166,3907.604,7139.317,7244.286,71.88328,3701.991,787.4172,113.7419,262.3783,327.7722,193.8269,700.272
"230",239,"Factor #239",28.6851,34,2260.796,2302,3170.66,60.87254,62.98563,5787,47.59416,31.93961,2607.505,1570,58.0234,108.74,5359.819,53.01458,54.96924,4538.624,34.66586,5219.798,1312,86.85504,26.70638,5572,48.79868,3274.382,7324.836,7244.286,59.84143,3772.527,1080.682,27.5441,129.7033,65.36508,65.93826,103.1019
"231",236,"Factor #236",28.6876,34,2126.186,3011.177,3081.636,50.21928,59.61642,6645.971,59.339,70.93839,2403.677,2319.844,65.87102,122.0504,5359.819,67.38646,60.09327,4167,78.21387,4535.151,2162.278,96.36308,38.59282,5592.551,53.19703,3668.354,5576,7151.053,67.53846,3772.527,1080.682,61.97035,153.8862,104.2447,93.52685,204.4384
"232",238,"Factor #238",28.6951,34,2314.98,2988.663,2920.921,383.295,342.4293,6968.956,314.6384,207.5233,2586.568,2319.844,381.4567,717.0862,5628.044,418.9594,495.0638,4538.624,276.6785,3352,2162.278,787.4994,28.90639,5901.618,385.9903,3346.616,7312.028,5384,324.0512,3489.694,779.0041,24.34466,892.0843,137.0642,597.4914,840.67
"233",228,"Factor #228",28.7016,34,409.7511,67.40507,601.3615,970,1015.019,105.9436,741.3663,578.3714,1666.06,108.3243,1190.321,2090.774,182.6926,1256,1369.617,117.4999,675.1717,1693.337,102.5936,2065,35.80595,1397.528,1261.712,1372.271,267.8041,2448.239,813.8626,2393.334,140.9401,41.81161,2433,366.419,1532.091,2377.882
"234",243,"Factor #243",28.7125,34,524.1142,1045.729,591.6361,492.419,468.5198,552.721,485.3432,899.4286,1370.067,842.9666,162.5004,1468.017,751.2125,480.3251,1387.198,899.0121,1223.366,3839,699.0471,459.1242,754,269.5624,234.927,2955,794.7,793.5243,134.9432,822.962,850.0658,656.3424,1231.431,1485.108,805.6482,3169.913
"235",244,"Factor #244",28.7125,34,626.7738,1034.041,864.9226,921.3067,732.0837,552.537,741.3663,578.3714,1545.313,713.3878,1091.75,2066.391,872.6214,1091,1359.478,869.4174,1232,3531.898,700.584,1901.123,583.6633,1410.621,1235.946,2223.188,873.4532,2382.181,782.1328,2344.537,1048.857,578.0613,2136.902,1420.936,1518.151,2988.553
"236",231,"Factor #231",28.7174,34,490.8807,84.36457,647.0093,1140.218,1015.019,284.92,670.5519,655.0649,1895.891,137.8686,962,2090.774,293.2094,1072.941,1311.666,176.4576,635.8904,1955.321,144.2931,2156.033,25.82695,1505.116,954.358,1453.598,345.5142,2541.209,786.6739,2544.393,166.9949,52.54626,2382,380.9288,1492.567,2086
"237",225,"Factor #225",28.7315,34,562.7405,59.03131,777.8448,1268.32,1082,181.7564,716.7596,621.219,2223.297,112.7318,1155,2098.238,187.8392,1121.995,1362,135.0599,675.1717,2399.472,164.6312,2345.671,22.35945,1517.885,1219,1461.328,219.7877,2637.819,867,2968.469,259.4842,72.24545,2290,392.6438,1492.567,2086
"238",237,"Factor #237",28.7407,34,2099,2868.779,2591,154.5931,111.4809,6160.529,96.43447,135.4928,2334.333,1444,131.5836,244.937,4985,138.3767,179.3355,3667.076,157.77,4318.876,1885.028,215.3065,261.6087,6148,207.6348,4253,7150.034,6738.437,149.5518,3690,767.8508,74.24229,293.9249,179.2936,196.4124,425.1478
"239",232,"Factor #232",28.7716,34,728.9236,126.0488,828.8793,1277.108,1321.818,171.0637,585.9352,815.1663,1909.508,94.11085,1234,2198.82,222.7863,1510.895,1652,183.1,822.4104,2642.021,136.3584,2424.536,59.55996,1505.851,1261.712,1292.364,291.91,2509.596,1038.033,2739.692,82.06652,94.30534,2465,366.5741,1532.091,2073.16
"240",240,"Factor #240",28.7841,34,2703.957,2736.307,2605.249,1140.948,975.4116,6152.845,497.6727,768.6455,1977,1589.899,1092.04,1664.62,6750.495,1199.594,1215.527,4269.438,652.5271,3327,1431.258,1948.234,482.9915,5417.785,984.7491,4672.879,6549.622,4121,835.0494,3547,753.6494,41.35132,1757,446.5696,1204.211,1582.01
"241",229,"Factor #229",28.8085,34,819.7633,108.7552,988.5682,1425.376,1430.798,300.3792,668.2433,934.4152,2507.853,315.0823,1462.204,2351,375.3437,1540,1605,302.2439,1030.878,2587.026,217.3591,2424.536,334.0178,1651.028,1202.951,1375.709,369.6929,2749.299,1038.033,2729,208.2228,49.38727,2434,417.8229,1614.978,1997.676
"242",242,"Factor #242",28.8268,34,2209.591,2650.807,2832.628,788.0692,960.1985,4751.478,2320.01,673.2844,1953.442,1580.726,688.7577,167.0491,5765,889.0391,196.3925,3633,634.6398,4723.195,1455.826,664.2341,1605.192,6414.241,2530.078,3425.947,6740.222,6204.575,1973.314,4387.181,283.7541,1374.613,146.7147,2907.952,2289.123,229.3568
"243",224,"Factor #224",28.8326,34,839.105,1290.01,993.5134,2176.637,1715,1934.418,658.2408,1060.099,2519,1953.208,2092,2235,363.4227,1551,1605,285.192,979,2587.026,1380.605,2447.415,2587.338,1647.646,1202.951,1368.02,805.7713,2739.072,1118,2647.391,2227.208,2336.224,2248,3801.386,1601,2049.434
"244",230,"Factor #230",28.8419,34,925.4902,753.1169,908.4313,1551,1441.427,1039.587,608.3203,957,2540.877,1306.334,1526,2358,312.6082,1551,1652,695.1657,1048.758,2712.03,646.7443,2447.415,1379.182,1537.198,3251.404,1269.479,1164.032,2533.705,1684.395,2696.088,882.0105,1189.446,2116.244,1026.401,1539.842,2026.32
"245",245,"Factor #245",28.864,34,796.8359,13201.18,6925.563,2777,10880,11752.44,10790.5,15011.78,2525.153,18793.08,1946.869,2310.385,4226.894,11563.02,1559.801,16285.41,10424.62,2480.649,11962.86,2390,18832.78,3393.145,36943.96,1027.18,7269.949,3299.818,23053.16,2479.386,15084.5,15314.19,1904.373,19645.68,1720.978,2258.994
"246",246,"Factor #246",28.8793,34,85.64233,4498.163,4299.345,4185.315,4378.545,3958.857,4068.91,5323.456,1453.526,3164,3107.177,187.6405,3546.89,4143.997,369.9567,5935.464,4746.599,1325.685,4096.123,2235.544,7383,2605.404,11936.52,1240.298,4611.138,5950.664,7277.207,688.8951,4328.756,4931.007,238.8446,2950,4915.083,1368.488
"247",248,"Factor #248",28.8862,34,113.4602,6599.963,4660.597,5382.486,6081.574,6612.638,6790.769,6704.211,1905.767,6442.288,4076.105,8.439028e-06,5678.479,5564.067,1027.135,7171.671,6391.859,1799.859,3995.331,2879.204,9134.482,5582.343,21104,3787,5808.078,8212.509,9300.829,1011.638,6071.173,6367.587,497.3017,10360.85,6554.331,1983.875
"248",249,"Factor #249",28.8912,34,260.1621,7107.364,7027.866,6896.597,6986.439,6418.851,6562.533,8757.525,2437.496,9631,5117.303,87.68051,6815.101,6682.102,1355.037,10049.47,8178.728,2190.316,6586.449,3225.351,10218,6938.359,20793,2419.872,6950.892,10021.92,11659.3,1964.45,7918.818,7999.651,884.242,11602.71,8206.286,2596.465
"249",247,"Factor #247",28.8913,34,449.6527,35093,34353,33731,35138,30599,31990.17,42071,11555,46814,25008,238.1991,34366,32951,6174,48238,40192,11053,32860,16520,48150,36533,99118,11468,36765,48409,57653,7239,37718,38913,2920,55875,41005,12254
"250",257,"Factor #257",29.0307,34,945,74.93711,679.9869,942.8104,873.4159,245.4261,390.9892,797.4121,1719,440.8737,751.4945,1092.949,365.7678,717.7337,717.1691,435.1341,634.6035,1780,268.9004,1237.707,4.413379,616.4875,479.6079,581.4115,275.5701,735.1696,426.9542,1202,95.8334,79.22389,1032.446,531.0279,814.8209,596.3414
"251",252,"Factor #252",29.0513,34,919,539.7624,578.7683,933.5662,908.7886,1553.87,929.4677,1709.522,1548.319,3157.478,919.0311,1084,1467.277,766.106,968,2936.879,2271.75,1551,2097.186,1589.918,2364.764,1360.94,554.1013,727.2799,1730.206,1484.082,1168.599,1181,290.9169,180.9734,929,1475.839,2519.737,631.6886
"252",254,"Factor #254",29.0521,34,819.8699,687.7117,1215.221,2585.871,1870.22,1146.893,1305.727,1904.024,1375.682,2603.775,1667.901,968.492,3526.028,1579.668,1257.298,2012.984,2641.427,1256.588,500.6702,2308,2939.347,2337.963,855.0914,948.2119,1484.541,2291,1494.899,1032.721,443.5263,675.0729,917,4449.42,2750.546,1026.857
"253",253,"Factor #253",29.0684,34,687.378,835.5721,1929.491,2848,2643,2160.753,4491,2372.459,1110.584,3622.01,1605.884,952.9126,2148.497,2392.602,1027.147,3278.388,2665.277,1008.515,3205.534,3766.966,375.3727,3692,3679.86,2149.728,2347.839,2209.942,1047.825,872.8834,382.8372,1653.127,843.2274,4306.598,2282.187,879
"254",250,"Factor #250",29.0701,34,754.1286,2471,2590,2601.103,2476.071,3226,2882.29,3124,1198.379,3881,1605.884,968.492,3487,3341.94,1208.987,3762,3101,1103.984,3548,4419,3167,3784.579,3809.573,1114.155,2786,3623,2032,949.2322,623.7392,2824,894.7703,4451,2832.423,942.4821
"255",256,"Factor #256",29.0753,34,52.86733,251.9301,388.314,1037.388,1741.429,1189.383,4083,98.99919,119.7178,572.6619,1849.215,382.9693,573.5685,1560.901,193.1285,775.5121,72.36506,148.7174,634.4616,714.7156,437.5046,2331.154,2453.557,2346.175,710.9106,574.3063,579.9074,229.5252,2123,147.8371,485.4678,1897.642,3058.885,219.4618
"256",251,"Factor #251",29.1106,34,239.1277,386.4487,265.2211,3055,3296,2348.244,3.636421e-08,303.1513,393.1001,129.0641,2973,699.9527,1256.002,2353,864.3375,703.9615,248.008,206.6707,725.9671,509.4273,2273.097,3459.143,3778,4294,751.5832,2048.864,1649,719.4809,2123,134.6705,855.9347,2901.118,3042,415.7369
"257",255,"Factor #255",29.1304,34,154.0345,97.80863,1770,1272.341,1978.903,1122.119,1348.529,239.723,234.3711,65.21199,1819.135,414.1896,384.6977,1984.099,109.8237,588.4864,175.7393,254.2091,485.9438,365.5695,43.52855,2224.753,2808.659,4054,692.6479,252.1553,961.602,230.3922,2035,142.2829,469.4669,1198.212,2917.835,609
"258",261,"Factor #261",29.1644,34,666.7507,138.4607,507.445,518.0768,504.7083,768.8271,112.2497,610.5569,1105,2030.239,448.8806,678.8364,120.6483,528.3228,474.7029,169.2983,1948.03,1735.607,1094.72,751,578.2587,291.5598,163.0145,283.9949,141.3937,858.0339,312.83,764.5163,165.2126,432.3806,555.6838,371.844,410.0694,354.681
"259",262,"Factor #262",29.2134,34,69.49546,1318.577,145.6682,1293.424,2184.202,2498.287,2157.419,6521,1186.586,967.2485,8345,1986.864,969.0091,5800,573.5119,1159.433,7860,1309.712,6034,826.7452,696.368,1281.885,1612.446,920.5572,7691,886.395,5170,670.7249,1084.65,6014.438,2616.844,1659.637,8356,476.6023
"260",263,"Factor #263",29.2162,34,397.2932,3219,3167,3027.294,3359.971,2963.749,3600,2846.642,2650,2571,3928.803,4285,3609.377,2040.126,1711,3357.678,2762,3411,3017.36,3012,2253,3032.1,3855.794,2932.564,3003,3297,2729.322,1783,2473.289,2920,5658,3786,3428.182,3313
"261",260,"Factor #260",29.2193,34,84.43218,158.1263,1905,3723,4842.516,654.4929,1134.392,360.1271,407.7441,479.345,3394.623,1365,887.0344,2069.042,336.3595,2124.439,947.4111,532.0076,1236.89,532.1439,63.03621,4320.954,5292,5218,1661.103,303.8734,2921,482.9489,459.8244,804.4078,1049.38,981.0685,3357,519.1857
"262",259,"Factor #259",29.2525,34,1422,1835.532,461.1054,2994.203,6211,688.502,1796.78,690.2529,1658.011,1092.014,3421.264,2713.443,1218.927,2616.164,1109.46,2824.331,1323.97,1903.44,2113.619,1687.917,1260.014,6420.282,5384,3538.367,1924.268,1864.991,1508.14,318.6577,2509,1026.765,3554.025,1872.191,7090.623,2109.127
"263",258,"Factor #258",29.3337,34,586.2078,2523.434,3866.343,6136,7155,6725.562,6972.853,3788.479,811.6615,9114.752,8168.311,2467.843,6960.651,5920.318,533.8882,9210.893,4928.468,1019.432,4182.017,3253.283,8923.918,13187.26,22593.61,5285.355,6351.263,10424.49,7294.76,1205.63,1920.17,5542.434,1119.815,15340.42,12666.85,1092.308
"264",264,"Factor #264",29.3635,34,3268,7370.356,11882,16338,16525,6823.834,6853.876,7822.527,1514.629,16166.91,11438,1262,11443.16,8262,1055.201,19745.93,8807,1424.015,6471.256,5748.475,16726.74,16930,33067.12,7260,7070.378,14947.49,9667.957,1179.479,4448,7002.811,1114.95,18591.4,12861,1741.765
"265",266,"Factor #266",29.3643,34,3268,7283.68,11882,14366.05,14860.81,6750.762,7556,7768.325,1461.681,16013.91,10282,1262,11330.8,7525.157,1042.589,19597.47,8190.032,1188.656,6433.579,5690.207,16554.74,15381.56,32791.03,7152,7011.249,14791.54,9596.309,1191.677,2450.017,6943.886,1105.762,18394.01,12843.21,878.7292
"266",268,"Factor #268",29.3665,34,593.1621,22051.24,21873.63,22172.04,22218.15,19836,19019.76,16920.13,2795.5,43152,14613,264.3122,31768,10546.35,3051,44154,16612.83,5951.466,12745,16523,48608,31391,86470,7416.599,14966,43292,20896,4624.393,5313,16856,3061,51610,16607.39,2516
"267",267,"Factor #267",29.3676,34,887.5509,12990.44,13235.18,13559.35,14100.93,12365.08,11769.36,9622.409,1596.622,25982.56,8481.489,167.5929,15630.85,5505.592,1922.27,24713.53,10095.75,5509,7398.785,10355.11,30073.06,21397.34,52962.18,7069,9006.145,26076.9,13440.87,4790,2438.06,8115.411,1975.546,28189.25,8090.85,1852.151
"268",265,"Factor #265",29.3678,34,1227.743,8687.721,10705.13,15330.88,15628.01,7567.432,8218.256,8723.136,1409.909,19053.47,10652.67,530.2822,11659.94,7637.715,1242.739,22384,8821.963,5065.374,6757.028,7098.89,19744.75,20178,37492.88,7152,7880.307,17694.59,10906.5,4722.792,2649.898,8014.727,1292.564,21238.93,13479.59,1537.681
"269",269,"Factor #269",29.4549,34,563.3701,1246.514,1019.37,1556.449,2.317908e-08,4064.466,17.00729,29.75869,34.97701,2253.838,7.832282,35.43535,2195,0.08397777,157.7975,7533.53,11.11113,5652,6.060508e-08,59.94319,22.83587,5311.966,3.747895e-07,7479.917,6.236862e-10,203.7539,26.45848,5147,71.96452,7.773653e-09,18.79472,4.558757e-07,1.985471e-08,10.70192
"270",270,"Factor #270",29.5375,34,3930,296.1985,4512,9591,10421,165.8895,83.60083,2620,592.167,2595,5838,688,390.9288,2018.682,170.4645,4683.31,2261.707,625.6981,801.8302,123.3442,429.8578,3710.337,4800,4504,319.6127,408.2053,1747,561.0926,1733,1309,114.1234,667.9,5996,90.1592
"271",271,"Factor #271",29.5529,34,3892,269.8726,2413.031,6723.091,9052.765,82.84583,2.820728,2269.859,529.7612,1688.577,4075.767,256.0093,291.0049,2742.467,11.08244,4826.744,2261.707,716.529,676.8316,60.66783,352.4478,3691.812,3748.14,4117,309.3262,285.4417,1176.209,165.2318,359.9475,1285.589,50.29218,573.1545,5772.81,3.401881
"272",274,"Factor #274",29.5562,34,3930,345.2236,2090.241,6564.896,7719.531,113.4569,116.9805,2307,262.9752,2595,5361,630,391.7116,1994.532,117.6393,4572.354,1846.254,489.0742,710.492,107.5119,405.4168,3703.409,3836.337,2578.547,334.9266,458.8928,1168.72,474.1338,503.1403,1285.589,64.16478,720.5899,4772.72,105.762
"273",273,"Factor #273",29.5715,34,1256.609,825.0886,1954.48,8617,7614.306,853.4259,705.7693,1968.284,440.5294,2100.416,5073,231.0542,1411.403,1670.648,165.1865,4698.996,1608.992,1964.121,757.6359,355.8735,1220.088,4731,4998.197,2693.293,537.9213,1249.646,1454.866,1646.163,1451.226,1389,144.0189,1751.917,4423,390.249
"274",272,"Factor #272",29.5731,34,365.185,1623,1870.107,2711.218,2693.393,1217,1303,1899.805,662.5834,2294.666,1646.705,148.4414,2301,995.3026,210.9358,4839.448,1521.012,3110.969,757.6359,554.842,2006.236,3444.44,6334,2082.549,908.9172,2154.403,1807.089,2498.034,2730,1095.137,320.2574,3107,1746.523,631.7232
"275",276,"Factor #276",29.704,34,1158.74,1074.028,1148.05,1068.121,979.0598,1146.853,1304.916,1257.135,557.0929,1896.398,576.9604,227.9393,280.7607,504.9158,1215.882,1949.978,1417.905,902.0042,723.8416,249.9919,373.8153,5140.775,2886.145,425.6815,1230.723,1833,829.6986,2009.087,673.7248,3959.317,571.8902,2668,1359.519,796.94
"276",277,"Factor #277",29.7044,34,1781,645.5612,737.7765,2289.639,2827.463,612.6217,815.8267,802.969,330.6829,1185.818,1141,124.1515,164.1187,270.5569,771.4596,1137.749,899.7482,468.8271,470.7556,119.9543,213.1068,3352.965,1816.226,989,654.0052,1149.952,541.8336,1018.686,406.9621,2631.936,367.2263,1526.578,1027.078,510.0391
"277",275,"Factor #275",29.705,34,1154.776,1204,1140.305,1377.831,1254.53,1220,1305,1257.135,542.742,2068,572.6087,245.9046,292.0995,504.9158,1216,2174,1418,871.806,768,267.032,341.5384,5215,2882.11,467.8008,1311,1846.861,830,1970.247,709.4851,3920.025,540.2972,2423.694,1360,767
"278",278,"Factor #278",29.8188,34,126.7575,7516,8629,8709,9118,9532,9362,1845,14945,6877,4559,21413,10211,630.8781,19342,6814,2257,15991,1537,5569,2845,4755,5206,17099,2179,8535,1846,7404,13517,2210,18242,8417,2133,15860
"279",280,"Factor #280",29.8828,34,711.8222,2245.953,2899,3141.105,3234,2985,2517.675,1348.986,2933.334,2700,2233.382,3158.173,2607.886,1344.68,2974.631,1935.668,1388.797,3069.714,1459.907,1636.61,1624.309,1450.138,1821.133,2752.429,1191.776,1911.438,1094.287,3059.031,2666.91,987.511,2951.988,1794.522,1501.855,3091.483
"280",279,"Factor #279",29.9072,34,742.2556,2015,2073,3624,2396,2011.832,2399,1329.736,2069,1967,2017,2051,2384,1498,2129,2422,1493,2467.366,1518,1837,1826,1929,2060,2310,1489,1867,1368,3797,2108,1317,2122,2076,1579,2373
"281",284,"Factor #284",29.9118,34,778.2704,1790.246,1996.354,2364.019,2396,1352.234,2437,1299.886,2030.323,1931.95,1794.64,1873.206,2089.721,1388.516,2974.631,2024.784,1465.841,2363.092,1459.907,1721.04,1767.844,1386.048,1993.944,2215.628,1271.354,1803.78,1269.795,3817.052,2141.868,912.43,2565.485,1962.53,1258.71,2332.058
"282",282,"Factor #282",29.9137,34,742.2556,1766.237,1974.374,2110.788,2100.4,2327,2413,1307.137,2041.249,1931.95,1692.555,1873.206,2175.084,1388.516,2006.39,2201.016,1574,2444,1441.665,1718.279,1767.844,1733.497,2017.518,2272.05,1367.777,1762.725,1307.218,3855.79,1551.428,1213.706,1760.77,1943.152,1312.453,2215.621
"283",283,"Factor #283",29.9291,34,688.9643,1141.101,1025.542,2419,1897.288,1180,1959.719,877.7409,1177.577,770.9089,1418.937,1130.715,1908.743,707.9678,1368.35,1993.916,981.7055,1470.635,1048.03,1373.12,1439.473,1580.933,1455.505,1831.678,907.4709,1173.86,853,2880.864,830.9026,896.1376,1446.139,1659.564,934.3741,1715.122
"284",281,"Factor #281",29.9306,34,711.8222,1154.167,1525,2608,2013.866,1352.234,1269.479,1360,1817.524,1298.878,1591.761,1872.935,1615,1256.651,1540.699,2024.784,1498.733,1892.576,1009.747,1656.057,1550,1892,837,2215.628,827,1071,1148.708,3510.58,962.7481,1021.872,1721.746,1696.377,1039.596,1940.931
"285",285,"Factor #285",30.3047,34,98.06393,640,641,710,618,795,684,445.4757,974,191.6691,271.7498,1136,229.4397,380.8433,390.2382,304.3842,394.6752,1040,400.769,672,155.7476,171.3708,172.1474,830,352.4984,368.022,321.2264,347.5928,1834,448.5898,1551,294.0257,354.7227,1062
"286",286,"Factor #286",30.3188,34,77.57004,286.7547,353.0994,405.3344,503.3994,532.8312,312.9169,352.6128,568.6922,149.6853,173.4885,906.1966,196.9356,338.4232,388.0596,170.6517,348.5607,969.9008,386.5113,656.8751,133.2665,153.6423,172.1474,545.7963,346.2485,335.7508,309.5125,305.5565,1248.77,434.3533,850,270.2831,286.0728,499
"287",288,"Factor #288",30.6431,34,141.2145,31680.6,30048.88,29780.29,29140,27620,27583.09,33568,9410,44790.53,32277,394.5605,32764,20321,5994,46545,32573.72,8919.993,23976.54,19832.14,41996,25995.64,99611,9762.874,29716,46188,46081,4265,23750,30561,8268.642,54379,32221,9010.235
"288",289,"Factor #289",30.6438,34,135.1976,31680.6,30048.88,29780,28716.85,27620.21,27583.09,33568,9409.564,44790.53,32277.35,444.4123,32742.38,20321.23,5938.493,46516.21,32699.29,8744.353,23707.72,19832.14,41371.64,26238.39,99329.79,9762.874,29740.2,46187.51,46080.86,4191.722,23971.25,30449.25,8268.642,53643.75,31824.94,9010.235
"289",287,"Factor #287",30.6444,34,175.5253,31680.6,30048.88,29780.29,28770.26,27620.21,27583,33246.63,9409.564,44790.53,32277.35,444.4123,32742.38,20321.23,5938.493,46516.21,32699.29,8920,24025,19832.14,41415.8,26238.39,99329.79,9762.874,29645.59,46187.51,46080.86,4191.722,24113.03,30449.25,8300.526,54202.79,32220.58,9010.235
"290",291,"Factor #291",30.9091,34,48.94958,7399.855,7300.702,6114.617,7395,6956,5433.152,21746.19,293.8477,1374.073,12271,191.0278,2082.315,27423,56.14494,1113.363,18271.53,286.0537,19424,728.77,1488.511,757.7917,1039.293,253.9988,20035,1383.011,16258,662.0905,120.7929,16891.58,253.8855,1431.56,13191.12,268.6452
"291",290,"Factor #290",30.9129,34,60.41927,7439,7429,7473,7411,6835,6887,21877,294.9434,1355,13951,193.6201,2179,29063,58.82886,1318,21904,287.3046,20006,722,1521,782,1142,256.4046,20035,1383,16508,650,121.3001,18665,253.8855,1489,21500,270.5152
"292",293,"Factor #293",31.3501,34,49.33367,1657,1476,1424,1414,1467,1331,1806,986.8205,1384,641,498.3083,2153,2505,446.2462,1319,1849,1032,1591.995,622.3587,493.0123,1357,1420,1053.516,1604.39,957,1554,1259,1528,1309.309,884.4458,1593.297,1892.784,1053
"293",294,"Factor #294",31.3788,34,37.26692,1520.896,1500.228,1563.787,1951.293,1902.952,1838.566,1472.884,964.9717,1813.307,1584.868,1189.615,3315.634,1820.323,664.3656,1823.727,1556.305,1425.156,1742,1396.455,1144.162,1584.439,1817.02,1416.029,1673,2172.544,1515.72,1127.484,1265,1858.236,1707.419,2500.01,1803.425,1402.383
"294",292,"Factor #292",31.3847,34,52.24197,1627,1652,1689.116,1890,1884,1873,1473.982,1172,2008,1817,1394,3540,1338.863,725,2120,1640,1514,1581.35,1523,1356,1592.97,1946,1344,1690.808,2406,1551,1148.691,1273.437,1933,2058,2648,1854,1372
"295",297,"Factor #297",31.3854,34,35.44506,1565.142,1654.587,1765.493,1904.38,1742.965,1838.566,1526.548,1278.817,1927.825,1738.575,1349,3507.941,943.9607,715.8741,2066.205,1623.146,1415.495,1532.803,1420.951,1313.358,1506.2,1848.33,1335.477,1462,2052.02,1511.908,1151.247,1186.574,1659.295,1945.95,2461.021,1822.292,1405.195
"296",296,"Factor #296",31.4216,34,69.54216,732.5821,905.5118,972.028,975.89,1127.038,856.0121,858.141,732.0542,1048.588,918.4568,633.7714,1937.583,596.6743,712.971,817.6507,1007.677,890,769.575,916.236,955.6037,1189.789,1628.572,611.608,1200.882,1309.026,744.5137,833.0351,665.3244,954.183,861.4515,1955.339,705,910.7213
"297",295,"Factor #295",31.4225,34,59.8049,732.5821,905.5118,1036,1154.389,848.0459,856.0121,1003.824,804,1195.849,1086.684,847.5899,1259,803.4496,607.5229,817.6507,1007.677,1037.921,1032.401,916.236,955.6037,1085,991.04,714.1276,660,1309.026,1015.05,898.2297,770.9554,794.1836,1018.36,1767.297,805.8031,698.1324
"298",298,"Factor #298",31.4425,34,116.1259,414.3674,475.9677,387.0259,474.8767,277.2069,381.7941,628,463.1132,315.4955,862,367.7929,471.611,484.6094,320.7745,279.009,564.7189,340.7512,646.9503,377.7078,283.3239,204.1843,240.9208,376.0839,592.985,346.614,534.0307,332.9103,245.0691,470.8613,564.612,285.5875,443.1987,284.9189
"299",299,"Factor #299",31.6091,34,5215,6054,6112,5387,5791,6404,6595,12588.3,1529,4807,6654,1300,1259,4721.535,1074,4801,12452,1548,7654,1329,1308,13183,6549,460.9969,10747,5912,9995,2692,703.3808,31665,1263,6175,12840,1661
"300",303,"Factor #303",31.6191,34,965.016,860.4514,1267.296,1110.034,1125.256,1215.761,1228.39,2321.264,359.7881,1221.418,1450,1080.499,1164.867,587.6098,233.1787,1089.126,2374.893,433.9645,1496.285,477.1985,328.9379,2635.813,1793.662,797.0092,1888.091,1188.13,1595.202,475.7849,151.23,5635.31,604,1301.667,2410.72,681.1637
"301",302,"Factor #302",31.6672,34,470.0846,1016.807,1191,992.8374,975.3467,777.0976,747.5059,1066.061,500.105,1312.727,707.1157,590.6698,1232.657,285.3752,238.2853,1404.291,991.9295,480.0847,646.2643,467.6961,1262.486,1279.284,2066,774.2906,566.0717,1530.765,648.9274,246.4352,1448.566,2188.085,1066.067,2080,424.593,462.3108
"302",301,"Factor #301",31.6721,34,345.3949,1027.493,1143.934,1054.03,975.3467,7.666266e-09,9.061106e-09,868.4299,707,1313.516,572.1952,1099,1537,255.7078,220.9565,1145.283,824.7108,555.0222,542.7443,477.1985,485.0105,622.6198,1869.452,888,529.2268,833.2372,504.3245,246.8258,477.1301,1612.006,1012,1134.89,536.6655,635.1309
"303",300,"Factor #300",31.7028,34,171.7796,956,1042.681,984.8568,949,875,824,355.5151,441.5766,1722,444.0549,281.9329,1473,421.7985,241.4395,1883,575.5785,381.0897,316.6454,578.3688,1959,1444,3522,377.2433,427.098,1805,790,239.0422,1279,337.2304,242.2072,2121,539.7832,501.2732
"304",304,"Factor #304",31.8531,34,66.48941,1539,1645,1730,1705,1565,1917,6371,378.5715,929,14580,378.0286,1197,2595.738,361.2968,940,6773,437.8616,4801,816,1006,722,774.9834,305.5945,6358,929,4223,531.7285,383.9032,4660,402.399,995,5997,454.2316
"305",305,"Factor #305",31.8534,34,66.1559,1439.716,1617.329,1743.637,1691.838,1547.553,1931.689,6287.898,311.2668,899.1106,14590.04,191.5144,1174.727,2459,326.827,967.3463,6776.444,342.3613,4775.32,902.9175,979.5592,805.8043,682.7284,240.9179,6358,929.0509,4173.895,483.1444,246.8736,4579.709,275.6965,1058.374,6034.811,371.1136
"306",306,"Factor #306",31.8575,34,92.48838,610.2391,709.2073,710.6609,725.8662,677.7566,743.7717,1605.325,777,409.8972,3543.707,1239,468.2457,794.9381,551.2588,708.3742,1937.008,1063,1299.647,503.6675,391.9001,348.9131,366.7677,616,1153.67,605.5767,1215.25,807.833,387.8583,1354.074,1200,559.8202,1808.337,1039
"307",307,"Factor #307",32.2321,34,49.56341,450.7298,365.2018,380.2996,399.4608,372.3984,387.9726,302.6378,480.7267,653,386.6454,675,619,175.9655,156.4272,567.5526,203.3659,423.9985,186.5981,378.7814,317.7984,468.5932,726,427.2182,268.799,687,234.8319,126.9704,373.8347,244.2313,818,597.328,274.2551,378.3402
"308",308,"Factor #308",32.4593,34,41.472,1703,1705,1657,1486,1445,1324,831,1688,1942,923,1929,1842,556.9984,868,1828,707,1531,747.8134,1807,1416,1740,1802,1703,827,1747,566.1637,663.6312,1639,671.4736,2170,1816,725.9577,1407
"309",309,"Factor #309",32.4875,34,32.99843,1130.931,1133.702,1418,1057,891,881.1882,806.8112,938,1530.43,897.8852,2072.054,1219.174,556.9984,707.805,1368.714,755.4368,667.4976,756.7452,695.3848,917.7172,1313,1247.917,756,834.384,1203,560.7517,661.448,916.8581,674.9842,1967.548,1349.211,663.6798,907.1291
"310",310,"Factor #310",32.5006,34,39.94398,821.3363,740.9376,880.5056,886.6043,590.7735,656.299,806.8112,1304.748,1150.617,885.4342,1218.527,576.9325,660.1476,650.0282,772.5276,882.2299,1634.315,942.5113,938.2736,696,486.7561,908.4684,1401.887,803.1822,623.6721,1198.651,333.4196,1441.365,851.4247,5.873235e-06,947,594.1752,771.1889
"311",311,"Factor #311",32.5078,34,77.20874,443.7613,409.732,405.9546,427.2457,422.931,342.4625,1041,404.4944,319.2515,1490,407.5975,293.8244,913,119.3207,323.7604,1353.579,196.545,1160.059,263.9681,316.6957,201.713,680.6574,318.9477,1248.511,289.8192,1414,147.2541,130.4061,1791,22.73732,390.2553,1354,170.538
"312",312,"Factor #312",32.7182,34,317.9181,82437,80946,78462,75062,71911.93,74138.61,160368,2482,72009,130357,243.5827,55462,100822,2404,73030.25,155230,2294,121317,26693.46,74040.67,40423,148960,2680.726,147706,74010,212775,2434,3621.969,165857,2713,82861,157911,2275.83
"313",313,"Factor #313",32.7201,34,339.9995,82437.21,80946.22,78461.9,75062,71912,74155,160368,2469.579,72009.02,130243.2,302.1131,55414.43,100780.4,2393.607,73030.25,155441,2294.249,121336.7,26753.55,74275.23,40423.07,148681.2,2422,147907.3,74010.28,213086,2404.651,3644.178,164732.2,2754.861,82620.67,157911,2276
"314",314,"Factor #314",32.7221,34,339.9995,82437.21,80946.22,78461.9,75062,71911.93,74155.14,160368,2429.479,72009.02,130243.2,240.7989,55461.81,100780.4,2403.609,73030,155441,2294.249,121336.7,26753.55,74275.23,40423.07,148681.2,2689.729,147907.3,74010.28,213086,2398.589,3621.969,165420.9,2754.861,82679.2,157918.8,1.253575e-08
"315",316,"Factor #316",32.7313,34,2.957793,20144,15499.87,15873.75,16847,10532.2,11495,33931.18,478.416,14992.99,27696.34,699.4566,7338.27,21274.12,510.7096,15535.81,33129.65,486.4246,25784.99,3329.948,13030.95,5956.677,30540.67,559.7111,31319.36,15082.14,45363.41,447.669,508.3685,35098.16,536.7686,16710,33334.89,477.8836
"316",318,"Factor #318",32.7349,34,62.18919,8709.726,8002.834,8270.78,8082.824,5291.232,7493.167,17071.44,763.7738,7660.104,12933.07,1084,5989.658,10678.96,495.6209,6162.825,16826.08,754.0028,12948.34,2863.242,7748.096,4170.469,14931.09,633.1593,15324.59,7755.525,22700.93,527.7443,361.6202,17373.46,1858,8326.242,16860.1,1156
"317",317,"Factor #317",32.806,33,207.2009,4824.409,5190.423,3650.737,0,1136.846,1000.732,2886.172,1105,2949.402,2691.236,2326.515,1931.829,1277.327,1021.822,2427.038,2593.332,1344,2192.458,2381.36,3612.06,2261.969,7822.52,1528.862,2439.497,1975.652,2123.853,785.185,966,1811.871,2482.863,2603.528,2149.662,1562.629
"318",315,"Factor #315",32.869,34,329.5384,6004.103,6533.06,5864.508,5195,4089.52,3960.195,1938.144,5055,8485,2357,6185,6485.218,1319.391,4038,8467.015,1820.172,2867,1802.183,6638.125,5149,6412,4804,4806,1651.383,5333.027,1685.257,2145.351,4829.386,1410.038,8673,6320.805,1687.288,3407
"319",319,"Factor #319",32.9043,34,6453,20034,23652,26771,24797,27427,27872,18504,20582,29670,15950,20980,19907,19736,28244,34758,22469,22347,23724,48520,35998,29621,23964,15996,17552,26620,20979,22294,17849,18858,24314,31939,22137,22063
"320",320,"Factor #320",32.906,34,6725.329,19501.45,23130.31,26185.82,24386.81,27427,16652,18079.11,20582,29670,15258.16,20980,19661.05,19006.47,28029.17,34097.91,21957.76,21837.15,23113.04,48520,35244.92,29120.43,23964,17091.03,16875.57,26620,20179.11,21714,17652,18071.46,24314,31523.02,21425.04,21919.51
"321",321,"Factor #321",32.9846,34,2597.572,5488.74,1768.444,4719.103,4711.112,846,5337.458,586.6387,2092.903,1344.24,13548.56,2474.696,1448.667,2746.428,1484.486,2018.33,2311.685,3966.761,396.3853,15354.84,1350,5905.464,2198.707,2599,2570,16134.27,13922.81,20264.48,1414.133,10638.82,1554.174,807.0439,1196.349,1699
"322",322,"Factor #322",33.0226,34,150.7111,964.7894,1156,1240,518,421.2089,199.6964,134.7163,1140,901,203.1817,1209,239.2958,67.40185,642,694,130.1142,953,121.6818,122.0192,193.7044,116.3927,1044,1547,102.6591,107.9875,99.43212,221.3138,480.6148,28.35147,801,332.7873,104.6089,501.4454
"323",324,"Factor #324",33.5,34,2005.206,357738,357313.3,354707.2,369294,336988.3,342657.2,877586.5,3142.125,99267.53,871141.2,1274.055,109571,598623,1261.977,102894.7,875464.4,3025.407,805675.3,34017.89,130814.9,9399.116,215096.1,3061.128,806610.9,102852.4,1084708,9618.618,2346,775429.8,2210.099,119028.5,908593,2803.535
"324",323,"Factor #323",33.5004,34,1986,357738,359170,356591,369294,338895,344368,879467,3142.125,1e+05,873394,1492.248,109571,600804,1410.021,103360,877284,3271,807863,34167,131263,9781,216076,3088.695,809027,103685,1086818,9618.618,2346,777476,2348.108,119692,908593,4198.506
"325",325,"Factor #325",33.509,34,1719.584,355852.9,356597.5,354707.2,365737.2,336988.3,342657.2,868114.9,3142.125,99493.04,871141.2,6326.492,109083.9,598623,5445.657,102894.7,875464.4,3095.296,805675.3,33475.34,130814.9,9442.004,215096.1,3433.428,806610.9,102852.4,1084708,8442,2387,775429.8,7458.091,119028.5,906580.4,12898.2
"326",339,"Factor #339",33.6237,34,2020.554,42689.47,19147.73,12214.61,1657,1133.497,11571,24970.96,8277.183,4.731089e-09,11872.54,16886.48,97.30338,16940.42,15455.4,2362.985,32294.45,5779,129270.9,13576.71,4.561106,1316,2881.015,4912,81089.11,23766.31,35777.11,11048,768,3.168337e-08,14710,1426.274,12922.91,24023
"327",348,"Factor #348",33.7581,34,5023.296,2.467289,6411.236,1845.134,1958.619,189.0185,9061.106,6319.245,15733.67,40.49936,2451.879,22793.09,73.64283,3271.504,19638.61,140.9532,7083.003,16235.05,228.9911,20426,17.22524,1895.919,1352,4944,86.64464,30403.05,7526.042,25587.67,820.7258,29.53827,26407.95,185.3449,2896.156,34315.23
"328",336,"Factor #336",33.7616,34,5355.522,1.142208,6794.83,1851.667,1462.676,155.113,9964,6379.654,16170.76,34.66953,2474.436,23278.28,86.74583,3338,15594,145.2312,6515,16764,166.7087,20989.8,30.12364,1783,951.2549,4960,74.90171,32842.84,6646.15,27649.19,856,5.368238,24292,161.891,2880,36173.61
"329",347,"Factor #347",33.7635,34,5177.014,19.39451,6586.432,1846.826,2060.704,156.8056,10583.36,6513.348,15916.05,45.19472,2474.436,22794.54,77.61578,3284.731,19969.22,152.4113,7083.003,16439.7,222.4741,20711.5,12.42773,1895.919,951.2549,4988,71.80731,32256.91,7274.45,26605.21,744.8827,6.070448,26407.95,173.7055,2839,35332.45
"330",342,"Factor #342",33.7684,34,5355.522,15.55925,6794.83,1851.667,2060.704,166.847,10235.14,6302.414,16170.76,55.3367,2358.384,23278.28,147.8183,3266.181,20286.56,155.7504,7083.003,16764,166.7087,20989.8,35.52172,1783,943.4868,4980,74.90171,32842.84,7733.596,27649.19,791.4905,7.86995,26313.92,172.7316,2826,36173.61
"331",329,"Factor #329",33.8165,34,6771.062,20.01331,8464.027,2232.603,2528.717,156.5746,10382.75,7376,21150.38,177.7597,2804,19853,150.6658,3625,16963,163.2177,6547,21629.02,281.7994,20752,36.32624,1541,830.6732,4920,184.3433,33755,7778,25765,799.6381,75.93171,27036,168.97,2584,35179
"332",341,"Factor #341",33.8441,34,6871.057,27.2677,7953,2216,2544.463,39.74375,9342.351,8070.722,23122.55,148.2767,2866,25334.23,202.925,3356.18,22668.72,168.8511,8079.359,22480.86,369.4299,23689.9,34.92793,1921.182,1255,5920.357,150.7218,36262.19,7778,30850.34,820.0131,71.40436,29084.03,124.713,2263,34553
"333",345,"Factor #345",33.8468,34,6871.057,92.11246,8604.963,2292.314,2488.792,95.74027,9603.513,8070.722,23122.55,196.4814,2696.975,25591.94,191.9827,3346,22108.94,284.6844,8079.359,22645.97,341.9439,23689.9,69.02743,1921.182,1166,5921.77,226.2254,36262.19,8105,31021.13,820.0131,133.6893,29084.03,177.9336,2650.565,33777
"334",349,"Factor #349",33.8543,34,1242.613,456.9402,1461.171,719.2934,729.512,543.6611,1361.285,1634.859,3992.438,494.6827,1709.781,4300.358,777,912.9151,3446.512,481.4816,1606.173,3722.512,437.4728,4021.052,256.6749,564.5517,452.3658,887.773,1148,6054.671,1919.269,5165.053,304.7649,713,4903.169,591.9226,1181.639,6087.394
"335",330,"Factor #330",33.8643,34,7379.269,50.36251,9059.46,2446,2419.095,52.46404,7686.683,7713,24312.7,319.3309,2849,23574,223.6979,3333,21112,248.2373,7424,20402,278.0655,20752,86.87303,1583.692,1073,5887.862,120.6921,34825,8105,27986,743.7714,128.8993,29129,164.5428,2301.688,35244
"336",333,"Factor #333",33.8944,34,6832,56.0249,9446.99,2320,2603,57.79834,7765.059,7769,24215.79,252.9932,2068,26945,226.3711,2941,21112,245.3038,8598.503,22885,219.7657,27809.03,83.47801,1583.692,785.9022,5393.316,113.9938,34825,8783.693,29030,691.6268,93.14616,31218.11,160.5217,2093,35244
"337",340,"Factor #340",33.9438,34,7789,23.08352,9079,1954.1,2731.421,12.75919,4490.311,9938,26728.21,290.7487,1882.797,29106.08,138.2657,2501.669,24037.28,289.293,9344.666,27238.03,219.7657,28059.42,64.84867,1410.85,594.2494,4007.236,114.9134,34825,7047,33343.71,506.5292,90.75891,31099.93,156.2599,2163,32296.91
"338",343,"Factor #343",33.9801,34,9134.459,52.13302,8912,2329.444,2834.157,5.101041,4560.267,9938,29723.82,257.4491,1610.332,30095.93,106.1547,2066.966,24714.45,217.807,9369.231,31950.72,268.2473,29628.43,79.03455,1389.401,355.9463,3094,17.48191,34072.13,7746.298,36446.35,290.698,111.5051,31182.82,46.83714,1974.394,27691.93
"339",327,"Factor #327",33.9826,34,8607,24.469,9079,2393,2771,8.467532,2775.636,9938,32111.49,311.0519,1571.107,31781.4,115.8197,2290,22107,263.0196,8776,31531.22,233.3167,25796,68.79586,1222.293,334.5984,3040,20.27087,31833,7000,30629,340.599,86.50868,28954,42.03497,2163,27747.88
"340",335,"Factor #335",34.0287,34,8560,61.97836,10178.26,2474,2941.365,4.622307,3519.028,10900,34723.74,139.9715,1521.986,36645.05,110.2429,2175,25778.31,235.1579,9270,35023.54,135.0454,27755,31.3315,713.158,294.8252,4007.236,10.84542,34684.18,7786.485,30629,329.7959,112.4903,32940,31.6191,2129,27399.05
"341",344,"Factor #344",34.0475,34,10744.16,61.98747,11012.88,2488,3012.091,0.9140358,3596.584,11647.37,38361.8,122.7972,1667,36586.81,73.44305,2086,26115.89,229.0413,9270,38407.58,175.8331,35745.5,15.12091,809.2311,301.7336,3246.27,16.53946,34680.52,7840.358,45176.18,358.9111,77.34191,34914.61,3.162219,2175.75,27817.03
"342",331,"Factor #331",34.0679,34,11404.32,62.90823,10520,2449,3056,4.028529,3487.562,10900,41528.11,142.0106,1163.589,36586.81,10.8877,1859,24663,232.4319,9270,42200.91,159.0542,27755,37.3413,790.1822,195.007,3246.27,12.56791,32451,7840.358,50194.83,358.9111,89.94529,32799,22.65215,1923.741,24723
"343",326,"Factor #326",34.0703,34,9237,63.06388,10520,2449,3075,8.900712,1715,11077,41528.11,153.1812,1295.226,36586.81,23.97135,1997.33,24424,209.6533,9166,42200.91,100.8339,34191,37.88662,714.1353,274.2029,1915,22.69996,32451,7154,50194.83,346.3035,115.6494,32940,16.54844,1938.164,25344
"344",346,"Factor #346",34.1143,34,12614.79,101.9097,11193.66,2317.268,3110,10.66213,2184.802,11647.37,45088.16,204.1207,1296.071,35079.95,26.95853,1650.633,26355.19,161.7896,9102,44850.41,69.66993,38627.61,39.21796,602.8098,47.98318,2728.278,19.95139,34684.18,7313.428,52760.7,187.2367,62.59799,33399.28,16.37833,1846.273,25403.9
"345",328,"Factor #328",34.1144,34,12087,101.1202,10883,2250.341,3105,13.01221,2035.587,10575,42477,236.7127,1274.863,33096,19.36903,1592.627,24663,187.5925,9062,44880.69,75.48438,37154.23,37.75656,602.8098,186.9399,2728.278,15.17163,32223,6708,49725,155.4411,48.9836,31729,15.34783,1852.825,23545
"346",338,"Factor #338",34.1222,34,12462.54,97.50185,10883,2524,3214,5.774047,2069.431,10575,47711.92,204.1207,1305.171,36128.23,18.42294,1475.971,24663,213.6955,9102,45204.81,122.6407,37130,34.97431,611.9076,186.9399,2728.278,26.40165,29444.08,7502.879,52760.7,139.5409,59.7821,33975.26,16.0345,1672.724,25585.25
"347",334,"Factor #334",34.1668,34,12087,117.869,9892,2101,2775,14.36519,971.7849,10244,49217,165.9262,1242,33119,21.67265,1331.713,22122.69,160.9924,8085,46515,85.42768,36712,17.91023,513.2785,113.0842,1646.828,17.40374,29805.62,6730.5,52358,61.4245,58.14519,33399.28,7.944661,1564.04,25687.21
"348",350,"Factor #350",34.1999,34,11766.62,116.9799,10403.53,1933.96,2775,3.526436,1.038565e-07,10025.7,49296,105.6596,451.4593,31976.62,16.80581,435.8242,21923.83,213.6955,8403.098,48759.17,82.73079,35689,24.08369,513.2785,1.620881e-06,1650.133,0.1189351,30457.06,5740.053,55427.76,67.85348,114.3283,29764.72,2.898853,392.1817,22098.69
"349",337,"Factor #337",34.2022,34,11391.11,119.7911,10403.53,1981.485,2642,4.174639,803.5406,9057.01,49393,170.1496,576.4508,31603.12,12.40439,892.7572,20746.58,177.6316,8620.833,46386,85.90962,37130,25.56552,496.3212,71.48355,1692.71,46.55248,29137.21,6584.995,52358,96.89534,58.55882,28368.36,5.97112,761.0472,21485.86
"350",332,"Factor #332",34.2443,34,10912.1,100.182,7350.794,1008.534,2606.98,21.70192,864.2763,9172.274,49393,131.3858,666.3829,31885.01,18.17835,613.3615,21850.61,162.8807,7915.023,44219,82.73079,37289.99,26.21528,411.3761,6.648266,431.1108,10.89701,23862.44,5363.213,52392,7.10135,34.96717,25638.67,21.85521,1144.947,19349.53
"351",353,"Factor #353",34.5522,34,80.35423,614.1691,669.9581,987,952.96,1269.651,1297,3293.545,527.1305,802.519,5635.713,384.2557,1332.364,3134.217,516.3997,808,4400.353,527.6308,5259.194,627.9933,692,654.0471,726.4662,500.7821,4179.061,822,5593.686,411.1996,619.9402,4756.561,568.2968,991.8551,3398.04,594.2643
"352",354,"Factor #354",34.5632,34,98.41652,692.8688,976.3499,1021.445,935.9884,744.6057,1203.609,5619.601,473.7463,830,4816.58,360.4585,1260.685,2392.667,515.7664,772.164,5567.578,509.2724,3237.63,474.4068,639.9541,553.4598,721.6645,430.5578,3860.21,786.9832,5173.139,623.9916,855.0314,5633.059,561.2524,1066,3767.357,645.2476
"353",351,"Factor #351",34.5662,34,97.53541,1012,964,1029.161,1035,1269.651,1310.203,5801,539.7009,853.6182,5654,379.8428,1359,3450,577.0778,921.5002,6317,575.7582,5637,636.3651,670.2093,654.0471,726,532.7641,5947,822.254,5768,677.1911,900,6516,592.9182,1033.561,5566,670.3727
"354",352,"Factor #352",34.6013,34,44.73001,853,775,914,779,841.9494,211.8149,1738.5,468.0584,657,2512,361.3387,1023.878,1819.059,485.3525,869,6222,500.8568,3639.139,478.2466,670.2093,596.2531,551.1447,474.023,2654.236,723.1453,1659.886,398.1501,706.6965,2121.249,527.0565,921.9918,2582.349,429.869
"355",358,"Factor #358",34.644,34,20.3932,631.3507,547.8593,650.0225,655.2745,450.2889,624.9561,464.8189,525.1136,824.5789,500.6015,721.5751,600.6288,340.9294,461.1544,727.3016,417.1726,406.0621,500.9,343.1008,384.5483,644,795.1232,615.6861,527.8659,418.4704,451.3006,207.6441,304.2333,480.7459,591.2445,759,431.2416,206.605
"356",357,"Factor #357",34.6457,34,70.59814,692.6987,603.9483,649.7107,655.2745,635.2065,501.4897,616.3272,655.4912,824.5789,570.7206,613.5999,639.4613,617,638.2181,852.7448,688.5812,517.9486,793.4044,471.8571,521.6808,562.9351,620.2867,541.2092,647.4814,517.8729,657,537.8918,423.7157,752,679.3099,777.2052,604.9712,328.404
"357",356,"Factor #356",34.649,34,21.47006,754.3979,729.2305,716,682.7739,535.7803,383.3361,549.8932,496.4392,901.526,585.3385,787.6166,718,422.3829,533.1875,800.2002,515.6689,430.5781,619.642,610.3986,528.8214,634.0049,815,694.8323,601.6686,709,535.8613,232.2481,364.8522,559.1495,666.1681,766.176,504.431,538.0945
"358",355,"Factor #355",34.6569,34,49.22778,656,751,683.9233,686,649.9197,42.56673,634,731.4212,897.1439,552.0067,798,615.2128,616.0078,601,838,754.8861,564.2547,777,746,488.004,554.5749,638.1216,574.792,656,702,697.777,257.6554,424.6087,792.6308,679.5733,794.9875,667,594.2363
"359",364,"Factor #364",34.8526,34,2.70787,787,365.7911,694,437.9364,770,1214,6.59509,2.024148,304.8146,1023.757,8.220154,545.0899,100.4862,9.340752,258.3272,7.1455,7.318782,6.045925,23.15425,119.6658,432.0397,604,203.4463,395.0831,11.63261,8.709273,12.58185,97.34063,2.496785,177.5804,999.1105,473.3907,372.3117
"360",363,"Factor #363",34.8529,34,6.385105,757,365.7911,647,798,677.0807,1136,64.78904,11.84004,304.8146,1180.915,13.58688,671.4849,191.7134,5.285374,258.3272,7.535512,33.08756,5.225989,4.601679,176.5866,932,750,340.958,564.5829,124.1099,6.158971,45.27481,97.36549,4.469512,258.1877,1121.662,703.6909,337.0346
"361",360,"Factor #360",34.9413,34,356.3071,766.6859,790.105,624,841.3834,1028.016,2412,2282.324,197.1822,1582.081,1931,835.4828,1385,3295,1041.538,1553.214,3263.474,978.5437,2754.979,1791.064,2381.966,2365,1297.758,814.8934,2940.902,2131.841,1214,762.29,1097,1969.002,1078,2720,1951,499.1615
"362",359,"Factor #359",34.9875,34,1081,980,1636,3152,3420,3040,3165,2602,740.1901,2397,3016,1088,3281,3507,1787,2922,3889,1435,3796,2483,3767,4238,3878,2503,3841,3614,4199,1740,1962,3486,1375,3631,5029,1738
"363",361,"Factor #361",35.029,34,887.0075,2014,1562.328,1693.872,2987.631,804,1490,1450,622.1127,1723.101,1333,648,2692,3280.455,1045.357,984.9043,2018.702,979.0263,3276,1771.422,1526.763,3516.25,3455.43,1077,1927,3414,1741.233,1363.181,1637.783,2409.516,778.1165,1710,3055.961,1052.859
"364",362,"Factor #362",35.0621,34,598.9219,1570,776,1693.872,700.4228,594.1064,649.6076,793.8185,446.5776,805.7836,858,412.6987,2224.658,903.704,1719.472,587.0307,846,843.4024,1846,1099.401,1526.763,726.5548,622.9737,777.4444,1270,2375.371,1119.07,1382.258,1308.986,1511,509.5675,1020,1711.774,182.5442
"365",365,"Factor #365",35.1126,34,103.8958,499.4874,462.0763,414.2032,319.3602,427.7418,421.1469,1193,151.2046,388.2623,637,14.5033,470.0955,998,141.2039,358.3407,1181,77.77879,1315,204.4935,361.0306,189.6462,248.0745,69.52266,1141,380.2094,1202,110.3286,96.87531,1282,78.51218,399.9454,1228,153.2567
"366",366,"Factor #366",35.4109,34,78.19125,2911,2857,2749,2636,2290,2582,3146,609.3427,4168,2039,56.25507,3643,3196,609.6768,4715,3018,655,1652,1178,4107,3697,9575,657.9136,2717,4877,4520,852.6598,1395,2489,262.8246,5193,3173,673.6075
"367",368,"Factor #368",35.4124,34,117.3888,1958.276,2606.211,2750.586,2636.109,2289.788,2386.597,3029.978,609.3427,4049,2010.761,57.39241,3628.713,3153.121,477.4515,4686.103,3148.83,632.063,1543.686,1177.763,4076.915,3364.737,9535.262,453.5675,2698.72,4517.73,4560.654,714.6291,1380.634,2489.126,261.7341,3606,2859.948,661.805
"368",367,"Factor #367",35.4162,34,137.1069,2905.918,2820,2696,2579.732,2446.584,2310.977,3146.219,609.3427,4168.455,2038.561,19.21324,3628.713,3043.038,609.6768,4756,3185.272,655.3758,1670.458,906,4099.546,3697,9587,658.3489,2716.996,4689.258,4581.344,901,1332.572,2471.53,262.8246,5282.888,3005.808,216.1569
"369",369,"Factor #369",35.9399,34,68.7076,343.8524,390.2498,228.9664,502.5368,532.0427,549.3914,198.759,733.3023,67.27566,37.38386,43.97566,104.7508,113.0623,141.5208,226.9409,208.9884,2716,53.96347,42.95342,41.17229,144.0963,41.68271,2277,402.1196,457.6482,38.1561,78.7379,120.7366,203.2102,73.61809,735,580.7032,2978
"370",389,"Factor #389",36.1215,34,19.74398,119.7931,126.364,316.0384,681.8254,1625,1361.871,21.84744,96.14634,99.56742,146.154,64.52194,127.389,21.85751,16.32061,136.6374,90.31641,250.7829,92.40037,67.13011,65.77853,209.527,219.8278,93.53045,105.4305,304.4884,67.72051,28.58775,466.398,337.5702,1218.559,823.7445,434.0013,827
"371",390,"Factor #390",36.154,34,84.002,530.6121,500.1547,505.1827,558.8215,601.3611,197.8564,743,287.1807,420.9205,725,216.9129,431.4735,280.5331,74.47774,476.4463,602.6176,260.2486,490.0156,246.4985,206.5487,407.5076,607.1467,241.2366,554.6666,390.7765,437.07,104.6491,186.8,468.0727,307.1797,629.3135,549.2373,208.0799
"372",379,"Factor #379",36.1562,34,22.70933,266.9573,341.5995,491.9891,790,1735,1638,301.5309,126.9184,312.6226,316.9934,89.62164,205.9232,119.2941,17.57732,361.4256,267.8172,353.3465,178.4952,259.8655,316.6395,365.8797,287.3492,680,232.0279,462.1175,218.2431,40.41231,915.3924,596.7341,735,1304.891,660,1604
"373",382,"Factor #382",36.1596,34,3.110402e-08,210.4921,301.5114,465.0928,942.3376,1735,1784,26.83801,82.04821,282.1439,223.6482,64.32106,155.2237,55.91004,13.92728,328.8239,132.7073,353.3465,216.9164,259.8655,316.6395,365.8797,308.5825,332.0574,168.5267,462.1175,135.5297,63.50277,917.1749,596.7341,1088.594,1561.241,759.7636,1051.18
"374",386,"Factor #386",36.2059,34,13.43775,783,646,615.4149,1196.909,2037.653,2083.093,312.4146,390.0368,803.1207,528,124.5647,564.9789,115.6107,198.6708,673.3105,276.6294,465.8343,467.3806,804.853,534.8158,811.0543,461.0739,400.3331,755,749.7682,250.1022,442.6907,1281.928,565.0396,1595.749,1561.241,759.7636,1774.645
"375",385,"Factor #385",36.2246,34,2.867971,781.6721,627.9696,1104.772,1729.217,2525.419,2162.155,326.1523,598.6331,1026,250.4159,156.566,667,113.8436,233.4919,777.2612,276.6294,1434.49,635.202,804.853,502.7876,811.0543,1042.298,207.6967,332.7578,1032,348.6379,442.6907,917.1749,1185.511,1632.482,1934,1207.87,1690.188
"376",376,"Factor #376",36.231,34,2.263109,899.2465,1022.626,1244.108,1557.852,2912,2533,277.8118,493.4931,849.7835,463.1099,636,596.1235,358.3509,205.1876,1269,268.4496,1082,720.197,994,946.2126,1083.828,721.0632,518.0045,1140,1386.265,433.7716,789,1084,908,1654,2177.685,1279,2268
"377",373,"Factor #373",36.2794,34,8.527282,1227,1267.959,1362,1970,4874,4829,723.5898,1077.268,1418,683.9751,1316,1103,684,1018,1092.345,1383,2549,1028,2911,1485,1477,619.1575,1347,1600,1634.122,1207,916,2521,1326.837,3049,2664.137,2658,3178
"378",380,"Factor #380",36.2938,34,17.31715,989.139,1098.096,1420.035,2033.52,4215,3102.231,689.8539,884,1073.17,1584.47,1203,886.967,1174.893,1492,1052.575,1061.831,2175,1883.284,2528.383,1351.709,1083.828,830.9409,1144.842,874.647,1488.051,848.5682,1244.751,2363.303,2738.66,3061.793,2447.392,3666.615,2766.434
"379",374,"Factor #374",36.3735,34,1041,3599,3806.327,3573.319,4017.915,3820.949,4109.116,2356,2377,2951.496,2518,4187,2604,1537,4019.952,3260,5360,3239.287,5824,4806.297,3979.128,5052.281,2506,3252,2659.655,3095,2888,1748,4965.126,3138.6,4037.847,4989,5297,2742.866
"380",383,"Factor #383",36.3962,34,1920.348,4907,7042.137,6019.918,6361.287,7726.81,7553.455,3725.625,4252.626,4627.052,4355.546,6289.422,4147.572,3697.795,2775.436,3694,4247.522,5065.861,4288.47,4576.029,5552.183,2821.173,3107.031,3825.183,3669.476,4375.634,3662.583,2758.059,7195.17,5315.656,6436.489,6234.066,4820.586,5928.762
"381",370,"Factor #370",36.5075,34,5587,25855,29656,24574,19632,19026,19143.72,13450,20071,18104,15889,17527,17721,10852,15126,17210,13370,20251,11527,13147,13042,11888,10451,15834,11051,11096,8626,8022,19966,11804,20340,14156,8935,16166
"382",375,"Factor #375",36.5075,34,4971.965,25632.02,29656,24072.34,19358.59,18595.83,19143.72,13452.59,20087.46,17859.32,15218.8,17527,17321.71,10347.47,14141.69,16574.46,12522.42,19757.95,11329.38,12911.43,12380.24,11888,9586.288,15834,10206.45,10680.13,7822.454,7493.385,19966,11804,20523.86,14171.04,8769.705,15328.98
"383",371,"Factor #371",36.5076,34,5587,25855,29656,24072.34,19632,19026,19084,13450,20087.46,18104,15218.8,17527,17721,10852,15126,16574.46,13370,20251,11527,12911.43,12380.24,11888,10451,15834,11051,11096,7822.454,7493.385,19966,11804,20340,14156,8769.705,16166
"384",377,"Factor #377",36.5696,33,4774.743,24964.75,25926.51,19260.63,11879.72,4833,9345.077,10960.31,14372.81,15170.4,11498.82,12421.69,13442.92,4516,11340.57,14442.11,6484.465,17083.17,8531.104,7403.132,9208.383,6651.869,4756,8441.577,6288.077,7843.439,4456.932,3469,16983.8,0,8469.479,8236.015,4618,4572.469
"385",378,"Factor #378",36.71,34,693.0526,1916.169,2423.605,2082.199,1285,1488,1971.72,1501.328,1573,1487.775,1689.534,3761,1578.754,1444.895,2263,1575.229,1591.118,2074.929,1444.237,1367.555,1038.898,1475,931.0174,1124.462,463.782,1214.976,882.7073,1006.001,2234,1670.254,1272,1900.514,641.9525,1439.722
"386",372,"Factor #372",36.7182,34,1041,1643,2126,2082.199,1831,2033,2214,1599,1730,1701,1654,1559,1622,1485,2017,1463,1456,2305,1721,2037,1704,1475,1486,1857,1619,1136,411.48,1096,2537,1282,2015.377,1837,705.072,1477
"387",387,"Factor #387",36.7334,34,594.2534,1643,2423.605,2282.838,1746.992,1252.175,1403.393,1426.332,1719.027,1435.81,1456.531,710.8416,1415.03,1131.736,1899,1286.517,1298.548,1451.255,1201.432,707,1255,718.4286,636.331,965.8253,633.6636,467.7248,586.1865,727.1939,2095.256,1249.356,1844.593,1282.893,641.9525,869.3538
"388",384,"Factor #384",36.735,34,372.3175,1218.31,1601.839,1427.015,1239.035,1205.933,1231.625,1248.364,1101.591,1065.927,1220.613,542.2935,945.6393,914.8982,692.8465,1212.616,825.7945,1406.072,1126,692.5419,719.9515,674.4867,1225,779.9315,1124,463.8088,1008,449.6969,1615.404,1224.81,1423.227,1153.067,860.9898,939.7549
"389",388,"Factor #388",36.7365,34,594.2534,1472.936,2629.524,1931.746,1746.992,1067,1218.74,1378.151,1180.926,1328.962,1130.832,1203.929,1195.306,678.8898,914.2464,919.3218,883.2171,1725.833,979.5816,872.2359,711.8095,835,425.1613,836.3781,475.5344,691.0509,380.3417,654.1496,2164.87,1153.517,2150.478,1153.067,709.0582,806.1905
"390",381,"Factor #381",36.7444,33,543.4537,1376.517,2423.605,1931.746,1604.872,996,1403.393,1437.156,1363.727,1328.962,1602.228,1056,1351.281,1163.249,969.345,1350.557,1298.548,1829.118,1201.432,745,989.3954,1105,651.0207,805,515.6537,467.7248,213.2204,0,2134,1308.158,1675.638,702.4808,657.2482,991
"391",391,"Factor #391",36.9518,34,21.20799,2433.092,2669,2856,2193.223,2098.783,2005.427,1668.17,494.2417,1595,3094.929,510.085,980.7139,1027.584,341.4306,1417.682,652.687,482.5673,171.7435,26.12002,30.1864,474.3745,1785,397.4674,1750.307,30.3482,30.6565,224.6484,483.93,29.87739,604.5246,1356.597,359.0585,344.5638
