"","AlignID","Factor","tmean","FoundIn","6_Extraction_blank_1_polar","12_QC_polar","13_QC_polar","23_QC_polar","35_QC_polar","44_QC_polar","45_QC_polar","14_Leaves_polar","15_Roots_polar","16_Stem_bark_polar","17_Leaves_2_polar","18_Roots_3_polar","19_Stem_bark_3_polar","20_Leaves_3_polar","21_Roots_1_polar","22_Stem_bark_polar","24_Leaves_polar","25_Roots_polar","26_Leaves_4_polar","27_Stem_bark_4_polar","29_Stem_bark_5_polar","30_Stem_bark_2_polar","31_Stem_bark_1_polar","32_Roots_polar","33_Leaves_polar","34_Stem_bark_polar","36_Leaves_1_polar","37_Roots_2_polar","38_Roots_4_polar","39_Leaves_5_polar","40_Roots_5_polar","41_Stem_bark_polar","42_Leaves_polar","43_Roots_polar"
"1",2,"Factor #2",3.0238,34,27378,29209,364.8227,16581.78,447.4286,518.0263,22182,472.3898,358.635,28917,1408.41,4943,29199,26682,28006,303.8636,492.7542,26389,29596,262.4659,1502.326,390.2356,336.7449,27821,30175,405.3927,496.2603,27276,4923,1792.224,28038,423.2822,29109,27804
"2",5,"Factor #5",3.0307,34,722.5408,2213.06,2079.825,2011.612,29116,29069,4775,2739,1252.896,29112,2268.268,942.8957,3156.106,26682,950.5634,2094.862,3483.706,635.7263,2725.31,28602,29255,27748,1920.018,708.7621,2625.112,26459,26375,887.8331,1133.09,2397.447,1179.222,2406.054,3061.527,1271.451
"3",22,"Factor #22",3.0318,34,371,2931.796,2935.029,2998.32,3056.789,2915.406,1387.699,3729.879,363,3083.767,3888.713,324,5144.076,1046.441,111.0186,2851.633,4952.115,319,3879.157,1931.628,2311.741,2153.849,2643.853,162.099,4578.234,3054.968,3490.965,296,305,3675.018,428,3047.921,3787.883,158.6513
"4",8,"Factor #8",3.0326,34,1616.289,4784,2146.849,14906,3828.079,3437.249,399.7654,12383,677.9463,4619,2621.976,726.8809,5709,2339,653.2523,4390,10403,670.2667,2819.727,2310.923,4182,2942.207,2115.788,646.1734,5489,2276.129,5251,733.2136,723.4988,2755.274,751.703,13528,2648.51,724.1496
"5",21,"Factor #21",3.0359,34,17.5655,21.88624,31445,18.47919,36.21471,48.26711,21.56562,38.3608,30.32362,27.86996,31175,24.67244,13.80846,20.67404,47.07834,27.05097,38.29418,18.95109,21.7109,22.88449,28.63549,26.31643,31294,7.976495,23.38785,34.03424,25.85615,37.33113,31829,23.19523,35.75683,10.30237,24.68496,25.74839
"6",1,"Factor #1",3.0369,34,138.2539,4625,3869.636,4516,4604,4273,1708.556,5428,180.8821,4636,4722.54,168.4758,7496,1878.285,151.6795,4553,6568,180.9372,6285,2896,4353,3468,3822,152.8822,6982,4768,5541,172.2681,166.5408,5768,201.5113,4895,5618,180.7104
"7",6,"Factor #6",3.0375,34,3456,234.1705,412.6924,449.8749,415.4473,542.4417,4775,329.636,333.5032,287.023,290.0896,27948,414.2834,431.6511,4439,307.8024,405.4917,279.4888,365.0143,233.2429,324.2819,395.5194,262.4746,3827,30174,383.0123,406.4125,26352,349.7432,451.1986,5001,363.8221,29109,4864
"8",14,"Factor #14",3.0379,34,14.33098,117.2897,138.6037,120.2252,176.231,218.3694,491.8157,12383,57.0898,157.3776,85.5484,47.30381,161.2187,238.0458,43.22901,129.8845,200.9801,42.01729,127.0959,104.1813,152.9171,175.0722,118.8222,20.89954,145.2236,163.7346,168.4206,53.57572,44.44031,128.5769,59.51008,13528,186.5293,49.30181
"9",4,"Factor #4",3.0479,34,222.568,3813,3913,969.8876,1208.148,4549,3345,1262.034,359.2421,3978,4292,312.6626,7140,3556,277.3344,964.5084,1029.571,262.0873,1154.783,988.5908,1104.56,4529,1069.637,287.5712,5703,4002,1220.383,327.4294,372.2067,6047,503.2328,4780,1192.762,396.5373
"10",11,"Factor #11",3.1249,34,222.1988,2746.591,3130.553,2640.043,2983.219,2572.857,1250.055,3810.109,243.93,2600.386,3378.44,368.0165,4528.142,1394.994,242.4086,3763,3467.752,257.6061,4120.98,2453,2407.951,2896,2515.26,238.5548,4440.348,2573.515,4364,384.8693,317.0824,4648,288.3809,3176.607,3539.957,383.5748
"11",9,"Factor #9",3.1362,34,2945,2061.138,2085.427,2089.023,2637.104,2020.232,2213.221,2013.992,2554,1560.863,2404.238,2039.371,1345.734,1961.477,3274,1474.525,2680.064,2537,1931.209,3021.464,2367.903,3056.796,1952.78,2841,2599.492,2279.3,2707.445,3398.564,3787.392,3509.342,3187,2385.997,2473.588,2971
"12",17,"Factor #17",3.1616,34,2473,2095.384,2191.417,1776.628,2565.26,1622.385,2213.221,2438.422,2444,1394.029,2376.273,1816.405,1263.857,1961.477,2358.766,1197.485,2658.8,1408.553,1833.645,1417.528,2481.703,2700.969,1646.536,2576,1457.567,1859.067,1752.427,2196.577,2004.75,3063.828,2759.755,1774.981,2367.922,1738.178
"13",3,"Factor #3",3.1647,34,226.1283,3523,3648,2569.2,3656,3132,2160,3456.918,198.399,3303,3368.419,177.394,5357,1608.794,247.1894,3601,4418,262.5057,4147.949,1778.19,3264,2589,2843,242.832,4884,2466.257,4160,223.3237,189.7773,4364,282.9693,3555,4130,241.0619
"14",10,"Factor #10",3.1903,34,259.4003,2565.975,3648,2569.2,3018.064,2385.676,1767.946,3799.768,650.856,3315,3209.58,425.0359,4683.66,1437.27,418.2761,2717.594,4022.909,701.9307,4092.16,2066,1922.375,2421,2843,328.1415,3957.426,2454.802,3337.03,771.2954,618.8496,3392.303,718.9656,2605.425,3539.957,529.7272
"15",13,"Factor #13",3.2163,34,1627.823,1213.615,1823.671,1692.829,2284.351,1761.939,1556,1088.762,1744,1506,1024.026,1169.53,1240.484,1347.612,1484,630.7291,878.4848,1023,1597.775,653.5579,826.3752,1502,1796.342,628.9485,1442.588,720.0692,1614.602,2401,2058.624,866.5667,1074,1223.85,1976.404,1012.078
"16",20,"Factor #20",3.2469,34,839.2145,798.4382,917.0224,1314.438,810.4643,1633.852,2022.812,714.6422,778.3245,661.2488,1041.941,1169.53,951.5963,1291.801,1124.602,1325,839.74,563.5798,1765.455,1346,829.1359,669.94,1425.212,513.3973,921.7735,511.0048,1648.644,709.9634,678.587,718.9368,1072.478,1251.102,965.6396,1012.078
"17",7,"Factor #7",3.2472,34,90.05182,3526,2531.016,3208,2981.144,2287.821,1373.107,3264.477,109.0806,3264,4159,94.32189,2925,2201,119.4347,3426,3799.599,66.78795,4642,2226,2165,2019.186,2629,130.7125,4036.942,2679,2951.03,115.4824,74.36689,3910,103.7214,2605.425,3860,80.46586
"18",19,"Factor #19",3.2506,33,839.2145,796.1831,842.6932,896.3165,774.9158,1145.799,1122.368,1059.757,826.5487,603.9964,972.0039,1103.07,0,789,875.8737,572.1511,1264.951,676.1662,1143.748,730.8692,817.827,592.3888,865.7472,708.7396,1151,517.3342,1137,563.0481,661.5497,937.1243,1072.478,1217.92,695.1352,1267.304
"19",12,"Factor #12",3.2637,34,305.6766,3125,2531.016,3092,2981.144,2841,1373.107,3555.116,192.8491,2423.65,3449.149,227.7726,4487.086,1524.637,342.6611,3257,3570.866,235.7567,4625,1786.726,1945,2388,1962.086,186.7847,2575,1786.086,2904.477,184.1091,230.777,2856,332.8931,2340.913,3979,263.629
"20",15,"Factor #15",3.2657,34,996,839.6026,571.6888,819.272,818.5841,681.4044,1242.517,790.0051,939,711.8214,1087.851,1606,951.224,1292.378,830.1201,510.8868,958.0579,563.5798,1072.296,714.1767,520.5821,618.3284,577.9003,708.7396,591.4725,513.4578,979.9491,547.9763,643.8059,527.3502,1031,642.871,971.9543,1098.749
"21",16,"Factor #16",3.2963,34,330.9636,1390.039,1522.243,2932,2714.015,1917.049,1525.174,3089.543,324.97,2377.796,3049.499,210.5439,4424.973,475.3039,335.7914,2557.335,3426.289,238.5523,3791.961,1258.711,1064.103,1096,1652.779,96.35973,2620.238,1928.25,2852.07,190.0662,260.8963,2029.842,193.9255,1760,1145.24,136.7179
"22",18,"Factor #18",3.3484,34,150.6779,1045.183,1522.243,799.0648,901.0463,547.0396,362.224,1889,87.52963,673.5787,1022.609,140.202,1512.774,495.6819,69.20674,1977.942,925.3386,51.38136,1541.441,883.6777,1064.103,739.4192,633.7978,30.87188,1418.695,1218.139,1325.51,48.62733,115.8784,1017.329,80.34355,1766,1092.959,72.11469
"23",24,"Factor #24",3.4112,34,135.1679,1400.245,1934,1893.001,1424,1738.592,3423.244,4758,184.2209,1716,4462.407,183.5885,2948.826,4085,207.5057,1397.075,2989.289,101.4018,6256.34,768.5713,1378,995.9555,1066.411,39.17041,7194.998,2148,1389.953,34.91812,30.00338,2199.528,74.95048,2614,5639.271,95.70062
"24",23,"Factor #23",3.4274,34,134.7478,1757.564,1412.879,1893.001,2537.273,3732,3763,5509,184.2209,2038,4738,183.5885,3006.435,5006,206.1021,2216,6563.64,108.5092,6577.596,1486,1426,1549,1105.29,68.12064,9768.899,1244.599,6819.195,65.25,36.89139,11383.12,71.48387,2774,7770,92.93321
"25",25,"Factor #25",3.5403,34,105.1097,10328,9770,11587,13096,19396,19689,19710,230.1182,7507,17211,334.1615,12588,17724,110.6305,8526,25883,293.4226,31894.23,6146,5404,7575,6842,228.5602,29957,8617,25762,94.64341,76.26295,39291,850,13360,36169,303.5979
"26",26,"Factor #26",3.5406,34,105.1097,8953.451,9770,11587,11776.38,18547.25,19689,19710,236.1149,6376.782,17211,334.1615,12588,17724,112.7167,7240.114,25883,293.4226,31894.23,4694.076,5253,6437.581,6842,228.5602,29478.88,6695.512,25762,94.64341,76.26295,39291,619.4504,11606.88,36169,303.5979
"27",27,"Factor #27",3.5406,34,105.1097,8953.451,8470.566,11587,11776.38,18547.25,19194.41,19297.8,236.1149,6376.782,16880.81,334.1615,10995.92,17357.36,110.6305,7240.114,25924.09,293.4226,32179,4694.076,4437.342,7048,5804.575,228.5602,29478.88,6695.512,25395.82,94.64341,76.26295,39660.46,619.4504,11606.88,36534.46,303.5979
"28",28,"Factor #28",3.5407,34,65.34236,5728.934,5125.158,6474.115,7295.887,13011,12391.55,11840.6,126.1631,3842.13,10887.87,216.0965,6995.445,11246.34,86.57467,4320.46,16186.65,139.2467,19992,2789.889,2869.383,4272.83,3629.037,130.6014,18650.68,3902.121,16174.73,53.09457,33.67196,25109.96,376.709,7032.442,22968.4,163.2801
"29",58,"Factor #58",3.6582,33,540,100.4491,68.65136,92.15204,131.3691,162.4961,180.9239,198.3372,7.306857,0,175.2342,52.52419,90.52688,169.8955,5.391994,68.39036,291.3064,5.925014,326.477,27.35559,43.8541,76.08344,58.05719,534,290.6974,51.30865,274.7489,162.4365,598,355.0464,188.0581,84.19403,391.2121,171.6963
"30",31,"Factor #31",3.6734,34,33.01788,4427,3498.767,5695,7118.413,9383.94,8438,9551.068,49.34204,3041,9615,101.0468,5935.567,9557.381,32.8735,2663.052,14288,72.81929,18325.33,1247.263,2099.861,2879,2037.943,52.20437,18130.38,2095.425,14897,18.27346,52.58823,25195.46,128.73,6554,20289.16,115.3167
"31",61,"Factor #61",3.6857,34,17.4071,1602.997,1651.291,2341.699,2448.687,3026.07,4255.117,4785.388,29.74284,897.7434,4255.389,441,2328.554,4121.366,16.64537,1288.274,7161.593,37.85004,6533.189,695.3151,785.7762,661.8951,668.6553,125.0647,7109.931,1388.908,7320.848,207.9169,241.6871,9184.516,650,2234.963,9358.152,161.4084
"32",53,"Factor #53",3.7294,34,34.53439,2723.971,3181.512,3427,4932,6440.232,6739.389,7779.514,50.60151,2551,7055.584,23.94517,3183.387,4717.402,35.12615,1281.295,7955.852,26.5647,12129.36,1250.923,1536.777,1408.477,1761.356,66.36868,13461.92,1021.369,11489.69,30.82369,116.8141,18604.86,97.40675,4278.865,14493.05,20.26413
"33",57,"Factor #57",3.7307,34,652,303.8699,279.5056,231.5303,437.7892,561.8983,494.7393,620.0379,556,139.4287,574.7377,41.92822,307.3301,245.7667,23.18769,200.5474,1197.406,480,1125.643,99.97627,103.4049,106.7567,113.8652,131.7824,1252.807,85.22074,772.9927,207.6268,597,1479.786,188.0581,378.6362,1268.184,6.641712
"34",60,"Factor #60",3.7353,34,5.390442,693.2238,759.1048,860.0155,1699.282,1911.575,1638.19,2349.417,47.17467,595.8045,2277.381,546,1488.006,2750.184,100.653,388.0398,4468.271,197.4311,3493.873,363.5659,377.9299,361.1662,431.7632,131.7824,4647.98,572.6046,1579.568,232.8713,357.6075,6008.24,618,1483.452,4705.232,161.4084
"35",55,"Factor #55",3.7835,34,754,484.2359,231.0573,157.7799,286.0215,396.356,328.8475,431.4923,530,94.64237,358.5605,544,152.2462,321.8641,739,46.26604,698.2148,248.9564,487.5654,13.45086,67.01226,130.6411,77.668,212.4405,526.6307,44.98674,446.2901,672,555.0997,742.6145,174.6381,228.033,833.7604,265.4256
"36",38,"Factor #38",3.8082,34,70.07258,2653,2845,3427,3611.27,3900.32,4733.907,5056.513,50.60151,1863,6494.889,58.74423,3004.362,5951.758,231.3398,1699,10663.71,73.85461,8277.155,1400,1084,1034.281,1177,74.27852,8012.278,749.3884,8845.647,349.0039,446.8441,11082.79,222.6545,2712.219,11002.83,110.9304
"37",51,"Factor #51",3.8085,34,761,544.8205,430.5223,141.8529,369.3409,441.2872,290.8836,356.1176,556,67.50899,310.0218,632,143.3098,242.2946,968,47.3076,461.2664,743,415.8888,12.09975,60.97951,81.75799,120.0655,895,438.9294,42.81315,378.0674,946,918,625.2066,419.0519,221.5216,554.3476,422.7936
"38",48,"Factor #48",3.8422,34,1071,923.3768,571.1451,179.0779,421.0156,586.6894,594.3959,462.4342,596,109.7456,431.3294,873,206.685,333.3005,991,75.61709,685.4967,763,552.2238,17.48025,319.5345,444.2562,123.6048,795,659.6389,270.7732,475.9381,1021,1200,886.4491,691,518.2213,598.1391,838.0824
"39",52,"Factor #52",3.8562,34,411.8827,1965,1338.356,2530,1993.875,1923.209,3837.46,4163.556,72.03103,1339,5742.137,271.1081,2156.68,4451.985,329.9693,962.3941,7988.583,650.6503,8076.54,195.5639,371.0377,529.4746,636.2428,612.7433,7881.22,661.3944,5890.928,504.4167,646.5395,9427.834,320.4913,1892.447,7166.639,780.8008
"40",42,"Factor #42",3.8968,34,104.6275,1238.865,1193.672,1571.241,2274.542,2725.882,3337.769,4067,104.0916,752.9611,3704.518,275.6816,1717.992,3332.978,99.33936,367.1991,6308,139.254,7235.298,78.49122,371.0377,372.5727,395.4917,338.0552,6942,541.7969,4612.529,144.3442,209.7557,9408.394,205.5788,1817.246,7557.055,430.978
"41",35,"Factor #35",3.9028,34,1461,1318.633,868.0345,266.2067,729.4487,985.0465,788.5487,511.6544,809,529.8603,459.2295,1103,618.2383,376.5702,1280,429.058,201.2628,1226,466.2281,341.8234,511.4469,592.5728,608.4639,1278,354.4864,377.6098,434.2904,1072,1313,608.7315,1111,569.2915,450.773,1589
"42",41,"Factor #41",3.9256,34,939.4936,1302.231,2032,1339.256,2574,1895.157,3061,4163.556,515.9772,1208,4418.473,856.8489,1315.678,2912.074,121.139,536.7402,5237.985,1022.151,7064.076,226.5801,371.0377,1086,493.3204,635.7017,4743.583,365.2089,4162.687,475.219,1702.127,6657.109,793.6796,1993,5817.412,1103.429
"43",50,"Factor #50",3.9694,34,1744.511,1302.231,2025,1120.76,1609.797,1672.223,2042.511,2355.84,1149.976,1483,2593.458,1562.897,1276.16,1935.177,803.7325,786.0457,3018.658,1096.716,3417.948,391.6345,937.0387,1392,1349,972.0227,3267.199,850.0106,2630.041,2764.65,2390.143,4345.611,1950.282,1167.775,3815.912,1170.95
"44",39,"Factor #39",3.9743,34,2063,1690.833,1335.172,971.5553,1408.015,1439.755,1317.752,1082.587,1452,1014.268,909.9341,1901,1245.719,703.1154,1375.308,786.0457,739.3359,1626,734.4555,623.4948,1035.049,1084.514,1088.229,1449.238,694.8155,900.6412,796.2171,2462.638,2467.968,1129.099,1950.282,1231.388,942.9294,1792
"45",36,"Factor #36",3.9935,34,573.2221,962.5683,869.5045,856.8574,949.7844,969.932,1059.218,6175,480.6627,1038.511,4114,546.6795,899.1156,6741,525.4195,876.1532,6866,678.0548,6860,1190.699,988.9221,1821,2279,426.6845,6120,2078,4588,620.5981,753.6843,5745,579.0713,2252,7896,444.2085
"46",37,"Factor #37",4.0001,34,479.333,1044.077,951.2449,1082.287,1405.8,1531.462,1693.476,6522,488.2129,763.3496,4031,320.454,1164.721,6626,518.1854,816.5819,6445,431.8323,6860,792.7454,920.4915,918.1143,2086,542.5359,6120,625.9895,5116,679.9249,793.7198,5413.824,513.3251,1409.698,7896,631.1759
"47",34,"Factor #34",4.0081,34,2392,2371.848,1838.017,1448.608,1888.647,2097.078,1753.911,1083.574,1483.969,1270.341,1528.968,2162,1358.836,944.4309,1696.7,958.7545,888.8206,2033,1388.715,884.507,1448.167,1681.459,1558.54,1812,789.5311,1098.355,1268.114,2963.356,3016,1535.661,2699,1683.959,1318.597,1997
"48",40,"Factor #40",4.0112,34,1785.52,1604.039,1210.275,1776.706,2263.989,2115.6,1616.057,6522,727.0251,2255,1986.345,1617.31,1893.664,5539,1526.08,1705,6531,1926.993,4303.773,1682,1525,1026.215,1220.752,1491.478,4064.224,1065.757,3207.587,1900.969,2238.196,4671.573,639.9491,1409.698,5654.302,1382.336
"49",43,"Factor #43",4.0322,34,2935.946,2371.848,1220.558,2552,2640,2779,1930.16,2610.569,2008.003,1044.471,2687.058,1962.127,2088,3587,2700.312,954.6145,3730.219,2590.985,4646.914,964.1103,903.2364,1681.459,1028.526,2819.839,4326.259,1891,3715.14,3474.577,3038.288,5383.54,1937.565,2714,4315.9,2960.835
"50",56,"Factor #56",4.0362,34,305.3227,841.6001,802.4694,937.8961,507.7102,771.1408,694.8421,3631.439,372.31,890.0926,2519.806,327.3622,769.9521,5637,268.7541,859.2754,5609,436.3776,3040.044,648.8258,696.3955,854.5162,924.2971,386.8457,3985.082,790.0626,2605.878,175.3531,430.1869,2888.727,164.1976,1408,4526.21,310.0587
"51",54,"Factor #54",4.054,34,1188.604,2630.949,1989.405,1751.041,2148.356,2049.796,2079.814,5531,1471.494,1270.341,2519.397,1184.925,1738.46,2569.457,1008.428,2208,2449.939,622.7826,3046.941,664.5956,1079.068,1178.971,1736.247,466.699,2202.66,935.7741,2448.048,2174.523,2146.381,3247.605,3521.241,2037.761,4690,2316
"52",33,"Factor #33",4.0679,34,1929.298,3099,2696,2750,4494,2341.169,2526.448,2494.325,2749.508,2315,3115.046,1689.954,2015.053,2565.848,3044,2798,2009.851,3879,2751.538,1661,2132,2449,3301,3089,1789.366,3750,2615.005,3775,3641,2920.201,4803,3859,5128,3357
"53",44,"Factor #44",4.1171,34,4720.042,5175.057,3972.02,3760.743,5042.367,5973.201,5651.133,2931.146,3059.572,3140.997,3497.024,3976.406,3746.878,3331.574,4224.239,2880.314,2044.05,4500.54,3331.902,2810.298,4167.555,5199.311,5903.701,4714.892,1935.925,3371.625,2926.728,8442.463,4929,3220.36,5050,4157.193,3071.733,5192.758
"54",46,"Factor #46",4.1469,34,1456.682,4284.123,3648.728,3320.689,3575.297,3644.838,3540.521,1972.263,7255,1944.815,1998.312,2621.215,1992.224,1850.909,20225,1844.011,822.9958,6333.842,2174.774,1465.303,2475.51,2986.616,2879.995,7240.708,1244.524,1691.598,1946.462,11262.67,4301.758,2209.689,3355.245,2251.354,1797.879,6542.91
"55",45,"Factor #45",4.1472,34,55.65366,2310.683,2267,1978,2621,2884,2309.018,594.8886,7255,309.8539,401.44,192.9425,206.8812,636.5655,20225,308.809,682.3287,5257.287,749.1985,304.5206,295.1997,259.547,265.4309,7213,630.6011,309.2539,436.4012,10853,187.2704,656.6701,196.2172,260.7192,677.5928,5305.34
"56",47,"Factor #47",4.1474,34,3311.413,7058.694,2583.38,4580.675,4357.666,5472.214,22704,2931.146,11701.33,4164.514,5073,7500.489,3984.562,3000.39,5493.925,12942,2925.137,28763.06,3094.386,6114,35866.35,14830,7634.781,7353.305,4769,4185.676,4318.911,9000.006,9326.768,6113.672,9936.762,6679.7,2850.725,32902.29
"57",32,"Factor #32",4.1506,34,4429.829,10064,7948,7004,7570.64,21061,7437,4327.253,8670.829,5114.299,5248.807,6952.053,4748.979,4767.649,23059.57,4482.404,3631.873,8367,5501.993,4107.941,6247.429,7910.058,8745.597,12346.22,3368.235,4419.34,4738.04,19421,11425.25,6113.672,9428.06,5225.174,5365.144,10556
"58",30,"Factor #30",4.1509,34,16128.9,10713,4272,6031,4998,17687,5279,9041.13,3565,5693,11736,14682.5,4223,16296.11,18043.06,3160,4570.51,12243,13427,7149,3960,7641,20166.85,20146.1,5048,5623,6279,22190.37,25645.24,15646.63,27833.22,4711,14636.14,4696
"59",65,"Factor #65",4.1524,34,51.41604,404.8919,345.3872,469.833,338.8308,472.9915,433.0642,4554,477.6495,1116,1022.438,144.4769,375.0353,1134.259,1132.89,326.4709,1610.446,403.3173,1309.38,467.6172,908,587.8931,1415,1191.451,1337.213,236.7985,1116.777,636.8976,63.7103,1098.567,81.60189,176.0393,1137.484,204.0614
"60",59,"Factor #59",4.1653,34,6547.05,26871,6898.97,5970.566,7570.64,7202.424,1798.458,3964.854,7161.86,20447.7,22061.34,14784.17,27354.17,4767.649,18043.06,5085.356,1669.957,12243,5501.993,6069.735,6986.112,3585.817,8026.576,8576.435,3038.402,4185.676,3899.063,17783.87,11425.25,8584.7,9428.06,17415.25,4530.914,8668.093
"61",29,"Factor #29",4.1943,34,38367,29332,34225,24548,30762.16,24693,24596,30483,43231,31618,26015,41003,42740,18047.07,30112.8,26461,33052.98,34911,15055,24743,39464,16787,22133,13653,38795,37932,29173,24124,28281,33031,36637,7026,27124,35526
"62",63,"Factor #63",4.2041,34,335.3889,538.3676,870.8836,386.8441,538.7126,571.5127,269.4554,3989,1792.859,1116,591.4848,1079.239,1014,3828,795.8067,1044,4072,1583.308,3732,1298,751,400.8045,416.9521,635.0923,4668,840.2896,3799,1337.169,923.5968,1022.561,219.3592,425.3898,779.9805,1194.131
"63",49,"Factor #49",4.2272,34,2203,25455.16,31054.41,2523,1800.142,3740.603,2679,21742.23,23318.97,19116.19,19237.02,16624,2403,11078.26,11468.99,13868.71,6058.405,26191.84,16532.06,17980.61,1562,11217.78,1606.644,2033.426,15012.85,18857.57,14427.72,1933.536,1745.294,29720.79,2605,23926.16,21220.52,3744.556
"64",68,"Factor #68",4.245,34,81.35129,910,520.4097,1058,456.6004,1131.436,897,1499.646,1320.817,231.8428,1348.076,1021.13,221.3384,773.7367,6307.106,1333.154,2204.683,3074.391,1033.216,202.6058,2351.319,267.8971,179.6179,2581.757,1005.662,263.3802,1660.394,1887.572,719.0536,1886.788,63.47811,1317.26,1107.62,678.0463
"65",73,"Factor #73",4.2507,34,8.615102,128.6256,421.5376,427.0069,838,600.2944,532.918,79.62444,1979.172,10.80913,44.98114,45.44549,52.51351,103.4563,5420.023,87.49442,168.7577,1839,216.1328,72.29994,105.5769,67.34969,55.38589,1303.976,153.3681,65.81384,160.8708,1738.786,34.41544,221.7472,33.05784,87.282,84.60876,1348.277
"66",62,"Factor #62",4.2947,34,45.9828,256.0239,260.4155,243.6623,292.5333,340.2444,279.6133,3046,26.12897,965,2207,44.43432,987,2496,159.5173,390.6583,3442,48.8863,3139,920,233.2728,808,994,76.61063,2310,806,788.7263,143.1165,58.78643,2216,54.13356,699,2776,55.27461
"67",67,"Factor #67",4.2981,34,139.702,257.4898,310.1876,243.6623,292.5333,347.5341,279.6133,575.3288,144.332,685,2407,50.39317,383.4905,616.1377,154.8454,403.7878,2987,80.24288,840.3389,399.9455,233.2728,421.3824,851,146.949,693.4442,481.7116,682.4791,65.34967,174.7455,868.3267,74.55084,408.1502,719.7025,134.2174
"68",70,"Factor #70",4.3443,34,47.32452,148.037,144.4587,156.7063,156.0412,110.6571,107.0257,27.72847,642.9587,13.41441,24.45207,8.024737,35.34714,73.55535,1438.49,34.5844,1.024205,1215,53.8992,62.91984,16.28103,28.81146,53.83438,1250,29.96899,52.09248,35.05284,1884,10.82868,65.52705,53.31148,36.30321,25.84038,1168
"69",64,"Factor #64",4.3557,34,36.46612,568,59.565,283.1558,292.5333,83.14784,21.57658,2445,38.05446,669,1312,6.83985,669,1510,83.24423,686,1131,26.54999,756.9754,647,233.2728,382.3767,375.1841,24.19199,693.4442,778,597.0594,45.47653,7.457908,930.6497,66.66928,756,1880,31.26613
"70",72,"Factor #72",4.3726,34,4.058361,60.26518,15.19788,11.84268,50.06534,89.85624,55.28844,6.798882,879,5.554363,13.75802,7.005152,30.76669,68.88884,953.5233,24.27438,4.458919,184.4768,16.87871,29.21252,30.81857,16.22805,23.73863,205.5629,4.715582,45.90373,25.5163,1981,5.353129,19.75859,23.89102,14.65947,20.10564,979
"71",66,"Factor #66",4.4121,34,28.81494,152.1585,118.5658,150.4142,289.9545,267.7921,296.9748,248.6482,26.39217,195.9955,240.2095,39.55588,248.3563,648.8941,106.5225,132.9317,287.3942,106.0964,671,526,313.2981,350.2506,539,57.74858,265.1182,264.7998,845,79.05094,25.42314,793,32.29289,260.8244,339.0903,36.88083
"72",74,"Factor #74",4.4171,34,5.408205,134.7653,171.0573,107.8174,289.9545,267.7921,201.6908,150.6527,65.72299,102.4731,343.6221,39.5401,229.2092,953,96.78864,136.9401,287.3942,14.41032,479.8404,304.1769,301.5639,350.2506,629,10.28579,269.0806,264.7998,453.3274,80.75575,6.324259,834,14.24919,260.8244,339.0903,20.09418
"73",71,"Factor #71",4.4466,34,8.30008,23.13296,31.70849,23.58389,7.397448,6.35986,6.30054,5.644105,734,32.28542,14.08636,16.70465,9.206191,23.6971,885.1039,10.43137,32.99936,717,19.1008,43.91358,9.788605,5.108295,14.12232,650,14.23722,32.20149,12.0183,359.6906,26.27639,28.60313,8.3788,24.36969,7.631834,112.6089
"74",69,"Factor #69",4.4824,34,12.54521,12.2016,48.77248,7.512934,28.73496,9.638645,16.31638,14.01174,731,16.82718,48.29353,19.80866,10.72191,36.72567,1364,10.18793,8.757621,108.558,35.56772,56.90266,24.41201,11.02554,25.89109,604,18.40117,11.30498,45.08436,856,39.63917,31.19819,10.03551,12.0795,18.10162,121.3396
"75",75,"Factor #75",4.6434,34,5.897748,177.108,206.855,107.8098,152.6465,269.631,233.2832,221.0687,250.7512,163.3683,193.9297,544,183.2104,149.8668,211.2982,181.6733,245.5915,292.4661,265.4067,86.11136,119.4744,114.9292,11.35711,239.0679,243.4783,26.74504,242.2251,315.4824,250.9456,246.251,610,149.9592,279.0992,348.3403
"76",76,"Factor #76",4.7538,34,5.321999,6.355829,10.71447,8.442041,14.53049,6.66555,15.54617,7.303773,13.76748,5.76104,9.14726,15.30123,7.627161,9.84973,21.39092,10.55176,7.131993,30.05149,6.692404,7.435664,10.35771,5.717681,8.809717,4.657308,12.86385,12.33599,8.489885,20.1826,7.67994,11.59293,25.4554,741,596,18.63575
"77",80,"Factor #80",4.8544,34,14228,10312,9100,7363.634,10471.27,22161.38,16494.82,10420,11285.18,8475.679,5799,6063,7391,6386.211,12080.3,13801.4,14635.13,45968,13213.87,5967.186,9657.895,7628.89,6223.795,20984,25111,19462.56,7824.743,13190,13587.93,13567.78,31413,49979,50086,41753
"78",77,"Factor #77",4.8565,34,14228,10312,9100,8998,12272,22161.38,17460.93,12349,13319,10413,5799,6063,7391,7910,12080.3,13801.4,16755,45968,15332,6076.86,9657.895,8721.573,6223.795,20984,25111,23446,9115.696,13190,15710.25,13567.78,31413,49979,50086,41753
"79",82,"Factor #82",4.861,34,14228,6466.443,3565.095,6854.877,10471.27,18328.81,8205.189,7956.448,5409.83,5731.332,4178.744,4995.85,5501.693,4508.566,8792.585,8393.903,5617.156,14676.37,5499.512,4486.376,7691.937,6441.543,5825.223,10938.53,14842.76,10542.04,5361.466,5847.888,9193.089,10088.43,11116.27,49979,27814.08,18333.9
"80",81,"Factor #81",4.9181,34,11186.24,4557.768,4435.383,6493.642,9001.99,23248,19043,6459.704,5504.696,7387.116,3109.002,3457.966,5218.458,6078.407,13768.38,12436.88,14635.13,27707,11260.38,7609.253,10108.81,13127,6582.718,14125.2,16767.24,16070.93,12132.67,10474.04,19803,16186,19321,36096.87,34561.41,29390.44
"81",79,"Factor #79",4.9199,34,9149.551,4557.768,4435.383,6493.642,9001.99,23248,19043,6459.704,5504.696,7387.116,3109.002,3457.966,7015,6078.407,14995,12436.88,10641.85,27707,13382,9658,10108.81,13127,8231,15229,16767.24,16070.93,14150,10474.04,19803,16186,19321,36096.87,34561.41,29390.44
"82",78,"Factor #78",4.9206,34,9149.551,4557.768,6120,8269,10871,23248,19043,8239,5504.696,9489,4565,4800,6952,7769,14995,14856,12621,29124,13306,9658,12058,13127,8354,15229,19954,19824,14150,12614,19803,16186,19321,36096.87,34561.41,30595
"83",97,"Factor #97",5.0199,34,3353,2792.77,2385.344,4768,5638.326,6814.636,10463.38,2972.764,2941.43,4525.661,1898.208,2849.455,4158.08,2400.397,5514.822,4466.347,6524.617,7549.052,5314.21,3710.747,4874.123,4472.716,4151.791,3767.927,6437.546,2711.289,6178.539,6238.102,13096.95,10092.49,4174.08,11651.11,9671.093,12412.07
"84",99,"Factor #99",5.0438,34,2337.949,1279.203,1192.143,2603.16,2903.674,8949.783,5170.453,2707.776,1677.453,3192.974,1024.891,2011.565,2830.463,2330.325,4244.505,5521,3202.42,10036.3,4771.47,3344.822,4048.506,4403.985,4184,3865.64,4548.915,3186.991,5012.225,5008.18,8397.528,3464.708,6030.041,12905.81,4777.464,6785.598
"85",87,"Factor #87",5.0943,34,2504,1878,2210,1570.501,3865.012,8462,6404.608,2083.189,1908.545,2769.175,812.7846,1623.335,991.2948,2095.636,3395.459,5686,4066.247,7855,3507.861,3077.327,3852.459,4125.874,3191,5771.136,6324.443,4457.734,5069.562,3846.032,6549.955,3467.426,5333.024,9899.127,10970.31,7994.778
"86",85,"Factor #85",5.1487,34,2317,1517,630.7219,704.5076,2792.097,4383.803,4820,2353,1860,2282,496.577,1680,1105.297,1845,1753.196,1816.347,1581.445,5691.747,3833,2699,1803.693,2212.79,1491.885,4976,3321.849,4855,2407.053,1986.453,5585,3356.038,4512,8002,5607.599,7218
"87",83,"Factor #83",5.1628,34,82.98582,3068,2085,2796,1806,2384.863,2366.014,4575,655.1597,1922.747,4264,448.3007,1248.469,2075,561.1153,2319.635,2797.876,1100.492,4324,2037.739,1287.101,2626,2931,1179.178,2646.735,1830.875,2193,557.2637,744.8514,3299,570.6038,3626.557,5990,1547.832
"88",88,"Factor #88",5.1629,34,438.4545,3097,2085,2321.97,1712.896,2972.639,2835.011,4261,655.1597,1922.747,2428,448.3007,1248.469,2301,908.895,2319.635,2797.876,2007.412,3998,2037.739,1437.838,2347.943,2490.698,1952.882,2926.854,2174.995,1993.756,915.1131,2077.475,3031.763,1690.838,4585.518,6436,2893.583
"89",90,"Factor #90",5.1665,34,1715,1494,630.7219,704.5076,2489.96,3026.472,3274.297,706.1708,875.3554,830.6312,349.9551,439.7767,1105.297,1923,1396.74,1135.596,1175.205,1938.897,1768.848,1082.059,1305.694,1650.832,1140.58,4740.197,1643.727,1334.392,3123.906,1986.453,3335.244,2703.182,3173.399,7817.713,6285.524,6000.615
"90",96,"Factor #96",5.231,34,345.2678,345.1882,650.5599,944.0012,946.1698,2145.035,2533.654,8.745697e-08,547.5813,1.580217e-07,3.690994e-06,1.556247e-06,1.78639e-07,1.89582e-07,1798,1.908826e-08,263.7924,2868,2005.893,187.2124,278.3551,206.6862,1.624511e-08,2669.512,2926.854,1537.947,1249.906,1062.103,1615.02,1625.192,2889.556,2992.663,2915.17,2102.208
"91",84,"Factor #84",5.2456,34,24.82819,1443.262,1422.551,1591,1171.923,1924.004,1925.023,2236.882,1211,2777,1572.947,744,1531,1256.679,820.3881,2752,3365,1104.378,2770.491,2832,2176,2168.543,1480.481,908.3128,3004,2276,2455,1078,678.48,3221,691.2363,1816.56,2842.245,1126.739
"92",95,"Factor #95",5.2516,34,1243,2.338782e-07,23.30876,113.1251,1035.94,1881.043,1514,2.499507e-07,166.189,11.72561,42.23374,1.127608e-07,1.067566e-08,1.895718e-09,751.3789,5.074108e-08,131.7684,1718,30.52308,285.6876,149.618,263.558,1.181786e-08,1722.642,1301.335,1334.392,941.8226,720.1872,1734.579,1150.218,1243.172,3249,1702.859,1626.242
"93",93,"Factor #93",5.2516,34,64.9179,931.8807,1386.33,1112.19,880.05,1924.004,1725.675,956.1234,809.6337,1073.426,1545.688,672.6798,1747,1171.542,817.9323,1468,3350,1211.027,1189.461,2817,1291.623,1201.879,840.0202,1056.67,2930,1827.035,1634.142,540.2334,1122.193,2386.486,925.2734,2151.162,2818.339,1455.37
"94",101,"Factor #101",5.2841,34,44.40761,373.6541,789.4644,497.1665,524.8209,497.1783,535.7528,528.8419,423.8017,625.5008,573.1537,244.2356,677.0504,336.3693,251.3267,624.2163,671.1479,1225.711,895,1150,459.9596,471.3867,488.497,465.9882,1001.336,824.7037,739.5308,241.4827,1477.106,590.785,665.4619,979.8321,683.132,752.9705
"95",92,"Factor #92",5.2921,34,10.34604,931.8807,771.3572,728.0521,997,937.4372,888.5782,1428,738.9903,987.0184,1476.137,610.2859,926.8501,585.115,634.99,1008.497,1048.473,778.4064,1067.51,1884.383,1209,977.5605,776.4465,567.8828,1215.95,1070,876.1813,613.8696,515.5392,1824,300.6919,1302.962,1253,1014.293
"96",91,"Factor #91",5.3013,34,5.307007e-06,172.2086,318.1275,281.177,327.293,1178,448.3611,274.4643,238.3382,311.8408,376.3787,129.4414,343.6111,110.6718,812,275.6978,421.7459,1718,306.1195,374.7905,163.6609,330.5055,160.4941,1398,1234,443.5805,933,926,816.6548,478.1909,774.1132,3360,1559,2912
"97",89,"Factor #89",5.3043,34,26.31027,544,898,641.0121,700.256,776.662,1045,864.3672,495.3571,796.9688,962,375.2776,1221,798,375.6735,1228,1655,529.882,1447.202,818.4604,538.4745,1174,776.4465,567.8828,1335,1035,1152,307.6824,1002.25,1943,753.0163,881.6605,1201,703.9313
"98",100,"Factor #100",5.3054,34,0.512526,149.1918,316.6606,277.1041,382.3901,629.2798,319.1593,275.1876,204.3244,341.7379,370.1339,108.0203,341.4237,122.7335,825,361.1297,343.0163,1145,260.1159,99.84906,175.5914,265.5314,146.8303,608.8756,314.455,322.001,386.313,168.9485,817.776,367.8251,774.2705,1495,838.2552,2092
"99",86,"Factor #86",5.3125,34,14.33668,648,789.4644,827,987,1186,864.3202,554.7676,711,948,1094,900,1357,410.3933,374.8511,774.9312,686.6644,740.638,687.4386,580.8396,498.1396,735.4036,898,561.2319,796.1106,676.8876,605.76,375.4452,1485,787.2117,1647,1013.917,783.1457,853.4804
"100",98,"Factor #98",5.3215,34,21.1256,595.9042,299.9878,472.6886,570.3108,1123,577.303,674.3313,293.1345,370.8263,549.9142,157.1266,170.9064,259.7837,277.2988,1008.235,1227.997,534.004,1272.957,1030.595,323.5263,396.2473,201.0089,361.5355,915.1863,750.8095,222.0918,261.5012,651.5415,1045.165,324.49,1495,1161,302.1412
"101",102,"Factor #102",5.3541,34,6.8119,252.5737,317.7875,184.0992,332.9631,241.1574,219.4774,669,199.0343,763,362.5042,242.8435,393.3097,179.0422,130.1333,682.9684,950.1906,136.0056,654.2725,381.1838,461.2118,120.6475,301.0335,202.9486,719.2288,534.0874,513.4978,172.8156,117.9398,743.0787,255.4661,151.2425,642.2998,213.6608
"102",94,"Factor #94",5.386,34,517,18.90446,47.25982,50.81423,56.44115,92.01316,34.68529,11.77333,42.55731,74.34278,23.7671,26.69551,62.494,33.81551,22.17329,21.99759,20.28764,73.07841,32.44253,31.18364,49.97568,43.31089,107.3159,950,20.34582,21.28765,36.48585,524,1104,144.1278,1058,228.7926,673,854
"103",107,"Factor #107",5.4559,34,7.431475,755,1226.248,732.1049,805.455,583.6312,659.3914,766.8667,26.18868,1409.67,728,215.5237,1312.169,1282.719,193.8211,629.3891,1094.256,111.4129,318.2554,737.8968,516.3895,1638,3641.097,16.55589,1216.438,481.1571,1841.1,176.6798,63.12649,603.1174,203.4676,1256.597,412.9111,42.59236
"104",103,"Factor #103",5.4899,34,26.38962,1454,1502,1527,1574,1634,1701,986,121.7729,1662,2433,226.1061,1532,1466,193.8211,1727,1297,111.4129,2630,3505,3546,3989,4186,118.8651,1404,1976,3217,230.0603,188.4192,3475,217.9698,1776,1418,109.8773
"105",105,"Factor #105",5.4999,34,4.807962,1430,1244.289,869,1241.935,1453.141,1471.315,980,65.05537,1333,1790.762,86.5839,1239.318,1287.911,127.5389,1209,798.3203,12.47974,1242.409,1138.224,2799,3561,3442.988,16.3371,1201.972,1369,3175,230.0603,188.4192,1775.681,217.9698,1030.555,1151.878,37.4756
"106",104,"Factor #104",5.5626,34,5.093393,956.5544,937,732,835,924,679.1876,558,38.70032,1084,1155,159.0718,447.9382,552,103.3288,832,1145,29.80297,1119,1095,1508,958,837,29.50015,747.5381,983,1955.446,42.3293,24.92759,1733,96.36151,802,603,46.31861
"107",106,"Factor #106",5.5751,34,4.266289,744.1578,711.502,658,615,506.3848,637.9667,815.9232,23.41807,911.4869,868.4014,75.57642,447.9382,599.539,127.5389,816.1452,798.3203,29.7969,662,1095,1054.389,958,1808.272,3.229051,570.2185,823.2313,555.7485,37.11266,24.9548,1368,4.454864,562,664.6257,47.87549
"108",134,"Factor #134",5.6996,34,127.7256,606.7311,417.4879,504.5416,304.6858,1635.648,157.9158,411.0679,1259.329,618.0099,420.1375,1164.341,474.9347,370.7683,1079.64,312.3686,377.8026,421.3495,444.6579,604,372.3936,1115.445,327.194,3962.665,739.8876,506.1213,622,301.964,2859.247,486.4484,2518.292,1976.707,812.5921,4731.206
"109",119,"Factor #119",5.7034,34,127.7256,606.7311,684.7283,530.5016,891,745,801,692.5252,1517.585,888.0117,792,923.6405,684.6525,229.6235,756.1021,660.3732,523.4279,865.3632,481.8816,767.0112,692.152,1115.445,639,2745.047,609.7451,783.7834,539.6208,1007.945,2675.176,998,1300,1300.611,886.6528,4731.206
"110",111,"Factor #111",5.74,34,63.28992,2083,1818.423,2190,891,2087.752,2810,1083.794,5597,2216.221,1976,5737,2849.419,455.5987,1108,943,896,6059.399,814,1800.191,619,1557.379,1489.522,5296.912,1287.362,847,1170.058,2613.467,6755,1824,5687,2613.211,1288,5634.554
"111",108,"Factor #108",5.7546,34,80.11478,2341,2283,2633,2476,3516,3452,1493,5597,2568,2102,5697,3403,659,6422,2704,1313,6607,1619,2504,1878,2127,1589,5948,1692,2669,1574,3306,6755,2085,7082,3085,1675,7922
"112",124,"Factor #124",5.7647,34,47.8289,1585.878,1599.819,1493.201,1882.834,1890.541,1704.123,1043.218,4517.173,2122.422,1446.426,2426.659,2766.396,455.5987,3160.183,2179.436,1320.648,5996.592,1153.824,2081.789,890.9071,1354.063,1383.651,5296.912,1287.362,1273.658,1071.858,2194.301,2181.811,1715,7082,2320.571,1755.191,7038.085
"113",109,"Factor #109",5.7701,34,63.28992,2087,2072,2190,1411,1551,1921,1349,5597,2315,2073,3960,1937,455.5987,3983,2676,1851,5996.592,1353,2081.789,1067,846,1732,5268.342,1567,1472,1170.058,2879,6518,1824,4432,2818,2078,7214.988
"114",139,"Factor #139",5.7731,34,84.52935,739.1446,974.4011,1166.44,1830.943,2105.089,2365,259.8913,589,311.2767,116.1238,277.3509,161.3978,98.80111,375.266,1043,980.2244,3800.335,88.72015,169.7321,76.24506,115.9044,100.2648,5189.326,1858.035,2127.095,98.98105,166.2931,271.832,105.9403,378.7734,3893,3057,7214.988
"115",118,"Factor #118",5.8321,34,4.689183,997,963,791.5118,720.9643,2011,1090.6,598.6072,2650.263,1004.376,774.7609,1032.975,1484.907,153.8543,3160.183,1320.634,600.9011,1544.666,808,1054,821.8974,522.8338,700.3162,1819.068,367.6643,1045.278,753,1586,2784.158,729.7601,3331.695,958.8145,786.7657,2413.046
"116",123,"Factor #123",5.8799,34,18.85792,354.9798,389.1524,447.357,431.5756,476.5493,457.57,235.2313,648.4449,312.2417,474.4998,650.426,223.7134,152.1303,2701.006,447.4279,315.0673,1520.482,261.7169,761.8326,327.1041,330.725,290.1642,1201.443,576,184.0329,360.3293,936.635,699.5908,195.2375,949.3174,817,389.4358,2374
"117",113,"Factor #113",5.885,34,4.404431,910,916,214.059,967,1234,1136,575,2049,656,929,1809,627.4953,153.8543,2122.568,745,887,2377,730,924,329.1012,664,637,1591,365.6822,326.4291,685,1099,857.6219,607,1934,140.0966,630,2623
"118",117,"Factor #117",5.9174,34,8.208269,683,780,815,441.7693,412.5398,319.7572,608,1188.395,263.8315,744,1509,809,116.3437,1138.963,329.0702,765,1561,172.2363,672,329.1012,561,117.1557,1930,225.3877,169.8228,314.872,983,1662,389.6751,977.9296,100.7236,146.4764,2177
"119",131,"Factor #131",5.9376,34,4.32643,160.715,382.1192,386.49,372.3075,372.5848,320.0772,235.2313,577.8541,233.8731,687,716.7412,450.559,84.8059,956.4768,223.7042,195.7573,1521.877,191.8479,681,329.1012,251.1204,121.2884,682.9649,127.7537,265.5579,271.9333,983,733.4192,254.9643,594.7344,101.6079,145.8042,1345.448
"120",110,"Factor #110",5.9985,34,3.971039,824,827,879,949,1080,1145,387.5438,756.9198,1306,678.4313,1026,2161,209.9431,580.6493,1258,556,1158,525,756.0579,903,1372,1211,1049,571,1353,709,597,2293,808,1683,1638,750,943.7112
"121",120,"Factor #120",5.999,34,22.3866,389.55,337.16,273.6538,542.3892,521.7226,336.7405,248.5391,1067,615.2097,630,551.4831,1206.528,67.99967,1746,624.4149,315.4675,1327,228.8832,302.3521,462.7792,506.5691,568.2014,565.1582,130.3021,689.1194,199.3756,334.6984,661.0683,358.2275,818.6498,851.9537,398.8032,1498
"122",121,"Factor #121",6.0237,34,2.814387,631.6456,564.9225,505.4596,716,760.5824,642,387.5438,738.6955,772.5162,678.4313,646.1206,1405,184.7626,533.3469,854,434.7955,859.8029,391.811,848,348.5727,964,993,849.0481,386.2883,914,516.9963,558,1201,633.3363,1221.688,985.9557,579.6332,680.9466
"123",136,"Factor #136",6.0318,34,17.48139,83.07571,106.664,30.23536,201.6388,257.9373,50.10034,9.663336,364.6183,6.936088,139.6173,344.0532,43.49699,35.13646,496.845,4.669139,14.51041,487.6193,44.01306,151.0937,111.273,26.17145,42.05111,690,59.76061,27.83093,29.54951,79.88762,335.1207,94.75783,918,27.36556,64.01037,348.3158
"124",132,"Factor #132",6.0606,34,11.75796,289.7872,504,324.0444,688.4524,374.0461,361.2986,349.4886,487.4137,535.2176,810,531.3453,770.4146,156.7383,194.1391,860.9269,204.9837,463.0765,332.7825,487.0226,185.6611,452.1921,373.6005,816.4083,299.9318,459.4251,464.4387,212.9591,705.2255,414.0363,906,1170.328,337.2305,560.3308
"125",137,"Factor #137",6.0609,34,10.67254,111.3428,218.7519,125.6987,250.4958,176.6628,113.104,135.2598,439.1189,236.3545,117.4124,104.3046,297.9191,42.32429,831,208.4753,57.94201,382.2159,62.5369,191.8299,72.7395,225.9107,312.3941,618,91.09428,157.9619,100.9092,79.85873,781.9396,93.14098,491.3819,254.7733,89.81187,493.0826
"126",127,"Factor #127",6.0725,34,31.5965,299.2362,299.0975,301.7272,455.5781,401.3477,329.2427,279.6143,394,472.5032,305.4362,287.9327,819.77,97.30793,196.7381,687.0101,158.3903,536,170.5494,416.768,192.6135,614.1313,705.032,400.642,206.2272,459.4251,436.3466,212.9591,1201,237.469,645.5367,659.7839,272.3838,569
"127",129,"Factor #129",6.0822,34,5.730428,289.7872,310.6994,324.0444,505.4401,456.1073,408.7513,305.853,217.0187,648,493.6277,468.0302,729.0182,541.164,200.866,405.8848,401.0217,448.4928,219.9347,425.0308,307.0073,452.1921,443.4171,479.222,234.2931,511.3618,260.868,204.695,1074.802,322.4242,753.4744,1016,429.3785,518.6291
"128",125,"Factor #125",6.0868,34,5.087652,374.2196,290.353,384.0344,231.0158,446.7919,302.7234,238.9646,348.7848,478.7501,317.4384,330.7915,1055,80.84799,371.3821,881,223.7354,564.9025,223.4085,456.6033,205.2419,520.3192,934,283.771,277.0272,905,154.7309,212.9591,729.2224,278.6072,349.4297,680.6738,274.1433,329.1772
"129",141,"Factor #141",6.0985,34,11.15772,289.5014,281.6411,266.3135,365.3551,267.1862,306.8999,486.452,24.74407,87.57177,694,104.1947,367.1332,1076,26.60001,152.4316,655.5427,65.61743,847,144.3409,197.164,251.5697,348.5944,69.62468,576.544,139.0169,886,41.10264,87.01922,666.7398,184.349,91.28216,563.5441,35.58833
"130",133,"Factor #133",6.1074,34,13.08539,288.73,157.6913,268.1689,334.1034,313.7408,314.8159,269.1061,222.8329,408.3318,461.7823,154.2891,1002,368.5488,190.6792,344.8181,326.1665,305.9301,231.3486,310.0359,197.4989,461.2037,787,313.9196,311.5166,511.3618,206.0222,212.9591,684.7625,329.0157,645.5367,465.5901,319.8342,314.8036
"131",126,"Factor #126",6.1101,34,6.760668,603.4743,121.5778,495.8844,348.0813,696,715,781,82.05277,680.715,758,145.9816,291.4853,862.0805,194.1391,807.4551,674.0953,30.83903,871.3415,1137.849,734.1559,821.1718,1161,169.7093,613.3071,598.1928,452.537,42.3967,247.4087,640.3619,237.5007,1490.943,1788,105.1973
"132",140,"Factor #140",6.1212,34,17.84162,292.2297,162.7064,267.8694,352.2756,209.9472,310.3727,513.0039,23.10328,108.3313,664,103.6707,366.791,1140,25.29767,197.4361,652,23.05123,1073,169.2278,204.8408,266.862,307.8576,38.25928,681,160.0552,1068,7.229026,91.0411,769.6982,182.6028,89.99733,769,34.76074
"133",112,"Factor #112",6.1238,34,7.966734,847,323.0794,495.8844,318.3458,738,497.698,1575,24.39839,717.0582,590.3114,19.54899,213.624,855.0819,217.537,1042,674.0953,15.54241,1347.691,1429.326,900.5542,1254,1160,70.0705,769.6948,959,511.7956,54.01353,41.23353,618.2475,44.2518,1715,1957,82.07598
"134",138,"Factor #138",6.1637,34,6.338313,547.2963,422.6843,675,456.3467,525.8543,474.5873,1217.678,76.21456,680.715,575.2029,58.96144,302.7967,652.2115,310.5551,549.9759,674.0953,90.97301,1268.042,722.4143,1256.504,505.9476,574.5537,81.62795,725.6709,966,478.9457,163.3929,21.4239,893.0362,126.9083,652.0766,1405.064,100.2256
"135",116,"Factor #116",6.1826,34,10.99762,950,747,675,470.3252,557.0965,785,1572,61.07382,1654,763,42.21023,187.1178,1123,384.8739,1399,1399,19.09683,1292.586,2471,1541,1101,873.1314,71.95353,1330,867.7828,1161,163.3929,12.30284,1349,59.96718,1046.732,1108.082,103.5602
"136",114,"Factor #114",6.1926,34,13.38795,891,701,795,704,854,844,1016.618,79.05079,1322,482.4811,60.08237,166.267,843.6891,384.8739,1538,1460,81.92601,1786,2000,1662,1250,1099,60.69408,1128,1231,759.277,163.3929,21.52245,1349,52.00386,997,915.8205,28.37132
"137",128,"Factor #128",6.2137,34,9.648546,681.9784,546.2254,819,470.3252,557.0965,597.8221,760.8326,118.5389,883.6227,482.4811,56.46381,302.7967,517.768,384.8739,1355,1013.271,105.8077,1271.697,1504.964,1086.734,688.9037,773.7263,105.2593,1067,867.7828,632.269,163.3929,29.87058,893.0362,59.16611,839.8489,575.1892,182.7402
"138",142,"Factor #142",6.2378,34,24.13477,67.97952,46.54911,13.14202,151.1128,9.645028,66.02529,16.36726,21.73697,138.7546,122.0911,44.0514,158.6956,27.21631,110.3699,97.65298,55.45557,41.65212,33.07367,543,103.0929,9.369414,149.037,12.18309,49.24988,112.8378,40.14821,47.09081,17.52267,115.55,164.7658,575,15.14138,25.99625
"139",143,"Factor #143",6.2887,34,76.389,287.2546,401.4545,318.3135,451.1814,416.3709,397.3237,117.6117,1130,374.5073,160.6671,808,334.694,88.145,368.0259,466.9015,220.3143,1181,101.0188,222.1901,151.614,220.9134,205.7791,1092,259.308,590.3196,109.2359,796,875,80.16842,1028,664.5474,272.5629,1398
"140",115,"Factor #115",6.2903,34,25.05533,480.8435,694,657,579,580,673,984,251.9706,1100,623,216.3112,175.6807,576,148.0091,936,946,369.5933,589.5892,1236,808,959,611.7041,325.6587,949,719,747,216.403,224.4238,567.0977,293.8864,1031,960,100.5817
"141",122,"Factor #122",6.3031,34,6.182157,596,566,388.6489,335.2148,550,397.3237,546.9829,107.4359,622.912,231.5815,64.60243,91.11402,289.5169,30.95526,641,516.3541,94.5981,497.5988,1059,505.857,747,490.8921,85.086,530.3912,548.4159,408.2019,98.46876,41.04652,549.8419,20.57877,866,519.7706,73.53359
"142",135,"Factor #135",6.3597,34,8.9202,181.7924,232.2855,151.1786,85.71669,89.30515,27.5699,305.0018,68.13021,254.424,198.6318,40.50132,118.776,49.98992,66.50638,376.1894,335.7686,91.34193,311.4095,684,317.6206,127.2304,216.5965,76.33182,233.6634,501,24.61745,34.32707,14.21957,255.9165,11.98868,195.0382,45.55054,45.23567
"143",130,"Factor #130",6.3616,34,8.744416,254.6748,108.6178,178.8357,80.6779,74.01058,36.70675,402.4065,57.49739,511,167.5758,29.28357,92.40946,26.3113,71.02296,403.0334,240.9896,87.57409,375.7027,809,197.6883,414.2663,98.6322,70.52206,334.0132,533,278.1309,53.26221,44.74165,549,24.55996,221.6999,63.20355,58.73827
"144",144,"Factor #144",6.5841,34,13.61733,177.4503,6.086004,135.1788,6.635455,146.3385,97.32176,346.5381,6.392903,26.76381,741,5.250327,7.200985,145.3983,5.043427,75.4222,293.1071,12.10965,634,9.231221,39.28425,7.621538,264.8146,4.59375,252.6425,114.6604,216.8286,7.483339,14.14828,108.3139,6.488314,160.6488,158.3274,16.93864
"145",150,"Factor #150",6.6146,34,13.66508,196.7333,204.9792,168.094,174.3107,147.5163,118.4529,657,47.24072,255.8384,420.0807,54.61473,201.7655,514,89.4302,323.5042,596,20.88494,696,132.6921,155.3224,276.5861,538,37.7406,311.0269,225.5322,689,30.51296,36.59967,717,61.66392,186.3694,759,48.40233
"146",157,"Factor #157",6.6249,34,6.841445,507,513,150.7757,174.3107,177.2678,86.82975,438.2756,22.35277,75.77299,985,46.44997,93.50936,187.1581,46.08483,195.3365,450.3044,9.133013,833,112.5882,101.3849,186.4642,297.5705,56.17647,183.5874,124.0493,335.6882,13.44555,20.97447,711,46.22742,186.3694,677,26.12098
"147",153,"Factor #153",6.7024,34,4.116621,686,346.0366,190.3268,153.3791,222.6108,260.7724,600.7886,97.47423,193.8404,1179,38.09254,136.9203,271.6574,59.91446,100.2173,494.7764,155.5193,396.0924,131.7002,132.1171,440,240.2005,176.8115,422.6196,184.4671,874,9.874466,34.79001,921,171.6069,114.8385,458.1974,198.945
"148",148,"Factor #148",6.721,34,10.32872,730,585,518,566,294.0694,286.8725,926,120.3683,200.3982,1270,60.42725,154.7606,715,24.36323,102.8762,1006,155.5193,556.3578,92.21897,112.203,155.991,555,112.9518,857,164.7752,898,35.21638,25.71956,1017,175.2602,102.8179,982,198.945
"149",151,"Factor #151",6.7466,34,24.70278,376.606,699.8253,534,715.5697,408.0822,677.3815,1077,109.5046,528.555,1163,141.7279,807.8856,831.068,49.03824,1041.027,611.9825,155.5193,1151.996,171.3265,93.43327,489,935.0802,176.8115,1351,232.7384,894.67,27.55468,26.96381,1030,210.8697,890.6692,1590,198.945
"150",149,"Factor #149",6.7646,34,57.95776,1567.236,1403.639,1288.503,1637,1116.43,1207.337,1642.456,64.37072,1768.476,1353.549,28.39553,1798.278,1808.712,73.42639,1720.373,1748.161,59.31182,1830.482,1033,1783.326,1265.609,1631.76,74.5488,1836.758,2125,1541.279,52.48083,57.09909,1667.576,64.3342,2325,1350.338,59.3963
"151",145,"Factor #145",6.7676,34,57.95776,1996,1474,1283,1433,1478,1565,1971,67.31494,2188,1642,58.38112,2201,2030,64.02074,2390,1714,71.45065,2102,1288,2256,1085,2073,28.82513,1447,1381,1792,12.42212,58.85577,2155,83.27466,1297,1350.338,56.55644
"152",154,"Factor #154",6.776,34,57.95776,1380.948,1251,1232.198,1275.687,873,1061.439,1563.456,100.3487,889.7766,931.7666,99.61712,1445.141,1201.605,50.98774,1764.107,1646.496,92.41992,1830.482,1234.609,681.3882,1042.574,909.2155,93.67039,2271,443.2699,1452.337,45.99993,44.58567,1757.502,116.2194,1178.925,1179.992,98.5948
"153",146,"Factor #146",6.7812,34,57.95776,1214.747,1628,1288.503,1273.058,913,1111,1101,131.8673,1589,1301,136.7432,1445.141,1435.704,63.58579,1720.373,2007,119.0881,1830.482,573.2135,681.3882,1042.574,1667.338,129.9077,1983,1287.806,1452.337,58.96172,77.34499,1000,170.8074,1178.925,1194,130.9393
"154",152,"Factor #152",6.7835,34,13.01946,603,378.8644,243.0239,189.7764,290.2955,217.3098,993,107.6438,196.2367,998,146.722,116.7347,706,28.9782,152.6534,1062,138.8835,1133,101.0054,101.2444,182.2845,173.4011,138.2544,1149,127.0737,397.2915,63.90938,23.99443,439.9219,210.8697,75.61315,1134,92.26894
"155",159,"Factor #159",6.8384,34,16.92699,181.6597,183.5061,180.4445,245.5,216.0113,248.6661,531.6785,90.74819,217.3446,346.8092,158.1603,116.7762,307.4592,30.1891,232.752,1056,72.92852,882,130.0546,159.9931,264.8476,95.61825,51.93578,479.5618,147.3589,313.7399,64.27522,48.0916,371.2484,44.02755,209.8826,444.299,119.124
"156",156,"Factor #156",6.8525,34,11.09844,586.6452,722.4038,586.5622,486.3805,530.166,518.8338,784.6523,35.89701,646.4954,594.3414,21.38354,1123,851.8662,62.96322,722.419,1008.352,74.38936,804.6002,583.1937,797,543.4287,575.663,34.54828,880.8735,708.9653,723.0097,11.35872,5.72422,745.4294,3.664137,765,637.2299,129.3579
"157",147,"Factor #147",6.8653,34,6.627682,553.7127,714,801,536.3391,455.9668,263.5575,971,42.69957,745,340.4541,67.7562,725,948,31.7951,909,924.8197,29.73378,730,534,882,470.2368,503.3542,72.30946,449.5017,527.5079,787.5971,36.75778,15.70626,703.246,28.47971,941,320.2162,29.27817
"158",160,"Factor #160",6.9,34,5.701973,485.1526,349.8522,520.9252,279.268,195.3509,247.8419,331.457,16.97696,640,277.5166,21.38415,484.6125,498.4287,43.46875,354.0832,441.572,50.16502,497.1669,369.9218,636,463.6814,310.1939,31.42554,455.5536,266.9152,348.2322,11.26092,7.728684,415.6152,11.84843,486.5293,344.2765,104.0724
"159",155,"Factor #155",6.9135,34,10.85911,564,274.1855,573,279.268,215.0041,266.2447,599.5575,19.87707,285.6903,509,108.2997,457.2821,708,50.58032,354.0832,435.1952,140.5665,527.8484,272.1888,194.3383,216.4656,310.1939,54.81059,581,279.3151,620,27.31643,78.18417,760,91.44541,352.3718,284.0234,160.4651
"160",161,"Factor #161",6.9213,34,39.73602,319.4734,464.7773,525.9367,279.268,490,177.9448,620.2223,78.41459,625,261.8482,25.53297,326.9273,254.8449,62.06462,335.9408,424.1486,232.2047,432.5827,115.5254,206.0247,195.9462,329.8573,143.8937,438.3282,292.3222,310.405,32.42995,69.1177,328.4836,145.989,428.475,450.5112,357.1963
"161",163,"Factor #163",6.9334,34,35.11439,165.9418,122.2271,84.22928,54.25733,129.7953,61.8285,695,79.89673,91.60048,124.0057,89.42314,125.0263,69.5366,50.54725,116.2458,351.0783,215.9756,297.9357,78.23521,87.68811,114.8685,78.03273,78.4312,248.917,216.6639,94.63615,76.36656,101.28,157.6813,132.2894,294.3947,776,426.0391
"162",164,"Factor #164",6.9462,34,169.9544,184.552,169.7618,211.8317,278.1301,440.111,403.3317,206.8106,224.7451,191.993,92.46006,92.22447,279.6965,146.552,364.1379,366.9222,424.1486,716,181.7438,238.7055,403.3384,428.5121,261.8492,923,610.7281,659.5029,377.1331,243.9013,580.5474,295.8165,409.4153,1341,1053,1601
"163",158,"Factor #158",6.9472,34,148.1883,200.8624,190.2981,279.2124,242.4349,386.9743,534,248.3523,213.3161,230.1348,143.2102,74.8761,269.1591,146.552,333.3425,362.976,702,767.6913,477.2543,205.4032,347.8787,287.7949,226.3902,402.3856,699,594.8881,314.4562,232.1424,462.3714,276.0321,370.8504,785.8051,864.8648,728.6615
"164",171,"Factor #171",6.9622,34,194.6175,231.2011,237.2465,279.2124,278.1301,497,404.1374,222.5808,224.7451,241.0365,214.3536,157.8827,371.9268,204.6088,363.4058,366.9222,435.1952,631.7315,273.5633,379.1142,424.9417,391.3019,435.8877,678.9597,556.1035,465,385.9888,212.9151,570.8967,343.6103,514.8816,872.6119,623.4486,689.9797
"165",162,"Factor #162",6.9622,34,46.13089,206.9348,88.1355,222.275,175.0918,212.9269,188.7336,563,49.09341,180.852,170.3644,55.52993,221.6879,149.5379,77.69386,274.9474,351.0783,155.2466,483,147.8386,187.8471,156.308,129.3783,128.086,352.9752,234.992,103.3551,77.20884,147.6539,268.3152,167.072,236.545,287.3737,220.6362
"166",169,"Factor #169",6.9901,34,105.8148,284.813,1024.468,494.8933,889,1104.925,669.2781,462.4902,506.673,2016.631,1083.648,439.6651,832.4566,310.1474,341.7417,740,476.2677,739.8835,578.0592,1479.249,853,1240.798,2741.176,572.1446,708.2339,1875.761,835.7123,319.5249,1418.508,1317.496,1018.149,1755.081,1233.345,621.3801
"167",165,"Factor #165",7.0087,34,65.26643,1280,1172,1150,1245.853,1764,1228,1812,547.9085,2372,1689.306,452.3798,3527,574,341.7417,2663,1203.937,816,1395,1996,2018,2123,3066,633,1413,2331,1012,325.845,1726,1745,1265.807,3455,2507,1015.576
"168",170,"Factor #170",7.0174,34,63.94793,729.7557,754.1797,1098,706.8574,791.9012,695.1726,708.8187,547.9085,1726.338,776.5585,402.2494,832.4566,365.3707,341.7417,1150.335,772.5859,584.1317,1141.68,1417.972,1106.427,1825.762,2102.184,531.6088,816.9198,1593.834,974.8322,299.7881,1418.508,897.2005,940,2458.63,1339.812,845.7111
"169",166,"Factor #166",7.0384,34,15.3633,878.3444,729.9928,891,698,917,803.7611,803.1061,538.2467,1231.489,756.332,426.5642,1511,411.9571,341.7417,1354,1255,757.9063,669.0725,1139.69,1242,1302.023,1559.628,572.1446,816.9198,1162.403,1074.961,252.4762,1701.07,1095,1253.468,1879,924.7536,462
"170",167,"Factor #167",7.0574,34,34.32082,535,521,526.7494,603.7396,659.5408,670,1030,351.9269,754.8065,949,344.04,927.4514,877,246.2145,782.3645,1064,352.4289,1217,776.7203,878.1802,617.7703,719.5079,260.6318,949,745.6421,805,214.9916,308.1091,1109,490.3502,1189,890.3793,287.4019
"171",168,"Factor #168",7.0597,34,53.34672,425.1485,407.5127,518.7779,469.0668,637.9948,656.0555,988.4776,336.8711,691.8626,806.1806,344.04,877.9552,867,246.2145,651.3961,583.4281,352.4289,797.6418,770.8425,877.3824,612.1362,606.5541,262.2453,995,709.1867,846,214.9916,303.7134,1060.57,476.025,899,852.6469,281.9271
"172",177,"Factor #177",7.1718,34,449.9105,514.1565,418.659,302.5985,585.9753,573,820.2223,677.2256,643.4739,457.3389,633.5588,516.8998,589.1355,334.8134,478.551,486.3654,659.7671,554.4957,432.0676,510.5384,399.7441,500.0164,416.8803,661.6848,461.3559,571.1688,517.0655,668,658.1838,1001.1,589.6199,714.9777,694,840.1752
"173",175,"Factor #175",7.1966,34,449.9105,456.9965,526,539.2997,637.7705,760.1498,820.2223,891.9,778.6971,481.8933,815.7939,901.7079,621.1302,1037,695.9822,487.7814,993.0488,1018.536,1651,540.7138,441.5785,517.6029,496.4207,676.567,1005,687.9981,1014.593,693.7574,821,1864,1390.662,724.5122,1365,1075.265
"174",172,"Factor #172",7.2,34,542,538,600,719,876,1069,1142,1377,1030,571,1322,1288,760,1104,898,585,1424,1391,1682,634,441.5785,632,542,883,1070,890,1493,962,1439,1864,2036,874,1665,1480
"175",176,"Factor #176",7.2662,34,163.9071,136.8041,260.3333,193.9503,153.8919,395.3819,403.4359,1095,536.5842,276.0249,983,215.2341,389.2174,658.5123,484.2376,128.4956,776.6517,187.0403,533.2028,195.0532,187.6108,160.4315,417.9529,299.7008,1074,194.8262,913.5805,221.2741,652.6561,726.1033,1137.022,378.5607,1519,660.9842
"176",173,"Factor #173",7.269,34,214.7966,376.9667,380.0268,333.9629,302.2967,650,478.1256,1167,625,346.7009,996,531,217.5635,1119,553,314.6988,1231,171.6249,781.0516,404.7892,263.2222,193.6581,314.851,276.2646,950,203.569,1414,221.1973,871,1184.141,607,528,1138,793
"177",174,"Factor #174",7.3237,34,9.47483,10.99711,111.9695,5.729509,28.35458,92.18226,205.3134,1146,176.2214,121.146,939,235.5532,6.605919,708,36.31332,128.4956,1348,171.7967,888,195.0532,132.2976,99.13609,53.66241,87.81623,795,194.8262,865,221.2741,326.4503,1194,206.189,40.27944,737,482
"178",178,"Factor #178",7.4959,34,271.2171,910,771,863,1190,1275,1120,1069,1001,378.8296,1044,3338,387.4577,955,235.0129,565,1221,1273,1204,252.1699,545,351.1574,651,1356,1290,550.7172,963,132.5881,89.16629,1290,2439,778,1375,1677
"179",191,"Factor #191",7.6007,34,23.09343,14915.98,5126.773,17333.3,1962.398,6404.544,14621,7548.302,6005.936,2719.771,1831.549,17607.1,32575.12,1310,2171.895,21731.95,5420.415,7531.014,5609.027,6659.592,12299.36,20569.4,4217.308,13828.9,9724.623,18661.32,2482.984,1745.697,22817.16,9505.036,9238.211,22051.59,5849.836,10692.68
"180",186,"Factor #186",7.6359,34,39.80274,19549,20643.7,18251.11,18307.55,16797.04,20282,10008.9,15782.86,23550.36,14795.05,18015.56,36404.26,4479.551,11012.83,23085.11,10689.27,15759.71,8891.171,16207.94,13404.57,21186.35,23763.21,15758.36,9747.025,18676.98,9011.86,5080,23251.53,9829.327,28099.17,22051.59,9540.748,15582
"181",179,"Factor #179",7.6369,34,39.80274,21039,22313,19477,19220,18313,20282,10925,17116,25056,16093,19557,37685,5327,11517,24929,11364,16724,9807,17759,14611,22445,24907,17082,10709,20481,9972,6642,24568,10619,29337,23748,10398,15582
"182",180,"Factor #180",7.6375,34,39.80274,21039,20643.7,18251.11,18307.55,18313,20282,8826,15782.86,24167,16093,18015.56,36404.26,4479.551,11086,23085.11,11088,15759.71,9807,17759,13404.57,21186.35,23763.21,17082,10709,18676.98,9011.86,6642,24568,10588,28099.17,22051.59,10398,13958
"183",190,"Factor #190",7.7041,34,39.80274,5099.132,6177.463,4629.833,11152.11,6311.132,8133.004,2871.839,2935.579,7396.4,12597.65,6257.055,7969.76,2440.56,4584.55,17909.92,5427,3568.559,4559.777,6600.841,5557.129,6816.15,7606.177,1716.228,2219.74,4619.96,2910,4818.522,17545.61,7850.683,3928.31,8530.374,4248.625,3031.75
"184",188,"Factor #188",7.7204,34,43.26551,5428.786,6177.463,4030.315,9026.672,2940.154,4915.505,4698.113,3567.41,5293,6369.407,6871.298,10184.31,1903.508,4201.431,7025.731,5427,5603.406,3461.994,6752.905,4989.387,8150.848,9205.879,4711.063,3838.66,4619.96,2450,2910.638,8736.869,4070.859,4912.074,7857.249,3107.54,2523.66
"185",183,"Factor #183",7.7406,34,43.27474,18581.35,19121.46,15804.31,15852.41,7722,9024.65,9386.422,6365,19346.22,3691,14453.5,28020.67,1475,2939,19718.07,4710,6602,4881,13648.06,11016.93,15466.72,16898.62,12075.21,5584,14459.93,3018,5265.374,19312.56,3903,7830,16169.73,6154.013,3044
"186",181,"Factor #181",7.7419,34,43.24436,14172.01,6804,11739.9,12252.56,3426,4153,6677,5956,14464.62,4142,3007,21133.93,1731,5254,14833.65,3334,3169,4881,10994.05,4690,6461,7358,8405.041,2993,11057.8,2910,1899,7733,3405,6681,12108.07,4490.488,3552
"187",182,"Factor #182",7.7963,34,14.68011,3945,2796,2521,1826,8.773614e-10,9.201247e-12,1790,3719,4344,3535,2773,3642,811,805,4884,1359,2387.945,1528,4834,4335,4488.749,3331,2047,1411,3002.455,2305,894,3707.461,1382,5204,4917.262,1191,1630.08
"188",184,"Factor #184",7.8234,34,30.84598,1371,1475,2260.248,1430,4.785057e-07,1213.656,2089,1886.669,5293,1452.413,1000,2233.945,703,1.342463e-12,2745.299,2.29248e-09,1332.689,600,4060,3363,3521.694,2712,2047,1041,2489.737,1.048955e-06,234.6665,1568.929,1012,2704,1873,231.4319,3.157787e-09
"189",185,"Factor #185",7.8772,34,3.112736,974,1386,806,1078,624,3.011781,261.5469,115.4609,42.31999,3.613979,280.633,1962,1.348598e-05,3.013347e-08,1801,112.7089,206.2519,77.93666,3078,1040,1345,1378.776,556,95.65836,996,2.410905,3.700121,651,3.298594,20.30185,1521,3.212672,3.366358
"190",187,"Factor #187",7.9288,34,18.28815,618,619,728,658,3.94053,3.370773,1.742745,2.538108,850,1.957145,3.597687,3.092545e-08,2.883618,0.4433734,1238,2.286012,3.554425,3.263035,238.3677,770,1216,610,3.386722,2.989477,829,3.111049,1.971018,3.19554,3.7522,3.284708,1142,2.854453,3.424044
"191",189,"Factor #189",7.936,34,3.757517,526,659,564,4.4067,4.385241,2.266076,2.921633,3.124114,4.708009,3.315906,3.895955,56.17385,3.296628,3.27901,1012,3.752902,4.176681,4.035002,371.0548,744,954,222.2444,3.973717,3.524182,3.914994,3.867849,5.56796,4.069591,4.723128,4.021578,945,3.46648,3.956991
"192",192,"Factor #192",8.1437,34,3.295011,546,494.1171,554,507,412.8679,388.7745,80.8849,76.63942,742,357.0625,179.335,160.9851,326.2272,148.4159,686,194.4396,50.31693,366.3033,1072,1111,924,1234,59.99714,293.0605,876,473.1351,118.5245,8.958112,399.3414,128.3196,704,99.30842,57.75756
"193",193,"Factor #193",8.294,34,70.22697,35194,33557,30570,29444,26377,28285,42642,892,35922,41492,1043,41184,50950,671,35654,47973,608.2964,48900,23734,29982,24457,28492,620.5147,49257,33565,35732,500,98.41643,39418,781.6026,34840,35194,705.8127
"194",194,"Factor #194",8.2949,34,70.39771,33081.13,30997.02,28367.46,27168.58,26377,28285,40036.47,796.0447,33851.93,38703.7,907.797,39729.43,49229.46,595.0471,33151.86,47973,601.7891,45871.65,21417.71,27746.1,24457,26387.3,613.9401,46746.54,33565,33105.82,503.7007,98.41643,36943.22,781.6026,32814.76,33120.54,696.5089
"195",195,"Factor #195",8.3201,34,401.6134,24327.14,23199.4,15438.69,19677.9,16096.28,15656.92,28459.5,675.8449,21629.69,27295.87,671.2288,25507.27,32248.91,516.7687,32581.4,35927.48,572.3667,34891.57,13471.88,15345.11,13723.47,11622.99,660.6743,41814.17,20686.99,20596.09,574,181.8956,25029.09,871,23851.5,26136.91,713.6279
"196",196,"Factor #196",8.3426,34,840,1432.335,1336.772,1209.685,1212.83,1511.049,1391.235,1664.099,912,1285.442,1232.603,449.2575,1589.524,1742.267,663,1422.989,1755.573,1203,1851.297,803.0811,1066.468,901.8377,1004.08,1178,2026.398,1348.32,1228.719,408.6329,869,1444.505,883,2177.43,2418.5,1857
"197",199,"Factor #199",8.4522,34,4459.723,21596,42048.6,43752.53,38817.08,50117.33,51353.75,36088.84,67216,42192.68,35861.66,57305.27,53195.78,21624,60809.74,41692,35136.12,68311.7,32507.91,35563.19,29739.4,15345,17161,63223.91,33101.79,37301.73,25904.82,29460.88,80220.41,31285.15,75869.74,40329.55,37689.18,75318.25
"198",200,"Factor #200",8.4635,34,4459.723,42551.02,46173,45165.71,41529.25,50117.33,51353.75,36088.84,68708.01,43074.72,35861.66,59543.24,54491.85,25486.47,64443.46,42910.2,35136.12,70057.73,32507.91,37239.69,30997.91,38805,37705.38,63538.25,33101.79,37974.13,25904.82,33141.93,80220.41,31865.89,77912.49,40329.55,37689.18,75318.25
"199",197,"Factor #197",8.4638,34,4943,43890,46173,47701,42645,50786,52622,37490,69967,44367,37214,61329,56270,25486.47,65549,44676,36100,72315,33039,38571,32069,38805,38777,65405,34428,39671,28909,34378,81300,32536,79921,41713,39197,76431
"200",198,"Factor #198",8.4653,34,4459.723,43890,46173,45165.71,41529.25,50786,51353.75,36088.84,68708.01,44367,37214,59543.24,56270,25486.47,64443.46,44676,36100,72315,31716,38571,32069,38805,38777,63538.25,33101.79,39671,28598,34378,80220.41,32536,77912.49,41713,37689.18,75318.25
"201",203,"Factor #203",8.5868,34,266.7979,13714.28,12908.26,12634.77,15222.04,4562.03,14228,7816.337,6957.387,11884.35,7177,12602.77,15871.26,5048.209,10607.91,12255.2,7323,15723.43,6685.329,13494.38,11188,11439.17,8048,12950.38,7000.563,12945.89,7589.32,6747.195,19820.71,6020,11655.32,14195.2,4120,6678.958
"202",207,"Factor #207",8.6684,34,226.3783,1976.36,11018.34,2050.678,2110.492,3979,7230,3236.857,8528.256,1413.528,1631.3,2368.139,1575.84,720.0263,6976.228,5065,3824.116,14776.55,3977.268,1871.945,1692.869,1366.984,3875,2073.372,1042.857,1658.179,1111.433,710.394,2500.963,1564.925,2331.425,1649.132,1161.139,2895.668
"203",202,"Factor #202",8.7151,34,17.85397,3762,2228,3901,2328,3612,2156,1789,2024.613,1677,1427,2178.714,2792,286.6206,2646.391,1833,1668,1927.874,1918,2018,1756,2922,1553,1739.078,374.8352,1624,1535,710.394,1364.978,1193.379,1695.348,1739,321.8288,1162.085
"204",205,"Factor #205",8.7225,34,32.13226,2477.395,1635,2455.903,1943,2275,2349,220.3336,2128.161,991.2548,724.8106,2011.506,2792,311.0454,2646.391,704.1881,947.5988,1537.637,537.3158,922.6107,759.057,983.4531,1598.694,1566.712,153.1584,2082,101.0613,909.6414,1518.861,232.7128,1695.348,1739,185.3263,1516.661
"205",208,"Factor #208",8.7266,34,19.29845,1368.554,761.4538,2168.779,1257.659,1386.916,715.6938,511.3713,910.654,1312.325,1076,2565.861,1156.991,757.7854,1346.203,439.5354,554.9081,1019.116,1179,678.5119,882.2571,754.5002,848.3289,1103.048,533.0073,542.5462,478.1203,710.394,544.4749,582.7494,1543.089,698.0939,1334,2386.549
"206",210,"Factor #210",8.7351,34,25.42516,484.5211,388.7039,366.119,558.5419,351.6852,418.9929,613.1355,773.8659,415.8768,666.6787,705.2545,505.5373,1536,731.5259,447.1355,729.6589,487.938,915.8895,672.3346,774,400.4504,396.1663,771.7805,709.765,414.1101,810,466.793,733.2047,783.475,599.5525,446.1477,724.0628,689.4286
"207",204,"Factor #204",8.7384,34,15.45084,1547.968,2109,1687,2042,1889,2594,850.5354,965.3273,1083,307.9404,1827.002,2630,186.3565,1010.96,1833,430.0595,924.2569,92.86348,1922,1331,2651,1174.151,1003.801,127.1499,1311.795,233.2803,27.92338,2769.92,235.7755,1695.348,1649.132,99.02164,1193.396
"208",201,"Factor #201",8.7434,34,135.2043,409.521,456.0724,552.8367,750.4541,414.5275,606.1149,283.319,2747,596.4151,347.5764,3601,637.867,123.9315,2618.282,564.971,300.3738,2583,155.7866,570.1374,467.1282,370.1813,423.6567,2841,333.0081,683.4525,188.3171,1578,2670,287.4914,2607,709.2771,316.7074,2461
"209",206,"Factor #206",8.7434,34,135.2043,454.8342,523.4824,339.2218,610.2249,414.5275,526.9078,237.7477,2379.734,596.4151,323.3774,2899,639.7513,92.51953,2441.685,564.971,261.0782,2567,135.3533,387.3859,385.4879,400.4504,433.2954,2140.565,298.1088,661.1477,158.1026,1685,1951,243.5869,2607,730.8625,276.882,1975.1
"210",212,"Factor #212",8.7463,34,115.634,374.783,442.485,338.2342,311.705,414.5275,387.5682,247.863,2507.368,596.4151,280.2459,3601,639.7513,99.6157,2431.346,564.971,247.7651,2227.267,130.1424,356.0832,167.1103,397.2629,423.6567,2487.881,272.8321,683.4525,189.7461,1505.535,2410.859,282.3918,2331.634,720.7036,259.978,2616
"211",214,"Factor #214",8.7624,34,138.2478,384.389,422.3386,451.628,500.5338,315.9278,340.1886,1552,123.8456,39.28076,670.5787,48.42597,71.85807,471.5725,55.24744,28.19664,1273.492,113.185,2548,74.9598,76.15688,42.20768,55.60151,102.3714,1149,48.72684,353.3553,111.9125,126.059,1381.585,202.9802,59.66664,1418.593,132.8978
"212",211,"Factor #211",8.7757,34,64.81029,400.85,540.4413,482.4345,194.5102,246.1178,326.0185,294.4198,2507.368,596.4151,126.4125,3005.075,639.7513,89.19692,2618.282,564.971,305.591,1906,175.6356,448.7718,307.3567,232.6455,423.6567,1833.688,162.8227,531.5223,206.2988,1417.428,2370.433,306.0877,1731,276.2957,177.4142,1909.659
"213",213,"Factor #213",8.7797,34,10.06057,490.1634,673.5657,422.0769,386.0765,136.2112,289.004,529,486.7085,363.9331,379.3132,484.4409,425.5915,709.3012,871.5205,108.8756,347.5954,372.8419,632.7923,621.1853,1078,255.2229,149.7742,511.3574,238.35,223.0631,402.6339,58.97141,306.4919,283.821,436.8554,562.9483,349.6205,812.2809
"214",209,"Factor #209",8.8078,34,10.20181,59.66971,407.4474,157.3722,808,57.35619,738,96.47268,856.6978,38.3946,69.6904,645.5951,52.44156,22.85278,1007.435,54.89958,115.7797,644.2841,124.1671,210.6542,56.53476,861,63.51697,521.6063,58.51478,72.52314,21.02352,146.8829,567.4682,57.96542,204.2103,198.9306,66.14566,637.537
"215",217,"Factor #217",8.8713,34,22.23961,167.6113,164.3776,67.36798,79.23704,207.7235,94.74576,90.18995,849.2494,165.4664,54.81543,1022.966,178.0241,30.51597,1311,166.6012,60.96584,946.6353,41.56274,126.9156,104.0919,113.2604,160.8126,1054.693,74.86754,134.7875,87.29038,841,922.0125,65.38949,908.0071,147.6298,88.51878,880
"216",215,"Factor #215",8.8737,34,32.49631,265.0921,324.0633,278.5397,300.2428,305.0623,223.5064,19.5072,961,227.1594,98.00369,1378,527,25.64054,675.4142,318.1573,92.66126,750.0917,102.1796,175.2089,161.5702,178.5374,324.9394,867.0119,81.07868,538,50.3417,763,705.5278,41.59597,1025.348,405.4052,63.90421,696.2725
"217",216,"Factor #216",8.876,34,34.2396,242.1564,119.0156,107.8685,162.3206,159.0368,208.8162,91.23314,1051,178.668,102.0905,727,275.9261,48.87467,1311,169.0671,112.9136,824.9021,72.23053,89.84194,131.0618,127.3841,92.64646,925.2548,104.1811,313.0093,78.87997,533.7029,809.2209,92.46391,800.9771,296.9675,54.53176,1102
"218",218,"Factor #218",8.881,34,25.4787,151.4248,505,546,129.8071,537,607,30.23729,523.8441,137.2358,39.87874,386.6576,228.0283,31.95608,539.3751,70.41306,47.70498,303.3037,41.64293,557,109.0226,118.643,153.5058,280.8852,68.0212,154.9798,53.16291,283.9115,318.8095,16.9683,532.9068,129.1741,36.86622,190.6164
"219",220,"Factor #220",9.0072,34,12.04516,1.638645,0.4213038,1.084192,4880.933,6023.428,6183,0.6525137,17.7254,13.31486,1.133045,12.88797,0.6596049,7083.27,28.98983,3.718879,3128.189,14.92949,10601.85,664.3175,548.5931,828.3326,961.7569,1.540586,11220.84,785.0497,11743,70.23314,17.07928,12624,159.741,1126.097,13536,111.4777
"220",219,"Factor #219",9.02,34,12.29548,1.931852,1.652047,891.322,5682,6663,4512,1.109268,18.35267,8.817231,4180.207,13.27511,328.0605,10145.66,29.05301,186.3434,9856.568,15.57264,12566,781.4149,730,925,1025,28.59205,12376,1101,11743,70.46068,17.14547,12418,159.741,1436,13536,111.5226
"221",222,"Factor #222",9.0697,34,0.8377002,1540.64,1384.043,1264.284,4232,4030.736,2506,10061,13.31854,407.7264,8459,2.324558,1271.377,10830,29.04181,626.3374,12575,76.181,11422.08,781.4149,548.5931,828.3326,961.7569,43.91134,11220.84,1.065899e-09,10028.9,52.64993,17.06215,8371.082,159.741,3.698186e-11,8338.385,27.75081
"222",221,"Factor #221",9.0846,34,7.439655,1742,1930,1619,3120,1955,1930,10061,13.64875,540,8459,8.489937,1200,10830,19.81444,834,12575,76.181,11422.08,963,5.665122e-08,8.083119e-11,646,44.51558,3718,1.290063e-09,7207.267,52.64993,0.7969923,2799,159.741,6.007645e-07,5088.326,29.34887
"223",228,"Factor #228",9.165,34,5.145252,1377.898,1775.2,2986,1663,1002.781,1165.913,2639.651,2.341264,4.030293e-09,2314.841,5.880188,130.1293,1827.646,13.00749,4.568706,1465.018,36.73272,1480.833,286.1924,18.17567,31.7504,18.21717,4.16241,1393.917,15.88853,1833,4.203103,7.864894,1016.618,5.077097,17.00563,1132.258,4.108853
"224",223,"Factor #223",9.1814,33,4.225663,341.1917,2737,3002,1447,1117,635,3878.494,3.697833,5.214554e-09,3049.397,6.095674,11.15907,2960,0,11.59076,2730,1.329597e-08,2247,286.1924,75.81816,100.5069,20.25522,4.087664,1611,14.68309,1733,3.888936,5.084676,1597,4.423691,17.02762,1598,3.588834
"225",224,"Factor #224",9.1982,34,26.66076,810.5018,2696,2661,1511,627.1208,907.9846,4570.946,3.617076,1.249981e-06,1289.405,5.617003,32.49878,1621.835,12.72415,5.732423,2354,10.19778,2387,286.1924,142.1793,127.7731,33.17869,0.02845692,1685,11.18524,1063,4.489717,10.2772,526.9483,6.45781,4.740306,389.5418,1.851805
"226",230,"Factor #230",9.2341,34,8.433908,1043.369,1982.247,1868,1161,89.60662,4.101866e-09,1565.712,5.442659,5.318038,2954,4.059734,3.546281,1174.785,3.055636,6.184224,1305.986,3.225632,456.8308,163.5415,208.6824,309.7622,350.0566,4.397825,548.1226,5.202149,340.4843,4.383492,3.002006,526.9483,2.493391,6.835833,378.0702,90.40337
"227",227,"Factor #227",9.3275,34,376.0915,788,2511,734.227,10.48108,5.837363,10.13884,797.0098,128.9064,15.20351,1758,7.587279,3.708868,427.66,133.1242,11.31195,1984,188.4438,1185,11.32596,259.8722,917.289,1062.513,199.4857,1164,1011.43,5.235535,3.922519,71.47718,917,2.484468,993.9364,220.632,155.4731
"228",225,"Factor #225",9.3482,34,392.4376,1231,725,280.4839,12.41111,7.970149,15.201,1861,174.0648,21.02347,1716,14.41316,10.35028,589,158.7074,15.38281,1343,188.4438,1144,18.19745,241.8078,1172,1107,199.4857,947,1092.003,13.83726,90.94634,76.8645,831,12.48953,1170.049,753,156.3203
"229",229,"Factor #229",9.38,34,392.4376,656.1364,1006.445,556,15.28782,8.070707,18.20246,706.0746,238.6224,9.970821,334.0668,78.32135,10.06563,16.44792,210.8117,596.5889,287.3674,185.0124,331.4225,12.80582,242.9215,828.6539,942.1157,316.5716,942,1385,16.45176,271.7669,248.9407,804,167.2124,1624,76.09025,238.3944
"230",231,"Factor #231",9.4338,34,333.6429,122.4375,146.9891,7.765091,22.46228,5.646098,7.815754,489.6959,260.9304,974.536,470,96.86348,405.5299,6.380046,252.0179,805.6012,9.402001,182.2171,158.1919,179.4041,247.3798,490.0556,863.3767,312.1677,8.296875,910.9673,9.223841,273.2332,253.0562,6.081323,171.1848,1691,9.992435,205.8948
"231",226,"Factor #226",9.4387,34,338.6414,206.8375,598,5.097061,20.73508,22.23478,6.294842,1065,260.9304,974.536,1022,96.86348,405.5299,6.271121,263.5696,1606,9.000665,182.2171,646,81.16161,181.0631,175.3215,734,316.5716,6.434915,1216,7.321172,273.2332,209.1868,5.970915,190.1841,1753,4.729809,251.1883
"232",232,"Factor #232",9.5331,34,212.8292,215.0786,260.1188,244.628,254,221.8221,213.5747,137.0154,161.3827,1200,206.4108,277.6816,1317,100.6517,99.26155,894,150.8632,133.3859,114.8293,407.1485,305.5219,363.2822,450.5271,158.9723,166.2076,450.5977,208.4013,153.912,116.9,318.6642,344.0891,486.7957,118.8937,145.3545
"233",233,"Factor #233",9.5372,34,22.41859,314.0156,332.492,323.4722,354.316,327.2702,327.4132,195.8086,191.2414,656.8003,382.8106,360.8184,1090.138,123.4186,112.7326,691.4759,180.9269,210.6328,164.5356,611,436.7739,533,675,210.5167,225.0042,649,228.2606,117.7028,138.9002,208.9921,421.1181,769,164.9918,204.9588
"234",234,"Factor #234",9.6116,34,125.5563,858,887,917,1405,1589,1760,232.1005,419.0942,238.6185,79.11138,161.229,97.05796,193.7752,16.12061,694,519.8379,3409,56.33683,61.48539,16.19412,31.43334,50.17391,3033,957,925,55.06927,12.89592,126.0357,54.94831,32.89218,1968,1770,3959
"235",237,"Factor #237",9.7253,34,236.034,1282.434,1027.894,847.4383,752.6358,974.7404,522.7252,634.2838,13.7046,1397.729,547.8035,13.80942,1218.772,1519.169,23.35001,1001.42,1559.741,29.80064,1174.531,1107,1508.027,681.9166,1216.793,32.98019,611.6639,1020.512,993,23.64724,38.68573,816.8687,52.17684,2059.754,909.959,20.86258
"236",235,"Factor #235",9.7369,34,65.04529,1656,1504,1363,1360,1263,1343,1494,154.4681,1941,1596,86.53658,2290,1539,73.53633,2109,1762,143.7742,1498,1181,1660,1443,1489,83.69408,1637,2010,1484,132.2387,108.8643,1386,155.9422,2285,1048,115.3249
"237",236,"Factor #236",9.7762,34,236.034,1141.139,941.6196,1239.388,622.8629,923.9517,895.9065,664,217.0427,857.4241,757,188.5837,1033.169,792.5783,202.4376,1403.577,741.0681,187.3001,1375.358,1098.899,686.278,568.8375,795,181.2233,1203.612,686.217,935.3073,137.3788,211.1249,724.0753,198.101,1959.579,632.7588,130.009
"238",238,"Factor #238",9.7765,33,236.034,897,886.0388,861.0229,691.5929,774.4805,527.6308,1026.507,112.2163,1397.729,631.5568,205.0211,1144.645,1176.241,207.7098,847.4541,0,192.0213,1359.66,945.2207,727,681.9166,887.9336,139.8296,601.8858,602,935.3073,55.11808,224.9838,992.9448,53.18564,345.5141,732.3904,122.1236
"239",239,"Factor #239",9.7806,34,195.9209,877.7646,1089.374,909.6577,837.2482,428.7481,646.5511,1245.231,217.0427,1325.986,891.5914,136.6759,1042,944.944,195.2955,527,1225.13,180.3703,747.261,745.4421,665.6496,620.2897,719.272,182.579,992.1225,748.7989,523.5266,132.0332,211.1249,714.6582,161.4399,1103.861,632.7588,130.009
"240",241,"Factor #241",9.8646,34,17.48216,1253,871.558,1306.88,1010,1148,1306,697.1127,850,1673.774,664,611.122,2516.612,743,581.0965,1833.576,930.1942,727.8421,804,1107.845,1063.925,1029,2112.183,744.8884,817,2140.246,783.2551,768.3995,368.0038,838.1569,674.47,2124.148,960.2121,827.4731
"241",240,"Factor #240",9.8715,34,9.203015,1298,1184,1574,1279,1506,1347,838,866,2470,919,712,3031,806,808,1950,1076,857,966,1615,1506,2688,2869,1034,1020,2828,921,937,368.0038,1034,776,2563,1154,938
"242",249,"Factor #249",9.9972,34,23.20361,13210.96,13817.43,13394.59,13297.54,13261.82,12890,9927.181,6930.216,14637.27,10244.31,9914.962,21942.5,6031.131,4328.036,15443.01,9308.217,7205.164,2447,10520.63,12607.58,12077.55,16368.22,8027.766,9441.205,14481.62,8024.585,3434.853,3875.639,9100.458,11970.52,16359.65,10988.9,7000.592
"243",242,"Factor #242",10.0004,34,17.97033,14524,15258,14383,14543,14582,12804,10845,7574,16262,11177,10806,21440,6071,4819,16782,10159,8060,10151,11384,13725,12579,17588,8814,10266,15632,8750,3868,4312,10060,13236,17573,11823,7804
"244",243,"Factor #243",10.0007,34,17.46118,13250.98,15258,14383,14543,13373.1,12890,9928.401,6930.216,16262,10244.31,9945.12,21440,6031.131,4328.036,16366,9308.217,7205.164,9184.108,11384,12689.88,12077.55,16368.22,8027.766,9441.205,15632,8750,3212,4080,9663,13042,17573,10988.9,7000.592
"245",247,"Factor #247",10.0065,34,13.32574,9733.198,7219.2,6284.485,8323.462,10493,10936.79,9927.181,5099.48,8683.762,9989.411,8500.788,18772.84,2982.218,1893.729,8442.563,5508.884,2495.617,4808.246,3916.009,10505.75,11229.85,15622.1,5668.699,8965.413,10770,4242.53,2676.594,3793.153,8986.987,13236,16308.57,7922.593,2007.314
"246",250,"Factor #250",10.0668,34,93.48703,981.8132,1076.466,676.6385,1080.917,852,606.7189,920.8647,1489.101,2494.543,1861.532,1516.395,2699.719,229.9002,496.2121,1143,343.8998,637.1661,1923.314,2471.902,1776.584,363.3385,3124.971,529,1288.651,606.9992,1209.378,613.9452,797.5089,1448.401,1750.97,826.5038,415.7152,536.1374
"247",245,"Factor #245",10.0685,34,14.69062,2831,3771.631,3025.597,4970.374,2839.941,2000.275,2165.61,5099.48,3341,1864.497,7842.439,11451.19,4538.782,2300.649,4542,1577.451,2495.617,6703.798,7158,3458,1475.479,11687.73,2931.54,6493.46,2778.164,6483.932,2895.438,1973.708,6693.483,8892.099,4130,1616.727,1476
"248",246,"Factor #246",10.0766,34,12.44518,3997.714,2570.536,2576.65,5666.708,3931.969,1528.402,3781.404,4668.715,3341,2217.33,1435.113,14965.5,751.0437,2098.855,3831.389,908.2055,1578.626,6290.295,7745.57,8597.45,1475.479,9087.692,3848.071,1254.412,2016.324,1364.529,2467.77,2017.945,974.4869,7238.689,4130,981.004,2007.314
"249",244,"Factor #244",10.0791,34,14.13606,3997.714,5098,1329.924,5695,2839.941,1528.402,1334,5099.48,3569.433,1566.565,3145.042,10186.15,1131.184,2098.855,9714,1296.09,1578.626,1109.253,5284.508,7327.061,1035.279,10568.59,678,1254.412,2322,1178.973,2429.596,2153.924,1216.614,1711.394,5783.707,1514,1693.242
"250",251,"Factor #251",10.0801,34,63.4746,3130.753,3017.71,2236.82,3381.798,1941.939,1459.648,3391.368,1250.022,8044.345,1811.324,1429.001,8148.248,703.1033,1037,2494.71,890.7043,1268.542,5279.933,3891.474,5589.304,929.815,9017.901,1086,4678.728,2227.97,3892.123,1753.511,1721.615,589.5735,6338.553,1382.97,765.0688,916.3374
"251",252,"Factor #252",10.0928,34,58.21425,1373.845,870.4935,970.83,647,1094.044,477.4181,538.1625,422.8695,361,880.655,1105.906,3318.864,396.3018,677.0704,1188.057,623.8727,807.6335,470.8693,517.7434,1281.439,363.3385,372.9807,412.273,474.6414,510.6524,375.2599,426.8109,150.1527,483.2484,392.017,546.5537,494.231,306.5928
"252",248,"Factor #248",10.1066,34,19.73574,2208.009,2255.035,620,2703.393,820,1100.203,1753.11,1119.649,3068.537,1607.452,898,2694.042,751.0437,975.5967,2890.16,690.6274,832.9743,567.9443,443.7808,3139.169,1475.479,809.6902,749.0784,1254.412,2016.324,1178.973,696.8707,355.014,769.0419,1443.225,1060.099,1008.252,513.2772
"253",253,"Factor #253",10.1081,34,31.77945,301.0681,283.1751,287.7313,216.6307,207.1529,248.3322,690.1708,81.64175,257.4344,534.5804,67.76525,542.9987,708,17.04389,255.3361,550.0201,199.7788,549,71.72328,287.4044,159.9007,127.6772,22.83639,541,231.8091,520,56.56791,47.52982,497.9969,111.2795,136.4748,679,137.034
"254",255,"Factor #255",10.3266,34,130.8342,619.8369,666.9493,625.5165,468,573.7146,624.7282,630.6183,951.1135,658.7757,563.7404,782.4557,793.5043,530,642.0003,621.9085,617.2863,866.3258,586.8435,702.4779,643.1019,556.8837,863,848.7358,424.7591,410.9537,463.7358,500.9746,724.5003,520.1883,609.2974,661,937,823.6388
"255",254,"Factor #254",10.3291,34,140.184,967,821,863,948,780,833,808,1170,864,750,931,1041,541.9993,913,872,901,1089,872,977,744,719,716,852,770,903,615,588,1124,839,1256,958,731.902,1166
"256",256,"Factor #256",10.3741,34,23.61384,558.5318,360.8453,577.0076,447.0093,375.6716,437.9836,361.0407,925.677,598.4479,460.2429,782.4557,389.5958,232.986,591.1293,386.5476,468.8532,311.3698,401.0799,189.1811,302.2918,343.2243,305.2079,539,231.8072,410.9537,236.6281,459.5808,677,397.0094,556.7314,446.9376,314.9182,629.6329
"257",257,"Factor #257",10.4487,34,30.49499,348.8684,335.5143,262.207,341.2346,332.6816,312.7235,152.8432,612.8025,143.3802,200.1095,329.5133,180.735,169.7237,1156.622,185.5785,235.4973,690,195.1077,189.047,96.79347,333.0826,183.9768,658,164.2635,300.1519,132.2525,213.5878,728,84.79244,366.4792,96.33553,195.9518,711
"258",260,"Factor #260",10.6975,34,7.549864,671.7574,684.8582,590.2697,593.9673,546.004,514.3908,507.4172,298.8563,763.7887,444.4105,290.0722,762.2713,396.7993,282.0301,758.6027,535.0912,329.2504,595.2135,745,552.5794,715.9863,746.3689,314.4327,585,757.8271,511.1551,185.8568,137.4827,615.4278,299.9585,808.4877,571.8402,363.373
"259",258,"Factor #258",10.6982,34,52.62284,743,755,645,717,616.7753,772,531.7247,414.0862,794,444.4105,257.9353,872,396.7993,282.0301,793.3746,551.0341,525.7541,608,659.5802,566.0509,723,718,450.4087,583.8272,817.2925,538,184.7808,315.0397,580.5504,461.5362,830,543.3868,539.1231
"260",259,"Factor #259",10.7147,34,536.0233,530.8557,513.8173,399.2328,532.6836,631.7087,653.8951,404.7479,303.6946,498.7871,299.1953,191.1147,494.7068,272.016,425.2193,776,616,804,340.0425,346.3308,508.1374,563,434.7516,882,734.3635,783,324.2802,416.5098,528.8429,484.3969,555.9828,1361,833,1112
"261",261,"Factor #261",10.7187,34,140.2817,582.416,557.1613,450.1953,556.7883,546.004,484.3265,374.3551,381.2772,522.404,348.1718,247.7182,494.7068,154.1572,263.7552,683.3672,464.2038,528.1464,286.822,559,430.6969,514.0679,438.607,636.853,511.4168,654.5089,286.2135,242.5686,413.382,312.509,639,695.6316,655.0344,865.2109
"262",262,"Factor #262",11.0775,34,37.55889,512,446.9584,404.5877,352.1871,392.6832,391.7846,250.0719,727,901,419.6066,653,806,97.40737,627,890,301.6106,557,232.865,574.4661,517,527,973,759,368.9422,1452,197.2512,448.958,260.209,248.8707,422.6414,1226,237.1737,477.4666
"263",263,"Factor #263",11.1365,34,152.907,568.0319,626,550,1022,896.6443,1008,75.22507,107.3579,135.0058,143.8658,68.961,166.4028,135.1741,73.22938,235.7053,220.7227,4006,81.51414,200.8415,162.5449,151.2178,138.6252,2046,269.8854,303.0589,45.62295,126.3122,144.4001,174.7819,76.78962,636,503,1840.194
"264",264,"Factor #264",11.245,34,16.91165,680.4903,827,664.1494,689,567,547.9057,267.5088,1054,485.2452,334.3493,434.2149,497.9036,485.8614,3288,558.6769,450.7504,1086,332.5633,337.1659,387.6576,437.5365,504.3338,951,381.6714,478.4048,224.5084,284.9315,958.7248,264.9319,380.4284,462.3544,259.4078,1126
"265",265,"Factor #265",11.2668,34,93.79415,625.4035,772.9691,785,724,562.7585,547.9057,1511.617,1063.072,453.4069,603.4776,12729.57,1358.846,426.679,1993.207,510.4723,391.316,1007.547,477.2535,435.7232,683.9118,418.098,1140.453,1001.249,849.6407,1094.774,969.8135,385.4214,884.5154,1589.834,1321.46,462.3544,622.0008,1099.588
"266",267,"Factor #267",11.2962,34,130.855,4493.491,4541,4215,4276,4254,4212,1982.113,9167,2069.724,2495,16816.17,2165,1718,1927,2076.453,2020.204,9881,2045,1705,1123,1296,1922.477,9346,1788,2359,1147,2635,2982,2099.839,20177,2062,2095.222,9963
"267",268,"Factor #268",11.2979,34,159.7674,4493.491,4540.929,4353.951,4707.236,4253.916,3904.21,1995.518,6941,1854.731,2494.923,16816,2307.533,1718.259,1930.582,1838.935,2020.806,9881.09,2044.742,1513.962,1508.931,1596.986,1799.992,9345.934,1890.195,1825.735,1447.489,2654.388,3109.652,2099.839,20177.44,1995.11,2095.222,9963.485
"268",269,"Factor #269",11.3103,34,138.584,3357,3164.309,2993.081,3062,3054.517,2769.259,1609.684,6519.086,3000.851,2571.149,11580.53,3988.633,1355,1337.802,2670.262,1860.259,7657.968,1812.045,1892.301,1726.023,2206.29,3442.461,7260.667,1943.735,2400.931,1614.495,2310.707,2479.856,2040.391,9071,2526.029,1972.806,7722.676
"269",270,"Factor #270",11.3154,34,29.52416,1947,824.5699,2224.59,826.9794,2502.081,2474.071,1510.004,1329.57,1127.605,1304.865,2264.346,4377,850.1032,616.5052,3297.562,1744.998,761.4273,1796.748,1892.301,1685.585,2807.238,3442.461,1251.406,584.027,3559.352,1614.495,1098.556,685.8159,1458.923,824.2096,1448.174,1788,1940.619
"270",266,"Factor #266",11.3176,34,57.73776,2217.147,2109.387,2280.813,2300,2995,2993,1790,1681.947,3626,3096,2831.154,6464,870.878,704.9645,3760,2068,1919.833,2017,2160,2206,3315,5391,1708.225,2234,4112,1920,1142.92,1596.279,2367,3899,4596,2228,2117.018
"271",271,"Factor #271",11.5719,34,346.3005,402.9182,545,382.2321,347.6116,802,653,353.785,707,788,553,552,655,383.6973,424.9756,441.296,369.3164,719,689,560,369.4935,252.3608,259.3315,349.8002,303.0547,386.2534,352.0105,430.1079,1148,849,1032,842,466.0244,699.2712
"272",272,"Factor #272",11.5863,34,341.2812,373.9178,502.4641,382.2321,267.6411,537,421.0648,412.2604,565.5333,395.3932,362.8123,357.6246,456.0666,313.4074,373.7411,413.5874,351.0977,701.7499,498.603,541.1359,313.4732,270.779,265.4076,501.5451,257.1826,269.5939,352.0105,430.1079,587.8381,748.4891,899.395,568.4093,359.3403,709
"273",273,"Factor #273",11.6099,34,81.59631,110.2525,191.6523,190.8039,243.1336,235.3048,286.3856,81.46803,159.1257,181.3519,202.2506,96.45124,138.6949,236.9146,153.1027,254.2502,136.2973,1067,163.3914,117.4191,135.3908,140.6726,171.5329,597,255.8746,428.5096,170.8651,150.4954,98.37906,167.8248,49.09596,548.6979,325.4549,522.3916
"274",274,"Factor #274",11.7026,34,290.1785,87.34897,8.821303,10.13446,208.021,134.7832,98.63356,225.5022,65.47543,134.4339,51.36224,26.30167,9.554926,16.11161,19.81108,149.5799,366.0742,1035,102.2053,23.66139,84.09153,22.0768,62.94429,390.1798,559,391.7789,63.84314,23.70656,8.36613,30.67983,83.977,750,731,962
"275",275,"Factor #275",11.8147,34,31.19974,322.893,349.1042,333.4742,367.8206,286.8419,374.8305,2227,42.59846,406.0433,2469,56.19302,654,1686,21.65683,378.4943,2182,48.73451,2374,437.0778,312.8738,266.2082,299.7482,21.15335,1873,364.5726,1898,50.62566,34.65586,2435,48.20293,388.9422,1892,13.9107
"276",276,"Factor #276",11.9231,34,8.86246,214.0791,212.776,182.0383,210.0507,126.5964,123.4288,497.2294,8.121219,50.21741,579.0843,10.21327,196.723,381.2892,9.194204,137.7738,453.8939,11.14103,602,108.2185,56.73405,117.2383,45.97439,20.43025,507.968,122.2055,587,19.4566,10.75439,549.5828,22.32014,94.46394,396.0815,20.06096
"277",277,"Factor #277",11.9306,34,8.631968,349.106,342.2614,298.8825,301.7125,257.962,301.8828,464,7.89402,64.03291,571,14.01441,113.9718,317.0168,31.89071,58.79606,515,10.56964,382.9102,63.22484,71.15619,33.99517,63.31309,13.43981,475.3897,88.74985,353.3914,50.03697,12.63538,598,14.8399,107.0109,341.1107,33.91095
"278",278,"Factor #278",12.1553,34,323.1379,612,547,517,391.9928,583,595,509,315.387,606,620.4024,441.4506,715,511,420.0286,481.2983,573,347.0372,639,449.5564,511.5605,359.4103,299.2536,237.9019,484,359.2843,381.9437,380.8465,425.9977,616,432.9745,641,511.0696,425.8095
"279",279,"Factor #279",12.2663,34,64.11966,4033,3937,4206,3833,3999,4094,3634,2777.349,5646,3265,3541,5742,3293,1797.714,5610,4462,2816.103,4517,3747,4033,5421,5662,2961,4402,5452,3413,711.7245,3056.087,4724,4063,5671,4303,3142
"280",280,"Factor #280",12.2794,34,171.0104,3121.4,3296.543,2727.653,2662.353,2729.789,3251.856,3223.912,2820,4668.387,2664.244,3232.835,4760.563,2583.471,3851.527,5017.65,3789.932,2807,3279.897,3136.316,2987.889,4355.305,3825.708,2804.423,3754.495,5116.358,2898.499,749.9818,3830,3420.541,2871.193,5272.708,3676.229,2935.834
"281",281,"Factor #281",12.2931,34,400.0289,864.8276,913.8571,818.4764,903.2115,891.5062,961.5976,1287.096,1911.462,1192.037,621.6053,348.1677,772.4579,733.9088,2557.655,1580.458,1688.413,1781.346,1003.187,762.9649,611.4083,862.3944,761.5746,1933,1943.657,1878.639,617.1145,1015.861,3106,988.9413,476.7987,2424.327,1975.782,1779
"282",283,"Factor #283",12.2944,34,471.1613,570.579,619.4836,559.9245,544.0796,610.6679,551.4852,1658.892,1010.019,1551.629,746.102,227.1409,995.7167,938.2819,1314,2020.38,2247,1271.39,1285,868.2184,685.9321,1127.944,977.5704,1349.163,2490.218,2428,765.8729,980,2544.617,1280,417.6679,3187.602,3766,1545.597
"283",282,"Factor #282",12.2949,34,30.97485,2808.356,2595.582,969,2420.53,2402.46,3600.053,3791,1619.567,1602.766,2664.244,2968.205,4760.563,871,1588.168,2260,4010.579,1603.697,1916.571,3136.316,2987.889,4355.305,3494,2009,912,1844.555,1107.86,659.7348,1732.51,1262.01,3232.009,2884,2392.787,2512.92
"284",286,"Factor #286",12.4084,34,2611,4459.89,4520.128,4266.376,4344.7,4515.647,4492.703,3967.035,5674.565,3737.419,3012.57,8694.566,3762.89,3799.949,3004.954,3834.053,3687.271,5974.144,4347.017,4152,4635,3425.996,3929.655,5813.466,3868.238,4465.529,3014.53,3072.757,1463.335,3945.278,9896.989,5008.158,4576.512,6021.566
"285",284,"Factor #284",12.4125,34,789.0137,6822,7018,6774,6261,6533,7128,5527,10338,5314,5024,15973,5862,5106,4483,5176,5207,10142,5540,3957,3899.591,4338,4463,10357,5550,5288,4191,5520,2423,5121,18457,5550,5692,10455
"286",287,"Factor #287",12.4513,34,91.27097,1263.542,768.9858,1179.805,1348.542,1041.991,895.9614,1172.547,2990.147,936,2223.22,7485.488,1382.443,1946.039,1948.676,1250.954,1195.04,4353.631,1218.808,980.7775,1382.754,1638.712,2093.735,1249.067,1920.207,1443.284,1087.145,2747.513,610.7155,930.2802,2115.09,1280.714,814.4528,1364
"287",285,"Factor #285",12.4778,34,149.2837,1096,468,2277.476,1861,784,880,990.9829,1482.401,2168.239,940.7061,9627.502,1204,1224,839.1773,674,1252,721,1140.239,1914.002,2222,2073.729,1599.836,2453.199,1349,2223.028,1153,1222.159,1013.833,2336.604,4764.415,677,1030.826,4228.611
"288",292,"Factor #292",12.5363,34,39.23382,339.7777,561,324.6822,363.5653,378.5025,373.4408,995.6485,629.498,320.4464,556.5123,536.6043,274.04,690.8195,165.8988,325.2213,1130.481,287.7891,984,94.06655,124.9599,193.7721,151.5531,252.6104,1681.798,422.0696,516.3914,87.0313,324.2475,434.8636,357.1702,546.1134,2495.097,206.6936
"289",288,"Factor #288",12.5551,34,37.02246,517,498,324.6822,378.1001,378.5025,373.4408,2740,193.5956,531,823,146.7536,304.2457,1348,97.18178,339.8034,2551,252.0721,1150,62.97368,30.5908,201.0567,151.5531,216.3646,2745,557,909,102.246,11.82786,508.5032,137.6041,672,2960,206.6936
"290",290,"Factor #290",12.5569,34,36.92723,339.7777,408.3323,324.6822,378.1001,378.5025,373.4408,2609,193.5956,394.8606,556.5123,146.7536,304.2457,812.6729,96.91525,339.8034,2545,246.8524,1015,115.3928,49.46479,201.0567,151.5531,216.3646,1792.949,583,779,101.8746,2.202028,529.8655,134.0748,678,3198,206.6936
"291",291,"Factor #291",12.654,34,6.253577,236.8256,229.5306,172.5519,238.1545,228.5842,191.2442,993.1675,52.07963,259.7444,600,57.99962,205.8945,1062,57.25969,235.6415,1794,220.1711,766,52.93871,34.71398,159.2575,83.96024,147.7165,1695,326.9403,583,85.1143,40.08124,325.2972,67.57408,372.6523,1141.591,195.9955
"292",289,"Factor #289",12.6638,34,3.230543,198.8353,229.5306,166.0116,234.4222,183.7183,191.2442,2041,50.19006,203.3518,588,57.0553,203.0197,967,9.515098,237.6959,1738,186.781,707,30.33155,35.40364,159.2575,87.80977,147.4904,1732,326.9403,601,80.13693,39.365,310.2992,65.71561,246.4129,1778,195.9955
"293",293,"Factor #293",12.6872,34,8.070274,197.9796,229.5306,166.0116,96.0474,228.5842,191.2442,965.3994,43.60542,242.7951,607,14.6203,121.2192,765,67.88635,221.6578,735.1419,187.2639,354.6486,23.08589,76.10808,52.14312,42.92056,131.1735,824.9873,200.1437,334.4854,71.60607,27.70527,310.2992,60.90701,246.4129,1077.51,49.82767
"294",294,"Factor #294",12.7444,34,55.85755,232.1964,165.2554,217.0102,171.5305,191.1941,191.1154,1355,114.8118,224.8218,173.9164,66.52213,174.6605,643,105.2885,249.3875,1038,102.7272,224.3395,172.3651,171.1692,232.9674,183.3545,145.9985,1053,221.4285,226.6836,126.8261,46.31019,277.4349,73.79825,267.9571,1132,152.3823
"295",295,"Factor #295",12.7479,34,24.68687,366.1622,248.0768,319.2744,275.1983,288.3031,340.5696,382.3794,188.4535,359.1429,244.6291,95.60421,222.0176,588,109.6283,399.1828,435.6894,162.8214,521,304.2166,286.1044,371.0362,281.0168,235.7334,425.4193,303.5828,341.2691,189.341,69.02496,401.5168,101.2204,368.0527,374.0278,218.0842
"296",296,"Factor #296",12.7535,34,32.35822,74.41223,50.37905,58.67336,122.6669,62.2641,93.02029,408.8484,21.76338,75.63815,57.0897,22.81379,67.46344,593,74.03358,21.19079,1037,14.61468,247.6397,23.44866,19.28536,61.19364,22.6317,56.23415,293.8218,32.38884,215.578,18.44168,10.98813,113.8423,10.75427,98.67586,865,48.11518
"297",297,"Factor #297",12.8476,34,3278,1130,2453,1812,2309,2059,2430,2401,4132,2113,1649.202,2549,2025,1987.358,2970,3237,2940.042,5668,1603,2200,2424,2069,1956,4556,4144,3868,1232,2737,2804,2468.648,2998,6625,2733,5538
"298",298,"Factor #298",12.8716,34,534.801,1349.136,621.2917,957.821,1320.937,1007.114,909.5288,1252.068,3687.139,1812.166,955,2446.735,1213.992,1105,2947.406,1222.364,1515,5078.647,1014,849.8604,1220.992,951.3639,852.3349,2965.578,1735,1494.824,1077.909,2617.84,1848.08,1363,2787.308,2499.546,1937.455,1897.196
"299",300,"Factor #300",12.8762,34,58.22474,202.8578,244.9413,240.1346,193.3132,221.5387,212.7408,671,57.78065,176.1122,478.2907,107.8993,235.4223,507.6914,71.66518,128.9012,480.9424,32.14081,584.9025,77.2401,109.5264,404,170.4022,63.43462,497.4728,154.0374,506.7953,59.83736,59.8599,586.2761,96.35759,188.2494,795,57.1625
"300",299,"Factor #299",12.8946,34,668.6455,1349.136,2226.574,526.6502,1626.707,304.0194,564.0776,785.7844,2384.212,1812.166,525.3773,976.3188,1425.581,420.4426,926.3937,427.5037,336.1959,850,684.1417,849.8604,997.1003,1427.403,582.9731,708.8808,563.0376,357.6696,576.087,2442.386,1563.121,432.2308,816.4787,528,343.2725,637
"301",302,"Factor #302",12.9997,34,18.55831,444.254,334.6279,311.4855,554,508.4969,413.8319,1511.817,49.32861,35.08769,1735.809,160.0665,417.5603,2271,665.1947,40.36347,1400.379,331.2094,1733,283.1508,210.8583,24.26714,118.7051,868.1974,1784,39.61825,1812,408.5173,776.0724,2098,943.9364,210.2496,1643,711.0568
"302",303,"Factor #303",13.0293,34,54.91182,2752.644,3823.198,1995.64,2013.222,2822.235,2489.947,1046.575,8939.557,3056.663,1565.663,5958.66,3803.33,704.669,4908.953,2691.663,980.1379,8560.973,1309,2110.708,2177.794,1655.885,1257.484,2697.885,877.4031,3451.54,1224,4427.978,6769.35,893.4933,3492.389,4048.115,963,8015.343
"303",301,"Factor #301",13.0344,34,67.75777,5130,5166,4509,3773,3701,3632,996,11111,5916,1990,11605,6690,329.0397,9048,5891,1056,10654,723.588,4241,3160,4550,4679,11776,1105,5285,780.3144,5508,10719,1160,12909,5539,814,10368
"304",304,"Factor #304",13.1346,34,94.64044,446,566,413.5372,744,753,977,132.4171,174.5348,111.1438,112.2657,38.89905,148.9021,64.13004,158.8137,175.8804,190.2304,3353,66.40204,40.13763,23.58476,77.34456,109.3875,2041,223.9028,237.8678,54.28307,96.39313,87.22018,106.1595,100.58,616,378.2535,1921
"305",306,"Factor #306",13.1931,34,20.73141,457.2078,479.8077,445.971,551.638,611.8047,531.6781,1306,42.50764,1.065467e-09,1381.889,4.232386,154.7682,1416.312,9.021273,80.19493,1526,7.188604,1637,111.0448,62.98561,74.17658,32.22845,6.074581e-08,1819,40.40426,1871,103.0743,13.45304,2231,9.573302e-08,4.369726,2208,2.00431e-08
"306",307,"Factor #307",13.1981,34,179.2126,911.6976,600.7753,905.0113,911.2187,876,848.7264,1148.021,1170.811,577.6983,1206.064,485.5036,1061.189,1700,1647.842,654.8795,1279.935,1149.6,1190.841,179.547,205.5239,740.3713,698.5483,1162.187,1465.346,599.1551,1379.642,819.5407,1731.327,1003.568,626.9213,600.4393,1351.439,1022.093
"307",310,"Factor #310",13.2031,34,179.2126,726.9409,847.4207,905.0113,899,894.0193,935,773.8292,970.5481,551.3006,615.1347,370.2266,774.1587,1081.471,2001.716,664.3125,1101.087,1157.142,706.9232,256.8519,224.9111,625.6248,701.2643,848.7429,1236.697,601.6441,1111.71,969.3242,1436.388,788.1823,365.9127,656.2673,1203.958,1139.417
"308",308,"Factor #308",13.2113,34,142.6251,989.7568,978.7316,905.0113,1058.217,1204.754,975.6309,1148.021,1129,1985.006,1023.647,570,2250.07,1701.589,1270,948.7199,1141.72,1028.411,811.1128,1233.204,1464.782,1712.702,1329.283,1165,1200.068,1850.663,1074.874,792,1245,879.2775,606.6676,982.8483,1301.768,1269
"309",311,"Factor #311",13.2122,34,179.2126,873.5009,803.2236,774.0436,823.0105,744.1266,975.6309,1031.506,535.5711,818.7236,794.2187,482.1779,1061.189,1493.891,1046.643,655.327,1017.295,778.257,750.408,615.4924,271.8548,736,1155.741,902.1973,1084.441,634,960.7343,558.2278,1245.483,611.3444,497.1547,1015.947,1171.263,733.1122
"310",309,"Factor #309",13.2232,34,4.999551,2220.75,1993.62,1653.816,1301.554,1356.134,1239.402,2624.386,839.5323,2782.505,1686.612,675.1459,3653.212,2226.674,530.8618,722.4333,1291.446,673.0957,1925.83,2188.778,2417.05,2312,3394.196,507.3978,2015.698,2936.854,1223,542.8017,624.4208,803.3418,665.957,2776.463,1631,645.0646
"311",305,"Factor #305",13.23,34,112.2494,2115,2160,1682,1931,1938,2127,2665.985,930.0757,3590,1922,675.1459,4204,4087,561.9572,3427,2752,766,2313,2252,2490,3452,4404,627,2537,3751,2692,555.8919,797.0106,1689,665.957,3689,2732,753
"312",312,"Factor #312",13.4371,34,320.3128,1017,1145,1291,1708,1468,1913,257.6838,736.5207,353.4644,180.1289,224.3787,281.6618,389.7976,234.7625,544,425.0326,7674,235.9944,173.3247,201.8216,153.8924,145.696,4183,963.3845,620.1497,187.7138,204.1683,236.3101,254.0037,243.1919,1261,1018.837,4304
"313",313,"Factor #313",13.4684,34,322.6583,1050,1122,1241,1431,1324.227,1633.269,275.0199,850.1086,426.4905,159.2254,217.1212,235.1611,455,184.6692,779,798,4080,160.8024,165.9322,102.9233,94.11417,152.3482,3193.995,1100,1236,173.1797,170.5588,215.6542,200.264,203.112,2034,1565,4022
"314",314,"Factor #314",13.4928,34,58.63322,316.7593,311.8094,287.3088,319.0039,348.8117,369.1613,179.7711,590.16,364.7165,126.9685,433.909,365.6621,114.7903,582,394.2064,243.4236,711.3233,238.0261,264.0202,352.4544,349.3564,360.388,689.5543,266.5445,356.6607,349.5079,932,481.1574,169.9692,522.0542,488.4643,319.4491,622.5802
"315",315,"Factor #315",13.5266,34,75.96564,937,691.8199,1325,2153,3661,2788,731,274.302,1773,693,228.0725,2028,862,223.6953,2540,1386,752,2636,2612,3713,3295,2540,686,2484,4280,1905,420.6931,464.4192,2711,1143,5041,2654,1344
"316",316,"Factor #316",13.5307,34,75.96564,787.1612,726.5682,1054.583,1682.494,2874.288,2706,624.5656,234.6229,1300.88,510.4289,208.3739,1495.179,702.8505,256.1768,1942.479,1076.959,642.1873,1111,2612,2505.441,2638.179,2063.521,550.892,1303,3557.181,1428.579,349.3766,464.4192,2054.761,963.1076,1655.712,1458.025,959.4969
"317",317,"Factor #317",13.5651,34,10.57735,787.1612,579.618,571.3771,1149.732,2223.202,1338.597,434.0031,198.2238,1135.262,354.0962,165.7653,1495.179,346.6878,114.432,1624.849,552,431.376,1751.876,580.9355,1862.926,2414.257,1265.991,479.5935,1641.683,1105.861,1280.3,309.4747,309.315,1266,896.5143,1503.996,1407.998,470.2188
"318",318,"Factor #318",13.7107,34,20.85133,245.1257,306.2019,229.758,348.3766,311.1876,309.8529,1054,5.258359,37.54308,617,140.6455,149.1291,2629,36.47674,92.12397,1315,39.91524,1674,107.0706,86.96853,220.6327,113.49,23.39374,1352,57.2982,1645,7.524608,35.14936,1060,131.4016,66.71457,1118,39.68603
"319",320,"Factor #320",13.8609,34,1586,661.4267,647.833,744.3062,967.1083,1341.753,1304,770.0525,645.416,962.5179,716.7584,674.0377,1426.952,774,1362,1477.984,1082.801,2149,666.4873,777.8129,1224.753,1125.655,931.9284,1643.434,1526,1788.551,800.5073,825,1062.804,1269,1290.562,3291.68,1973.593,2283
"320",324,"Factor #324",13.8622,34,1126.564,1417.167,1313.293,1157.837,1309.241,1454.203,1485.549,742.4738,945.6222,2901.188,768.8153,936.7176,3947.15,721.8388,1240.353,2731.581,1063.717,1947.965,734.6375,1468.096,2290.743,2088.585,1477.841,1642.216,1183.014,2012.435,790.6623,771.8571,1070,1171.408,1666.814,3119.904,1602,1916.96
"321",321,"Factor #321",13.8696,34,861.0144,1879.163,2115.826,1488.217,1578.4,1726,1489.343,998.2374,1242.124,4646.508,988.2232,1169,6157.838,702.9802,729.628,3848.933,1216,1465.186,1110,2259.99,3244.012,3221.445,2096.97,1010.781,964.3577,3710,779.5171,517.3537,748.4323,1039.314,1829.997,3744.879,878.2347,1268.562
"322",326,"Factor #326",13.8743,34,48.81306,2677,2115.826,1654.039,745.5528,1454.203,525.676,936.2651,1251.988,4362.912,680.3534,739.8019,6182.376,449.0087,371.0355,2551.783,451.984,649.283,1039.902,1697.743,2866.211,2704.935,563.2126,834.5734,1213,2428.488,609.277,233.3648,423.739,548.4546,1680.938,1541.254,570.3294,770.0158
"323",319,"Factor #319",13.8794,34,26.25278,2887,2865,2128,1973,1631,1654,1032.606,1449,4897,1303,820,6432,939,369.1447,4317,859,999,1403,2450,3650,3441,2537,1096,1247,3537,1033,232.1979,452.9488,1382,1970,4282,1135,912
"324",323,"Factor #323",13.9401,34,26.84804,1486.604,700,1113.31,675.7721,322.1413,659,586.5,426.0823,1027.799,970.0039,349.5274,2381.289,449.0087,208.6282,1485,735.0109,651.4395,775.9578,1552.473,549.3187,1109.48,529.6295,425.3163,613.2521,1546.82,550.9151,83.24762,257.6309,427.6305,1113.767,1728.24,497.9352,283.0711
"325",322,"Factor #322",13.9529,34,26.4599,1659.135,957,786,887.8068,471.3404,770,664.0724,518.5193,708,638.7839,276.7789,3548.328,523.7874,116.5932,1148,635.7961,713.8022,704.2922,1001.551,1629.348,916,614,454.6981,267.1091,1518.064,610,33.09151,211.8991,490.3707,1065.739,684,628,334.1123
"326",327,"Factor #327",14.0329,34,19.79772,184.5214,123.8071,128.8502,89.80084,168.157,12.81241,690,6.568615,10.40257,822,4.328199,24.50029,653,3.130982,11.65056,571,24.25351,531,39.85218,16.68878,12.09999,24.146,24.78058,534,19.13173,582,2.916595,6.287806,524.1215,3.255526,28.92321,645,7.626997
"327",325,"Factor #325",14.0378,34,4.310191,245.2657,489.4476,357.7091,64.87609,186.7559,90.2532,50.32585,238.5708,134.1208,123.0227,25.61805,727,35.58554,8.728425,574,28.0083,221.6296,48.23562,89.30959,109.761,550,243.7877,171.4332,22.67073,126.5972,30.12656,17.85387,97.50364,39.72587,266.0882,364.5284,103.1828,30.13467
"328",329,"Factor #329",14.1124,34,57.82076,628.4029,742.5319,510.0498,515.7405,532.1158,564,981.7364,67.08751,752.8625,715.9928,38.52831,732,1145.185,22.33178,765,1024.32,24.93484,1002.511,302.6426,398.0056,844.2415,539.1987,9.587854,859.4423,648.1227,936.392,17.14581,44.99863,683.2265,30.12908,477.8424,819.9435,38.50572
"329",328,"Factor #328",14.1135,34,59.27265,768,742.5319,570,557,532.1158,556.2865,1108,70.71153,789.4601,794,28.84053,719.4613,1292,28.8589,630.5266,1024.32,33.90529,1111,280.7159,375.7962,958,596,16.42778,1165,639.73,1041,54.11995,43.51672,749,29.74253,617,922,106.2792
"330",330,"Factor #330",14.1704,34,15.22259,980,970.3061,1093,1009,1201,1376,1657,451.0607,1358,1837,442.5161,1385.421,717,214.7672,1290,1898,554,1567,954,585.682,1320,1462,567,1609,1211,1554,343.3408,444.2207,1710,695,1468,1756,726
"331",331,"Factor #331",14.3354,34,70.15653,158.0935,73.10848,203.4509,140.9402,220.2533,27.90078,503,16.13249,36.65402,350.0624,38.17583,77.49476,348.4234,8.720288,38.32287,650,23.41927,656.1705,22.79711,17.59256,56.94763,104.8435,8.820224,598,34.02745,548,18.39482,11.38667,419.063,37.22583,76.9635,607,9.02609
"332",332,"Factor #332",14.3716,34,20.73706,963,879.5448,859,756,635,813,378.493,393.7936,1146,1043,443.0898,1442.198,197.1249,204.0164,1058,447.7381,468.6484,380.0491,636,507.9804,906,1713,481.9934,548,1280,309.1666,287.7408,197.2102,422.3771,608.3021,1296,293.9365,448.2297
"333",333,"Factor #333",14.589,34,43.08637,1235,1228,1155,1116,1285,1386,775,1230,1049,1472,2800,1292,848,238.8529,1000,1080,1260,1024,746,770,1045,760,1174,1015,1024,775,202.2868,354.4888,1004,2955,1168,1065,1249
"334",334,"Factor #334",14.6381,34,15.51619,491.2148,338.0145,528.3787,596,530,553.5498,709.9227,312.4497,578.443,442.8634,510.2996,744.5163,625,211.0995,684.2271,331.3775,739.6466,291.4621,524.8033,397.7536,601.4717,469.2197,263.8362,293.8438,388.6587,324.1328,196.5559,180.7797,342.0687,433.5488,544.1577,314.9801,279.3383
"335",335,"Factor #335",14.6493,34,8.394359,344.9496,348.5937,304.0006,330.674,292.7336,335.9768,233.3482,23.27697,916.5367,209.7516,25.21536,1168.645,212.1392,27.22869,989,248.8358,58.95309,273.2278,690,632,755,805,39.82165,220.6262,882,162.9563,54.84604,21.17947,177.7126,78.48678,1044,192.8628,41.56151
"336",336,"Factor #336",14.6969,34,7.007891,947.2819,539,549.8293,538.5051,568,543,633.3225,376.8725,887,884,232.9535,996,229.0768,133.2632,851,699,278.2487,554,468.5765,76.22253,942,1481,343.3052,520.6826,901,423.9921,146.1334,269.6131,600,301.9346,974.9013,592,286.8507
"337",338,"Factor #338",14.9004,34,191.4685,929.0685,799.4036,731.3778,1013.269,1281.886,1443.954,969,1226.829,746.9687,950.5131,884.9514,837.5306,1070,1053.781,862.2967,460,1440.962,790.3866,1050.426,752.0989,811.9973,898.874,2110.826,786.8136,1152.53,718.5763,957.2574,1820.945,1107.931,3569.267,1620.984,1184.258,1696.442
"338",337,"Factor #337",14.9347,34,215.3615,1838,2467,2699,2804,3018,3600,2202,4549,2989,2651,5385,3530,1761,2979,3188,2466,4643,1876,3098,2457,2558,2989,4605,2456,3712,2388,3333,4890,2610,6676,3819,2764,4967
"339",339,"Factor #339",15.0435,34,34.9902,210.5399,266.1361,23.16923,191.4453,199.396,181.6603,359.9182,94.6929,62.93427,395.4383,191.5422,237.9785,333.8625,9.212629,56.15618,551,70.07621,504,52.87184,263.7327,168.6789,225.4705,101.7785,531,33.3543,377.9769,64.43463,5.45628,404.5742,97.42274,205.7345,338.3492,125.7605
"340",340,"Factor #340",15.2124,34,403.967,75.6538,216.2842,566,549,542,562.5515,238.5663,938,231.314,8.175626,660,104.8452,171.5432,534.5695,213.3911,556,879,152.3486,881,594,323.9732,185.1059,279.518,146.8138,658,616,588.2857,275.3364,57.38672,858,500,604,897
"341",341,"Factor #341",15.2232,34,403.967,56.33458,215.1067,256.4862,221.3372,469.6048,865.0541,231.7069,643,231.314,14.38597,715,113.5865,171.5432,475.2347,213.3911,309.5873,887,152.3486,384.8998,287.3467,299.1559,185.1034,154.8567,146.8138,329.8039,616,559.6538,275.3364,26.93277,549.6476,298.4068,391.8572,491.2403
"342",343,"Factor #343",15.2966,34,1853.163,13541,13391,13585,12848,14335,13974,9841,10102,21388,5506,3018.866,9819,8272.398,20692,22761,9670,8620.182,12128,33475,29148,18390,16983,8316.646,9512,20948,7811,22141,4721,8953,3196.033,24509,9760,10451
"343",345,"Factor #345",15.3013,34,6652.668,11265.72,10952.53,10138.59,10472.94,10286.46,9204.523,8046.485,8210.53,15598.6,4726.091,6578,8152.883,8200.549,15903.96,17537.56,8271.131,10190,9343.658,25856.05,23328.39,12905.12,12072.54,8316.646,7882.095,16520.75,6156.748,16209.44,4687.712,7263.404,5713,18907.3,8279.15,8330.171
"344",344,"Factor #344",15.3085,34,3336.778,10060.16,11147.9,9351.01,9836.384,10360.74,9778.563,9962.583,8873.388,9840.936,8322.704,11076.4,9503.845,10053,16892.39,11814.35,8863.548,10992.09,8581.594,9829,26877.53,11566.88,10609.63,10121,9510.91,11494.04,8699.318,17732.12,11012.48,9124.664,13128.77,19130.06,12065.33,11443.38
"345",342,"Factor #342",15.3279,34,921.3854,11977,12755,13104,14085,15644,15705,15365,13716,10616,16969,18083,17891,10147.32,7800,9636.934,15393,15500,14714,7426.2,6398,13861,12355,12606,14337,11688,13724,8056.477,18754,15852,26331,12607,16882,17109
"346",349,"Factor #349",15.3769,34,361.6877,571.2608,4691.802,910.3392,678.8672,1319.773,1182.193,3428.529,721,798.2219,705.5221,910.0115,640.1672,2068.988,1407,673.933,1965.557,1025.643,633.0261,761.8556,1322.956,715.0615,678.3128,857.1196,708.7611,771.9963,649.2087,2277,1016.105,791.0369,1657.078,1018.952,781.1472,1102.231
"347",347,"Factor #347",15.3896,34,77.19642,1608.558,1669.33,1530.992,2006,1617.279,2372,2013.304,1232.537,2548,2770.272,1865.782,1880.854,1779,1592.155,1907.317,2421.698,4007.78,1552.112,1376.436,2194.07,1597.927,2146.742,2415.225,2140.89,3330,1901.904,1904.703,2257.7,2268.826,2927.626,3174,2481,4790.54
"348",348,"Factor #348",15.3912,34,189.5068,538.3355,505.3172,585.0722,853.0499,1712.689,1514.577,190.8796,751.5462,465.497,663.1928,669.196,645.6751,318.9583,809.727,629.1833,597.1175,1414,702.476,557.4898,434.1522,707.7295,789.9017,1002,793.9892,790.2917,878.8847,1117.916,2237.708,1364.979,2650,1255.622,1247.501,2553
"349",346,"Factor #346",15.406,34,29.03839,1820,1901,1659,1710,1623,1622,2333,170.9298,3245.582,3890,187.7321,3460,1777,164.7753,3335,2606,261.6388,1602,2313,4485,1978,2510,255.9916,2392,3439.218,2081,209.8497,428.757,2503,463.0028,3379.861,2433.728,374.0985
"350",351,"Factor #351",15.4481,34,93.93262,518.3449,731.418,1317.999,650.5998,828.6515,881.9735,785.4485,347.566,1772.372,846.75,392.6599,713.2008,2715.458,1130.465,660.551,1324,515.1784,770.0657,834.7791,1890.27,546.3212,549.3912,432.3149,784.8833,579.2831,551.6774,562.0806,672,611.3603,396.9559,789.1147,652.9529,364.2416
"351",352,"Factor #352",15.4535,34,69.84659,1096.723,671.3421,851.0914,948.3116,1315.43,699.4399,1422.639,516.5538,1384.915,771.438,386.5555,945.5429,509.4675,771.0648,652.8213,1330.954,529,931.0585,896.1573,1150.519,433.3467,589.8553,309.0513,1156.32,791.1849,593.9539,529.4886,794.4667,1957.645,585.3547,497.2012,1355.7,678
"352",350,"Factor #350",15.4794,34,51.97663,2762,2570,2329,2213,2221,1980.451,2711,365.684,2726,3377,474,1200,3397,258.5067,2764.227,3941,412.456,3789,2955,2321,2067,2753,531.1722,4078,3042,3818,146.3161,627,2986,656,2969,3040.425,361.0107
"353",354,"Factor #354",15.4974,34,100.8864,943.3829,975.9842,1033.851,840.2357,1195.279,1093.749,1788.036,300.1685,886.772,1985.643,378.5802,531,1767.059,198.2975,947,2190.807,433.7584,2225.794,650.1274,717.5228,589.4542,866.7932,230.7375,2138.209,611.9908,2057.72,269.3387,401.8228,1985.58,545.2613,1026.644,2085.932,352.2325
"354",353,"Factor #353",15.5062,34,100.8864,627.5493,634.8255,739.704,825.6848,1051,829,1239,265.9056,542.4308,1666,324.219,408.7344,1223,207.2704,653.4203,1541,433.7584,1622,605.5632,493.5474,273.7337,320.6227,204.4157,2045,504.5095,1399,328.5093,479.7503,1867.048,804.1697,737.4396,1796,460.6618
"355",356,"Factor #356",15.8874,34,140.8798,475,447.2396,513.8602,604,539.2014,600.7766,114.9867,203.1479,206.5384,296.8308,99.56168,146.4675,199.6949,154.6396,283.7648,324.4103,2588.823,197.5214,141.5961,85.78606,105.4611,82.7653,931.633,297.8183,326.1774,165.1372,101.9488,97.5111,158.5387,70.37043,559.9747,389.6565,1403.978
"356",357,"Factor #357",15.8878,34,33.66541,338.6425,298.8229,322.4494,334.1185,296.2822,300.1508,371.6642,55.67398,131.0806,666,61.13732,104.6086,226.6839,41.84844,165.893,493,809.5994,337.4177,76.74299,42.97986,194.1525,294.8279,134.2597,409.6324,184.8974,347.4721,38.20632,59.76261,409.5008,49.49162,244.1997,402.4958,668.0048
"357",355,"Factor #355",15.8919,34,140.8798,467.6803,335.1203,558,614.4296,535,837,153.3418,184.9999,220.994,193.2826,51.20221,143.7304,184.1416,154.6396,210.7264,254.3303,3069,169.0744,105.4596,74.45463,105.5383,114.431,1656,254.7476,270.4709,124.7353,102.0406,95.29118,89.87684,73.13491,523.7051,368.4398,1835
"358",358,"Factor #358",15.8979,34,26.92224,331.7596,276.255,289.303,262.8068,228.2607,290.7426,219.6069,365.8669,448.2198,161.1815,288.4851,654,313.946,81.42758,395.9528,272.659,375.5761,125.3341,73.07725,55.87138,738,364.844,350.8981,232.1524,439.9677,140.2917,239.4698,324.033,176.3511,369.9055,348.1906,186.9508,379.9091
"359",359,"Factor #359",15.9429,34,15.28655,140.2817,9.360507,145.3909,111.0687,134.9479,150.1172,10.35765,43.51355,398.5887,69.10305,27.22901,825,50.88367,11.06357,336.8202,75.40177,22.56526,96.69082,745,383.3258,311.3464,144.6107,17.8846,94.11905,807,8.135415,9.026324,43.78466,80.42778,8.585632,339.1591,99.9617,12.77114
"360",360,"Factor #360",15.9624,34,90.24936,803,46.42902,29.62799,18.91978,29.97346,31.46866,41.93552,48.07932,61.4203,37.79574,47.2125,57.91027,141.683,48.26968,44.30446,41.06906,69.63809,58.40793,44.8026,46.87174,44.23374,42.80937,917,54.12117,57.76444,50.80752,60.22461,12.59399,21.45706,37.24418,69.18783,54.11832,62.44275
"361",361,"Factor #361",15.9803,34,21.40797,120.6715,105.3075,134.8865,69.68276,128.8171,108.4866,675,21.92013,49.51273,291.0657,62.59993,52.46995,2274,21.32663,73.32778,745,24.33589,1101,158.3493,92.69052,82.23814,55.48639,28.96488,801,33.39379,760,28.96246,18.47787,523.6633,44.6997,68.71309,727,34.97462
"362",362,"Factor #362",16.1465,34,53.899,813,837,850,883,894,872,268.5357,699,1148,690.355,1085,1775,94.04359,489.9619,1259,360.1589,731,236.6669,1168,868,957,721,715,315.3927,1128,263.2517,324.3688,751,384.3545,1380,1099,539,723
"363",363,"Factor #363",16.2466,34,18.10427,1493,1560,1396,1439,1252,1217,1300,957,942,708,906,1671,1749,250.4822,936,1419,952,1512,203.7194,222.5209,960,1451,996,1487,881,1116,219.6654,908,1051,1173,800,1199,971
"364",366,"Factor #366",16.3001,34,785.4733,1488.861,1728.917,1415.896,1636.357,1500.73,1356.296,3101.839,1097.08,1016.11,1822.813,351.2234,1039.252,4006.333,53.17776,580.7954,3352.993,589.1548,3166,469.508,553.515,588.3916,369.9418,1048.087,3428.843,752.3884,3392,1036.871,1004.995,3072.798,573.052,1877.854,3481.917,1727.248
"365",365,"Factor #365",16.3106,34,5276.992,3951.683,4174.142,3156.663,4550.681,3377.65,3403.636,5353,5429.979,3940.946,4218,5240.511,4665.444,5019.473,5825.109,4421.606,5469,7902.452,3750.612,2997.119,4038.003,3067.557,3268.877,6348.845,5798.211,4760.933,3991.807,4988.222,3980.048,5367.953,4102.899,6903.142,6384.695,4998.668
"366",364,"Factor #364",16.3107,34,5929,4003,4510,3402,4609,3443,3451,5371.319,5646,3998,4168.238,5287,4717,5065,5880,5006,5640.731,7887,3750.612,3238,4084,3092,3560,6579,5865,5101,3991.807,5060,4296,5432,4160,7045,6463,6165
"367",367,"Factor #367",16.3657,34,606.7621,892,900,854,887,816,783,2493,283.6233,329.8542,1879,235.4497,393.028,3404,127.9501,337.7315,2676,299.5951,2702,263.0323,192.9694,369.8866,389.0556,208.3853,2840,338.7424,2076,359.9341,274.1293,1733,52.21447,281.3225,2379,66.05654
"368",368,"Factor #368",16.4128,34,207.0948,483.2567,462.274,341.7486,705.9807,679.2439,581.8342,2433,239.2666,133.4918,415.1527,206.2187,308.8872,582.3709,99.15925,337.7315,514.3766,2354.58,2347.913,128.627,110.8838,369.8866,285.1134,2201.961,775,248.5224,564,48.13079,114.7722,574,133.7383,629.2679,648.477,2138.871
"369",369,"Factor #369",16.4315,34,331.3789,907,972,1007,1224,1138,1553,379.1023,397.3446,259.5738,308.9259,341.6985,321.275,460.558,347.4643,622,529.2226,6451,326.3717,151.5755,278.8622,211.2294,166.2292,3749,574.4497,817,342.0397,239.0035,246.4122,344.2752,216.1863,1031,1032,3681
"370",370,"Factor #370",16.61,34,20.34192,380.0239,513.1289,552,568,491,638,1381,79.66992,800,805,42.82962,1101,2715,56.48142,899,1497,104.1798,1216,469.9449,587,1175,1230,38.71571,1331,1031,841,253.3507,54.77307,803,57.69472,988,1314,126.2722
"371",373,"Factor #373",16.6201,34,84.65308,381.6134,513.1289,542.2891,591.1049,557.1923,643.1916,1041.241,69.34141,865.0044,723.3477,43.42227,1097.527,1533,7.61608,692.5864,1006,95.65299,787.4633,469.9449,600.1743,1096.424,1204.42,82.67202,1178.843,827.2813,761.7958,239.4124,92.31315,727.8799,6.859402,970.0136,832.8076,122.1662
"372",372,"Factor #372",16.6356,34,12.5692,380.0239,401.0848,520.9391,508.9945,416.401,643.1916,1041.241,36.57744,642,723.3477,8.412408,920.2197,779.1582,16.15261,729,756.0378,67.62435,701.8883,469.9449,498.3961,1049.013,1205.73,15.77704,1018.039,726.1589,709.332,235.9781,23.23157,630.5179,7.735777,536.0855,434.836,118.4125
"373",371,"Factor #371",16.6537,34,9.485115,381.6134,436.9986,552.4329,508.9945,520.9809,643.1916,834,55.35055,606.0507,690.4488,1.225697,676,889,53.04402,605.0441,500.7109,94.66662,686,190.5955,540.5618,640,528.9052,82.21249,669,698.2139,675,195.3593,51.00817,508,5.631596,584.9544,1080,121.7998
"374",374,"Factor #374",16.9113,34,318.6977,779,693.3329,677.9764,705.0269,802,840,3005,265.1221,483.7621,4221,333.7029,337.5412,1751,148.4889,481.7069,3014,261.9751,2569,635.4029,529.1061,421.6749,495.3974,285.8228,3013,535.1791,2643.739,156.731,510.0135,2919,298.1647,554.8553,2963,335.1333
"375",378,"Factor #378",16.9129,34,1667.12,711.3758,795.3521,830.0638,655,871.2,1081.372,2539.008,982.3872,667.4893,2988.69,1079.613,713.8484,1134.093,1289.157,1211.127,2587.05,1948.098,1930.514,717,1064.813,980.6311,745,1230.496,2142.356,1520.666,1987.961,774.461,1819.307,1933.397,812.4604,1726.483,2215.505,1363.897
"376",376,"Factor #376",16.9157,34,1940,711.9693,822.1935,976,1056.162,1453,1430,1310.98,818.0197,1113,1541.052,1067,1307,1031.338,1394,1532,1422.52,1948.098,1197,892.2189,1201.075,1067,784.674,1602.194,1918.767,1861,1307.872,967,1601.318,1664.386,1571.446,3043,2453,2144.722
"377",377,"Factor #377",16.9234,34,1570.937,711.9693,897,885.0894,1056.162,985.4939,1081.372,1298.118,1365,1042.229,1351,1307.988,713.8484,945,1269.543,1193.033,1428.994,1329.093,1064.564,856.7775,1182.892,937.493,833.4559,1347.943,1648.229,1598.077,875,556.4773,3044,1571.258,1719,2458,1133.596,1493.273
"378",375,"Factor #375",16.946,34,169.2894,997,1034,1017,1010,915,987,928.9068,1626,533.8568,1346.877,1864,373.8789,558.1966,306.8776,523.9592,875,1665,624.1197,507,394.572,322.0791,471.7121,1672,847,520.5886,824.0329,582.5963,1084,637.3565,1704.711,579.8683,966.8311,1589
"379",379,"Factor #379",16.9935,34,533.414,544.4348,539.1599,615.9376,757.8756,768.1824,842.5263,459.3058,2255,335.4944,347.4029,243.4501,164.5348,853.6282,302.162,536.042,512.067,10750,205.1047,469.165,277.7371,249.81,191.7673,8905,542.0153,640.1646,349.2432,486.6414,330.6979,383.7885,230.3748,1082.54,812.7915,10134
"380",380,"Factor #380",17.0357,34,70.61619,14335,15056,12808,13968,11115,12013,21126,98.78629,11568,21378,199.8789,20423,16401,31.35793,10959,22997,86.80621,22431,8158,6743,8706,8334,118.4923,23283,11805,18282,50.51325,36.84653,20663,206.4209,11446,18610,147.2927
"381",381,"Factor #381",17.0625,34,385.9054,13038.44,12869.86,8324.162,8080.463,6643.165,6000.636,21126,308.5993,10117.7,18143.37,42.47673,10510.28,2453,137.1789,9860.239,18917,76.90581,20293.06,1940.679,6040.341,7716.409,5533.692,61.04196,4263,10889.11,16119.58,24.159,238.0301,18724.69,23.97486,2402.228,8464.432,33.65539
"382",388,"Factor #388",17.1372,34,1214.814,1104.487,1461.121,1171.385,896,1228,6689.635,1640.939,1258.442,1408.12,1135.606,1649.894,1459.039,1164.798,1444.013,1987.261,1670.551,1078.303,1437.61,1638.296,665,924.2349,675.5188,834,1387.449,996,1287.205,1379.156,2566.227,1313.433,1086.17,1203.615,1681,4157.137
"383",395,"Factor #395",17.1519,34,16.34208,804.9551,1047.207,569.3425,173.6331,197.9067,151.7504,1102.824,33.35583,359.3288,1731.053,16.01337,709.5754,1327,85.04348,557.3769,1777.329,8.564498,879.171,433.0424,235.9189,209.5443,295.7113,9.34626,1156.655,495.0549,710,87.8509,22.56723,2299.942,20.49865,72.50337,1056.316,117.5159
"384",387,"Factor #387",17.2015,34,1842.864,10342.11,10542.63,9527,11092.36,12914.83,13617,8075.242,8573,3522,9111.258,9367.503,23066.33,5323.698,13980.1,1885,8175.294,11333,8123.622,17116.32,14990.62,12938.65,9741.608,9266.13,7189.672,1137,7801.236,16061.7,9327.233,9643,11100,15482.04,7807.296,14484.02
"385",383,"Factor #383",17.2084,34,1842.864,5051,11781,12662,11092.36,13533,8111,8075.242,10783,5364,3850,3282,8317,5807,7341,11197,8175.294,13103,8123.622,8773,14990.62,12938.65,9741.608,9266.13,7189.672,14294.06,7801.236,14592,9327.233,8764.571,11081,15482.04,7807.296,14920
"386",382,"Factor #382",17.2099,34,2021,11527,11781,12662,12312,14267,13617,9118,11924,15899,10235,9733,23334,5807,14257,16329,9106,13185,9219,17504,15278,13230,10715,9597,8181,14715,8933,16489,9649,9825,11100,16862,8746,14920
"387",396,"Factor #396",17.2694,34,532.1032,1605.851,1410.182,2288.61,1320.061,1971.201,2056.72,1448.377,6555.734,1667,1796.5,5877.239,1627.572,1052.096,9106.063,2123,1995.855,1702.542,2282.194,1562.852,2017,1750.351,919,1551.325,1655.523,1235.051,1363.255,3850.871,5437,1535.622,2927.932,1658,1401.271,7982.049
"388",390,"Factor #390",17.284,34,254.3892,2334.35,1568.349,2688.625,2423.364,2955.105,2869.336,2315.812,2401.483,1683.725,3122.227,1992.024,2314.011,1599.051,4850.705,2338.265,2396.886,3209.356,2821,2203.137,2569.982,1087.416,804.2315,2030.831,2032.531,1799.066,1914.607,4639.711,1115.156,2557,1740.201,1568.317,1763.067,3622.855
"389",394,"Factor #394",17.2849,34,791.2479,2161.834,1742.72,1685.259,2122.524,3151.414,1972.964,1890.301,2191.523,1768,2371.141,3568.932,2161.406,1404.979,5587.095,8962.266,2044.499,2645.256,1815.785,1975.586,2261.178,1286.185,1289.816,2417,1859.28,1967.046,1762.255,4137.124,1537.261,1902.534,1740.201,2116.099,2229.115,2137.138
"390",386,"Factor #386",17.2988,34,253.8804,11266,10542.63,11310.16,9705.298,7570.612,7800.498,8075.242,2640,1768,8943.933,8563.962,2333,5118.64,14257,5347,8175.294,3132,7907.149,2063,2257,10107.32,8053.292,2689,6503.076,2407,7605.194,15988.69,8388.464,8156.618,2027,2188,5609.957,10212.84
"391",385,"Factor #385",17.304,34,43.68851,800.1734,720.2474,793.7408,743.4266,833.1183,776.0543,3278,355.4345,281.2445,3250.746,132.763,296.2276,2621,818.4434,241.4363,3333,488.7634,2763.074,234.6392,254.2219,244.113,233.9811,365.6762,3251,248.8158,2757,1350.177,406.5041,2640.004,287.3521,318.8411,2939,394.7625
"392",389,"Factor #389",17.3212,34,204.1284,1565,1299.21,1506,1501,1844,1266.013,2214.072,1870.22,1584.024,2949.538,441.915,1228,1438.147,3884.844,1031,2605.703,2071.116,2079.136,1620.566,701.7569,1051.855,334.3031,1802.063,2223.23,586.6505,1845.495,4384.545,1387.043,2211.007,1577.165,642.1753,1670.146,1778.897
"393",384,"Factor #384",17.3354,34,31.74046,1216.808,1381,1205.88,1230.881,1268.948,1589,4533,147.1789,390.0829,3728,107.3087,447.1841,4636,247.4804,413.4546,4836,221.3906,5247,501.4842,635.2953,226.9662,338.3003,176.9275,4619,407.8685,3983,263.0774,323.197,4683.443,192.8865,497.2877,4693,227.4362
"394",392,"Factor #392",17.3384,34,190.282,1171.564,1742.72,1506,685.0817,1370.379,805.3123,977.6402,1263.707,1044.204,2663.21,773.6548,1102.477,1033.776,3034.818,663.8475,1489.317,1936.026,1540.404,935,1206.147,490.9754,508.4509,1526.832,1581.932,639.0033,994.1851,1267.817,713,1358,873.2627,845.4202,795.9887,1541.579
"395",391,"Factor #391",17.3409,34,207.2434,1384.085,1568.349,1309.149,1105.325,1412,1256,1239.772,1326.873,1163.406,1716,831.3231,851,390.9517,1307.956,920.8939,1593.255,2754,1568.661,824.4613,832,749.3719,631.7679,952.2321,1503.124,821.3866,1216.337,1677.069,1128.443,1567.315,1339.954,782,309.9621,1292
"396",393,"Factor #393",17.3775,34,16.64462,1129,1040.854,1172.121,762.0044,673.4639,875.3891,1163,846.8713,739.9581,1176.442,691.9062,809.7274,614.4896,833.6159,659.8824,1195.351,1377.947,583.1719,191.9853,739.6511,494.0782,130.0237,632.6888,678.0372,517.239,843.4316,1203.675,506.7001,935.7306,164.1586,495.4056,310.2342,735.0199
"397",400,"Factor #400",17.415,34,337.064,1529.86,1074.531,1134.505,904.1684,1649.598,1147.846,1313.465,703.55,629.4158,1511,741.3845,1097.921,824.2741,1405.353,890.2108,1154.49,1474,781.9653,590.3411,549.3317,1955.631,2359.244,1036.141,1921,2473.342,899.6363,1696.113,554.8735,615.5343,597.6933,778.4692,1785.309,1729
"398",397,"Factor #397",17.4388,34,349.5222,3558,3847,3812,3794,3485,3339,1960,3120,4799,2284,5495,4496,1874,1941,4562,2241,3144,2070,4479,4411,3591,3629,3294,1815.5,5353,1741,2207,1552,2215,3531,5106,2466,3174
"399",399,"Factor #399",17.455,34,337.064,1113.221,2855.811,1708.465,835,3012.769,1183.259,1542,1981,3117.73,1022.624,4203.708,1857.5,632.072,1711.514,844.7124,2008,3107.495,1522.354,3190.113,2086.226,1954.016,2912.947,1152.079,1075,2940.317,998.6865,1221.18,683,1129,3110.797,4151.684,1359.494,3050.001
"400",398,"Factor #398",17.4679,34,121.4083,1160.971,2484.583,1063,1717.144,1788.724,1596.822,1769.802,2012.061,1130,1472.951,2984.191,3330,1310,1578.187,3750,2136.379,2557.992,1127.235,1474,1955.783,1272,927,1152.079,1510.348,3395,1994,1375.219,1378.326,1818.871,3110.797,4149.29,1785.309,2243.212
"401",401,"Factor #401",17.4982,34,136.3664,754,3296.436,2432.286,679.3527,816,469.125,1498.865,1787.772,3831.134,1305.714,497.2126,448.0111,332.569,525.1776,3183.569,1485.475,2310.817,728.5664,1330.121,528.2837,833,2178.142,864.9917,784.1064,2940.317,609.303,1375.219,434.9285,1301.233,1142.668,434.4308,420.0158,722.6698
"402",402,"Factor #402",17.5999,34,259.2542,1120.036,1049.085,941.3212,1227,1030.548,1029.748,1725,605.2187,1247.551,2033.728,550.2457,1627,1695,370.189,1228.136,1583.471,870.2876,1149.35,1012.646,1020,1126,985.7485,886.5359,1519.797,1457,1330.528,515.8409,606.1879,1286.127,630.0076,1368.251,1531.359,741.4776
"403",404,"Factor #404",17.6054,34,4064.82,3626,2874,2759.164,3869.755,3233,3006,3723.786,4072.102,3956,2895,3466.548,3901.69,3824.579,3881.677,4162,5169,6899.642,2728,2090,3385.444,2339.766,2086,5817.238,4564,4246.148,2138,4095.348,2432.878,3693,1568.861,4669.051,4213.285,4965.171
"404",403,"Factor #403",17.616,34,6056,3812.539,3724.735,3331,3883,3237.669,3059.137,5019,4583,4048.618,4282.758,5101,5107,4040,5141,4760.204,5315.662,6917,3650.67,2829.492,3570,2869,3079.38,6309,4926.769,4645,3458.841,3954,3674,4344.155,3715,6064,5796.263,5516
"405",409,"Factor #409",17.7096,34,140.9533,2782.132,2852.177,3579.69,4798.93,3029.066,5497,5144.876,4082.137,7606.535,5981.864,4605.835,15383.54,1268,4588.597,3898.257,4388.259,5120.155,2521.355,7478.426,5230.186,5445,12938.66,2729.902,6356,10429.97,4814.823,3018.787,4912.988,3446,8431.182,3570.515,1076,3060
"406",406,"Factor #406",17.7706,34,93.72318,15734,15648.54,16773,16944,16269.75,15365,9419,8671,18010.15,12680,11398,25342,4101,9295,18042.73,9777,12391,8483,17426,12541,17090,17394,11889,9179,17064,7409.902,5623,14427.88,9582,17103,16599.9,9957,11180.83
"407",405,"Factor #405",17.7722,34,92.24633,15717,16871,16773,16944,17132,15365,9419,8671,19171,12680,11398,25342,4021,9295,19073,9777,12391,8483,17322,15495,17090,17394,11889,9179,17064,8839,5623,15342,9582,17162,17431,9957,12135
"408",407,"Factor #407",17.7746,34,93.73703,15734,15648.54,15645.12,16049.84,16269.75,15365,7629.554,8671,18010.15,12680,10301.62,25342,3020,8231,18042.73,9734,12391,6879.495,16440.04,14463.64,16110.36,17311.38,10898.34,7625.818,16086.61,7409.902,5560,14427.88,9582,17162,16599.9,6411,11180.83
"409",408,"Factor #408",17.8103,34,44.85674,13748.54,12333.9,15389.14,15139.49,13015.14,5413.347,7521.322,7357.07,15953.21,8098.051,9185.511,23045.46,2743.275,6777.058,15617.86,7787.718,10887.72,4690.402,16018.21,14166.13,14983.73,11105.15,8975.878,4710,6648.207,7061.314,3566.709,13969.61,7268,8221.224,14749.54,7998.054,5651.94
"410",410,"Factor #410",17.9454,34,44.12539,2513,4694.702,3208,4528.636,3885,2922,1948,2773,5170.131,3357,2217,6556.742,152.2,2699,5709.173,3033,3254.829,2465,5752.217,4642.561,5060.758,3413,2445,1908,3245,2512,1549,3268,3004,2995,5184.169,2388.617,2290
"411",411,"Factor #411",17.9469,34,41.6994,1951,1464.113,2428.613,2175.434,2534.161,2265.81,1013.091,3227,2035.448,2308,1219,3698,152.505,1190,2899,1351.497,1466.25,1366.454,937.2574,1932.696,2654,3472,1090.105,1908,2767.064,1292.23,1117,2419.411,1646.959,2453,2590,1192.19,1453.573
"412",415,"Factor #415",17.9525,34,33.57779,700.426,786.7087,2589.472,1806.634,1932.453,1962.897,690.6405,1685.312,2561.353,1277.671,788.0208,3629.845,846,860.9275,1881.321,761.5716,905.6574,1256.991,3021.2,1300.216,2752.203,2416.119,768.8474,1669,1974.814,763.157,945,1140.34,798.9615,2453,2343.212,885.2592,1212.599
"413",413,"Factor #413",18.0015,34,14.30458,861.6995,1751,653.615,1316.267,1054.366,1066.203,202.9048,29.72866,1232.227,227.3417,969,1530.691,623,319.012,1666.849,980,1499,48.65129,1668,1300.216,1575.511,1634.245,451.6777,406.6823,1594.472,368.6673,900,1095.201,947,1093.76,1307.301,1222,1078
"414",412,"Factor #412",18.0776,34,147.9075,809,645,1005,945,833,926,116.0627,708,975,857,82.80575,1180,148.602,471,1195,711,1059,851,1324,858,1000,1304,226.6469,46.12683,671.5941,660,123.2079,873,914,468.4367,676.5063,782,250.4297
"415",417,"Factor #417",18.1015,34,113,36.86098,7.675689,134.156,380.3897,131.9336,91.25875,102.6022,57.75962,78.11251,83.84271,73.22851,469.3585,32.20968,96.4688,158.0245,33.55441,209.2999,112.3516,932,80.95233,27.89972,375.7293,228.4478,55.35444,208.2779,115.6615,108.5836,709,92.20777,213.1772,88.97889,145.2214,206.4713
"416",418,"Factor #418",18.1019,34,569,465.3786,437.5459,518.5095,563,432.5173,417.8174,441.1272,413.5642,499.9768,415.1639,373.395,481.4284,569.6638,439.7719,491.7524,415.6347,1755,434.4599,368.3305,392.3506,284.6209,368.0153,846,378.3779,859,461.8376,423.892,371.6079,328.1037,421.4306,771,559.1833,1059
"417",416,"Factor #416",18.1466,34,17.25632,23.94042,37.64465,37.46042,37.9507,56.15614,58.71179,66.97431,37.91408,37.79305,606,81.89793,87.02745,84.72527,18.24762,34.64892,75.73023,21.81269,67.99975,767,23.38472,513,612,59.79366,85.57489,53.17534,71.81319,35.33312,13.38094,39.43905,96.78618,48.73631,18.81291,29.97357
"418",414,"Factor #414",18.1466,34,28.4091,32.51651,35.05476,638,650,61.83917,61.13108,64.54887,11.6236,545,70.91215,112.8024,77.66059,50.37273,10.55897,662,69.94264,20.39642,61.78507,648,703,641,689,80.75793,62.84579,26.14065,65.7638,28.04234,554,40.46484,121.7676,612,48.42307,29.81409
"419",419,"Factor #419",18.1572,34,12.68449,148.3107,157.8367,188.4742,181.5842,309.3279,256.3629,45.20073,364.9634,32.17293,108.493,819,56.13673,32.88253,69.62947,109.3715,133.708,415.9475,75.91449,97.85121,139.0578,14.92159,97.07352,511,110.1791,108.0921,83.3375,30.15337,50.21587,123.2446,747.1609,164.3854,67.8461,570
"420",420,"Factor #420",18.2016,34,73.75818,127.5517,173.1155,140.2021,244.997,191.7691,195.349,614,43.00065,43.1072,368.3604,85.62477,28.60456,584,47.3765,26.40583,450.8549,75.81144,441.0813,75.62824,26.31233,48.91372,47.64519,119.098,530.4219,48.92346,545,110.3303,52.54292,530,141.5482,65.7892,473.8574,117.3004
"421",421,"Factor #421",18.3166,34,61.43512,1506,1770,1560,1465,1412,1425,2662,1126,871,2983,1167,1374,3398,731,965,2885,1078,1874,612,592,909,968,1182,2813,1016,2224,922,759,2353,1597,1171,2777,1004
"422",422,"Factor #422",18.4057,34,49.47258,378.8976,758.92,1418,1850,1587,1563,703,0.9041928,1352,2168.584,3.192597,1093,76.32095,36.61032,1697,885,100.3576,541.5873,1283,1434,2376,2187,27.36029,1243,1879,1249.254,91.84706,137.4277,1607,373.7434,1797,775.2479,261.1396
"423",423,"Factor #423",18.4335,34,40.32074,349.5688,547,689.6118,689.1924,588.4074,618.5608,1360,26.08227,261.1689,1201,47.00484,336.6509,1569,40.83785,402.5209,1389.47,37.31659,1555,244.3706,287.812,252.189,268.0303,19.61063,1455.162,363.1003,611,34.35077,21.0309,1542.496,21.56585,394.2743,1168.808,16.3353
"424",424,"Factor #424",18.5574,34,82.3588,842,593.8756,642,611.2207,724.4606,805,1191.025,191.984,300.6246,1034,157.5871,392.0224,1367,90.44631,374.5807,1491,209.4341,1423,181.6437,351.0728,294.8495,400.5107,135.0199,1566,415.0126,2042,269.1169,87.31711,1510.71,255.4213,434.5943,1922,199.3375
"425",425,"Factor #425",18.5637,34,59.15053,744.362,599.2096,588.0931,611.2207,715,771.848,1354,154.0852,300.6246,920.7609,118.7917,392.0224,1086.147,89.63902,381.8528,1239.612,212.2537,1237.544,178.8838,351.0728,267.5157,400.5107,95.6192,1345.576,415.0126,1850.139,276.2501,94.09297,1475.041,218.4508,416.7036,1564.761,189.0903
"426",426,"Factor #426",18.5774,34,68.37254,526.3231,426.9971,471.7093,280.6338,397.529,646.1527,1108,115.8086,211.0652,841,91.18303,225.8784,1032,104.5575,223.2195,1188.54,164.5052,1290,130.362,252.3164,131.4066,276.9499,87.516,1132,302.5978,957.6551,239.3173,84.60612,1111.99,166.7899,123.3791,1195.32,189.0903
"427",428,"Factor #428",18.6856,34,4.009125,646.6511,626.4498,620.9847,576.0185,585.5121,588.1014,395.8875,878,304.5584,688.6055,749,406.1491,194.2537,854,269.6042,435.9248,702,434.4722,189.5942,149.7065,190.2044,269.9971,941,392.5487,235.8336,306.7071,288.6361,901,470.4513,1142,291.1348,373.1725,942
"428",427,"Factor #427",18.6921,34,47.49076,2146,1922,1828,1703,1711,1898,1903,56.48997,1286,1886,153.6804,2036,1447,141.4747,1320,2188,193.4323,2415,1053,777,926,921,179.0889,2258,1396,1640,117.6794,162.4836,2219,256.6372,1446,1632,173.5722
"429",430,"Factor #430",18.8321,34,4.641034,11476.3,3401.663,1129.658,8411.59,7703.387,11885.17,15078.83,581.2447,19773.58,894.5951,480.686,992,10155.71,674.3129,15167.08,16778.61,2267.596,22209.2,26238.02,20738.61,12805.84,2693.281,2127.946,15496.27,18072.87,540.0366,3871.81,551.8872,16809.11,473.5781,6200,18844.64,2026.837
"430",429,"Factor #429",18.8482,34,158.5473,13299,13310,13255,11874,13552,13543,21307,2345,21956,12751,569,4592,19677,5400,21531,21266,2526,23452,27478,22941,15834,20058,2230,20645,19992,17135,4487,952,18695,473.5781,22728,21820,2716
"431",432,"Factor #432",18.9703,34,17.66025,232.4966,281.3452,233.4396,218.3936,311.7345,281.9454,359.8141,156.3742,188.2418,455.1228,128.9007,184.4729,392.0667,71.72587,196.1431,466.5154,49.66991,300.1143,684,499,290.4046,210.9297,143.7003,555.1681,245.7534,343.9054,59.36631,168.3376,320.1957,232.9099,309.2532,437.8799,172.0331
"432",431,"Factor #431",18.9794,34,21.69321,718,655,674,704,784,749,1157,592,486.2913,1223,580,937,874,341.7592,449.0198,1298,646,1211,280.6767,268.8592,419.6915,486.3895,643,1240,519,1091,436,517.0052,1132,892,526,1086,649
"433",437,"Factor #437",19.0353,34,43.42041,330.2852,321.597,355.1371,303.8844,284.1923,390.1811,209.5901,90.72092,519,212.8442,213.1559,288.6575,178.7742,32.12281,514.113,269.4965,225.877,205.1393,357.9746,331.658,512,669,245.6113,241.7448,661,229.2192,209.8537,340.7336,210.9228,239.7557,585,227.8326,223.9201
"434",435,"Factor #435",19.0632,34,839.114,586.2506,1168,756.5609,2718.143,2956.217,905,537.9188,2856.439,876.281,3064.86,2202.933,548.3541,2264.016,3512.647,676.6701,1217,2218.578,2835.226,1714.385,521.4649,485.7254,755.7419,2140.11,584.2786,1395.056,695.0611,774.3069,714,1074,3212.768,849.1798,4368.074,3614.096
"435",434,"Factor #434",19.0731,34,1843.174,1271.047,1874,1566,1711.679,2433.204,1854,1540,4213.525,1076.223,1104,2202.933,4030.267,1052,832,1630,1729,2848.198,3138.49,1790,4779.794,3354.445,984.156,1961.817,965.1483,1679.774,954.3298,1038.391,1402.322,1301,4402,1300.101,3670.18,3856.465
"436",438,"Factor #438",19.0738,34,468.7678,694,557.4482,682.3175,959,723.7626,1045.696,858.7871,1038.036,890.0271,337.1537,529.9578,257.6705,842.7798,756.8462,389.6554,446.2558,4057,752.6532,813.6812,344.2902,814.5195,917.9591,2993,284.6195,699.275,298.3536,91.95205,442.1445,169.3345,582.888,762.5137,760.6416,2739
"437",433,"Factor #433",19.1119,34,2017,4026,4725,4354,4907,5348,5542,4200,4877,4630,4288,4015,4946,3966,4772,5050,4495,4894,4459,7068,5414,4151,4203,2454,3750,5891,4776,5288,2965,4766,5003,6124,5494,5027
"438",436,"Factor #436",19.1509,34,1405.526,1633.07,1706.762,2026.609,1993.88,1895.022,2100.625,2645.996,2867.795,2806.088,2402.39,2970.397,2311,2149.343,3026.485,2411.056,2784.805,2754.408,2690.411,1852.283,1999.641,1752.134,1863.788,2133.438,1851.601,1516.871,2798,1993.223,2128.926,2820.93,3464,2815.919,2577.097,3095.182
"439",439,"Factor #439",19.1728,34,247.0887,633.4895,1829.19,1607.571,757.2563,1461.058,1604.087,4252.753,324.6803,666,5467.004,295.9072,624.6736,4415.167,289.2568,619.191,5024.769,282.5555,4802.394,599.2577,1122,707.7281,537.287,181.663,4696.113,598.1709,2112.792,288.3094,239.7299,4966.38,479.004,743,1128.444,184.0311
"440",441,"Factor #441",19.1954,34,97.20955,2113.44,2168,2027.773,2189.752,1948.358,2490,5087,566.1218,820.0865,5871,349.9724,968.6794,4494.321,358.4312,914.9754,5350,654.9173,5486,1080.189,1182.582,570.5324,561.3677,181.491,5134,806.3163,3932,261.5673,346.3128,5673,270.2738,1146.663,5681.885,306.0432
"441",442,"Factor #442",19.1954,34,990.6253,1108.835,1100.999,1201.461,1204.446,1193.984,1344,1962.88,1251.476,1083.936,2548,115.1529,1294.307,1829,625.6531,1228.571,2676,639.4173,1489.566,1693.84,1130.163,1233.232,1363.477,206.7372,2132,1005.292,1709.836,532.8377,899.8415,1903.321,193.4411,1475.562,1954,485.2247
"442",446,"Factor #446",19.1979,34,1758.241,1247.875,1319.88,1201.461,2366.354,1349.859,1342.577,3420.886,566.7551,1152.956,3175.877,493.2265,1294.307,1794.719,625.6531,1199.148,2890.269,570.4066,2208.626,1392.019,1286.089,832.9791,1088.45,297.0634,1957,1005.292,1969.169,564.9471,384.1661,4640,498.0574,2604.215,3190.397,296.2803
"443",443,"Factor #443",19.1987,34,528.4866,1029.734,1104.6,1090.74,1004.94,1102.255,1219.749,2557,524.2439,935.2025,2050.932,553.2957,1294.307,1382.984,579.6771,1110.86,2201.301,570.4066,1607.295,1080.446,1086.367,927.6456,814.9122,295.6525,1798,1005.292,1802.645,533.1609,428.7111,1938,450.6053,1638,1497.835,269.1918
"444",445,"Factor #445",19.2066,34,625.7302,1182.841,1227.115,1109.445,1467.597,1096.743,973.7444,2158.708,1120.933,1164.59,1886.155,1339.45,1560.955,1224.213,589.0909,1683.343,2172.444,1442.025,1722.301,1003.427,1463,1014.827,987.076,1727.468,2108.312,2230,1329.683,999.9002,986.7801,2108.125,1331.251,1264.34,2228.813,1123.762
"445",440,"Factor #440",19.2163,34,8714,5574,6402,5296,6202,4180,4699,9239,7105,6642,7076.031,7268,7596,7547,6965,7623,9602,9443,6100,4215,5342,4240,4652,7541,8576,7016,4720,5019,4807,7964,5750,9512,9344,7204.123
"446",444,"Factor #444",19.2519,33,224.4701,661,627.7078,582.6852,577.0848,0,587.6562,1827.088,140.5971,506.7609,1268.85,128.8191,479.1474,892.9958,237.1679,849,1444.078,157.0863,1598,707.2468,371.6262,271.7131,546,178.1902,870.9975,528.7325,912.7776,178.7995,168.5771,1340.641,161.5913,717.2151,875.2509,314.5777
"447",447,"Factor #447",19.3525,34,1068,1729,1769,2224,1947.367,2202,2602,1997,3751,2218,1926,4156,2445,1373.979,3078,2230,1871,3609,1610.158,2840,1951.94,1723,1842,2702,1387.284,2412,1788.319,2891,2275,1631.529,3645,2575,2006,3668
"448",449,"Factor #449",19.3588,34,948,1942.814,1637.312,1349.3,1788,2100.108,1996,1736.04,2837.849,1603.059,1745.892,4068.21,2330.046,1334,2821.196,1765.313,1448.251,3223.85,1580,2092.66,1526,1358,1202.941,2314.995,1332.737,1449.668,1680,2487.111,1851.847,1840,3599.064,2296.203,1530.061,3035.102
"449",448,"Factor #448",19.3878,34,136.381,998,770.257,817.8295,578.2177,755.9797,1048,1946,356.6237,805,3207,484.8213,423.5519,1334.233,103.4786,677.8031,2215,170.1041,1436,917.4495,731.222,458.5131,482.5156,391.4127,2034,605.5339,2102,298.7735,237.6931,1228.966,557.7023,857,1966,480.1397
"450",450,"Factor #450",19.494,34,25.07814,1333,1251,1205,1048,930,1206,826,1206,916,658,1496,1074,537.7751,689,834,975,1105,890,500,531.6923,753,1173,1113,938,971,680,965,287.5663,903,1243,1034,737.8181,1086
"451",451,"Factor #451",19.5944,34,303.2896,1246,1440,1539,1929,1507.923,2017,477,545.6672,373.3165,486,415.7486,342.8806,593,444,765,764,8441,302.3738,257.7505,270.9505,283.4789,273.7386,5035,714.9322,1038,492,324.1431,367.4984,517,407.1343,1577,1476,4891
"452",452,"Factor #452",19.6409,34,73.40652,1908,1872,2055,2207,2426,2420,2716,2697,1466,2298.459,3463,1770,2015.678,2257,1622,3023,2782,3169,2312,2453,1312,1962,2567,2768,1692,2450,1553,2905,3447,4852,2206,2157,3423
"453",453,"Factor #453",19.6632,34,65.06754,965.7021,1061.53,1025.539,1106.59,1143.975,666.9189,1990.101,1189.405,734,2001,1547.593,1035,1660,1510.897,947.0617,1921.044,769.5743,1721.529,694.4872,937.9774,682,873.3769,1350,1518.774,731.5368,1481.631,1505.005,583.6166,2015.411,2736.046,924.536,1568.301,1770.607
"454",454,"Factor #454",19.6851,34,31.4643,1016,960,960,1069,958,968,2117,584,490.0959,2325,1004.3,711.651,1827.33,878.2188,511,1706,1000,2083,652,387.6045,430.7371,441.7758,572,1670.738,597,1710,797.747,259.8857,1760.756,951.4421,828,1904.476,679.4476
"455",455,"Factor #455",19.7096,34,55.36035,479.7944,457.0355,420.77,360.5692,487.8332,463.0595,1219.835,184.6882,349.2995,973.3626,459.0625,481.1686,1022,43.58218,368.5245,1119.011,135.8154,1163.865,298.284,310.5119,334.5911,355.737,191.8609,1025.169,348.5317,1197,98.04443,77.60177,1095.55,299.2384,384.4507,1149,167.2009
"456",456,"Factor #456",19.7103,34,39.0706,425.4009,407.8275,375.2395,360.5692,410.8995,502.7504,412.7087,372.4046,247.343,470.4464,1204,316.7309,539.4822,58.36509,247.4031,404.2495,415.7087,605.2016,223.667,241.6055,235.7931,257.9044,390.5501,550.7885,264.1472,549.3851,119.1999,90.02305,561.7558,694,286.4813,417.8674,375.1072
"457",470,"Factor #470",19.8456,34,1704.02,443.196,569.1094,516.4682,818.4165,1180.84,847.773,658.4615,1337,749.9825,570.5353,702.4941,1021.683,593.9978,1346,1077.675,880.31,1681,646.2783,616.799,915.2617,872.0061,559.8585,1069.709,1058.328,1114.291,782.7558,803.9389,2892.944,1107.936,1616.614,1936.732,1294.578,1511.175
"458",457,"Factor #457",19.8568,34,148.2505,8147,8857,7624,7956,7668,7419,8842,7074,5647,8485,8707,9235,7039,5438,5901,8934,7921,8740,3261,3644,6038,6292,7928,9171,5925,7871,7314,5673.107,8990,12248,6027,8703,8084
"459",468,"Factor #468",19.8671,34,103.4741,2495.586,5309.314,4621.796,6720.331,5606.14,6542.012,5103.466,2944.239,727.654,5283.242,4993.887,2272.954,5917.899,3770,3991.503,4881.776,996.5908,4595.597,1337.705,2946.414,1461.948,1608.562,4660.483,7373.592,2552.175,6142.811,5987.858,4587,5508.848,2660.461,1135.575,7098.635,3779.104
"460",471,"Factor #471",19.869,34,132.3865,1248.138,2121.377,1949,6292.303,1589,863.3839,6932.385,6524.894,1031.632,880.0462,8349.038,8270.15,5806.857,5053.342,1359.182,3155.426,7215.568,6110.529,3078.528,2862.474,4871.51,1088.907,6519.055,6652.435,1412.799,7169.668,4344.422,5112.772,7178.146,9935.324,3092.697,7914.334,8074.445
"461",459,"Factor #459",19.9176,34,44.77456,168.6027,204.8203,202.8268,740,642,228.7583,50.13496,1150.284,513.0514,426.3135,1557,1720.721,6.382573,827,584.5102,94.68889,1109.421,28.25317,1022.017,568.1713,1206.544,1001.372,1794,142.4803,750.0809,157.9557,516.0124,4200,177.8608,2673,1055,41.93217,1516
"462",462,"Factor #462",19.9187,34,45.07028,211.6797,251.4768,181.8498,340.0739,338.176,285.8322,32.67799,1150.284,513.0514,384.5857,963.9777,1708.843,124.1172,408.0946,584.5102,55.43067,1109.421,23.26419,1010.37,568.1713,1164.302,1001.372,1262.853,158.7936,732.4211,162.1879,552.1327,4200,188.3214,2673,651.0825,70.48242,1421
"463",469,"Factor #469",19.934,34,11.13029,212.3321,243.4911,181.8498,276.6273,285.6707,513,13.14514,1053.267,438.4778,987,810.8889,1645.08,121.5422,294.413,456.4604,12.0517,991.8909,35.55373,970.9436,437.1099,1130.246,1001.372,1252.968,145.8352,707.5359,247.505,362.451,3594.354,89.89285,1571.126,435.9028,124.8485,783.5785
"464",463,"Factor #463",19.9409,34,8.924406,260.0223,266.024,326.5,364.6085,344.8776,331.3523,95.82137,925.407,491.2706,465.5114,1280,1061.98,36.30243,436.8178,533.2662,142.9483,1567,49.91157,817.6192,540.0522,814.9668,770.3559,898.8867,123.3468,617.7315,265.4175,664,1875.923,274.9984,1302.791,609.4486,166.9916,699.6555
"465",458,"Factor #458",19.9547,34,37.02476,208.297,545,254.0156,709,276.3101,616,112.7536,1696,1117,890,1424,2427,26.76346,835,1179,112.4158,1686,106.1586,1863,1156,1840,1621,1235,61.167,1438,158.8002,382.9091,3770,216.351,2320,637.1211,84.69467,893.112
"466",460,"Factor #460",19.9994,34,87.1466,270.4795,353.8562,231.4459,338.5633,246.6474,206.4129,241.8555,1512,632.7587,902,1211,1593.539,88.78927,377.9383,1163,146.7687,869.5167,105.0842,1863,1005,1727,1745,1070.915,150.936,1450,749,530,3240.184,180.9365,1648.123,551.0365,97.39658,837.3518
"467",465,"Factor #465",20.0009,34,308.4422,669.5724,405.9538,405.8369,286.6304,419.9228,296.5793,744.073,893.5902,557.4575,814,839.9062,1520.567,48.7427,310.2196,575.5603,364.7545,855.7004,604.4581,1049.663,487.3314,988.5252,967.9565,658.009,246.1776,631.9614,321.7164,306.6858,3152.133,366.4912,1545.201,1019,369.3807,661.0956
"468",472,"Factor #472",20.0031,34,614,897.9414,1065,640,389.9103,784.5116,630.6236,1008,1035,1633.945,814.373,839.9062,750.5166,289.2652,396.5684,1102.269,478.7097,515.4191,657,803.2422,493.8496,389.3878,328.174,234.1764,398.5067,503.8816,356.0549,364.3619,3779.363,1369,1278.203,1084.734,414.7406,406.8849
"469",467,"Factor #467",20.0231,34,21.61302,131.8925,262.4545,94.07483,288.1255,246.6474,163.4351,145.2178,800.5974,559.1371,412.474,839.2532,1413.443,32.51611,316.8296,540.6076,153.6779,852.684,141.3952,970.9436,390.2727,1028.439,1557,822.0162,175.339,595.4883,247.505,337.4513,2368.534,169.4194,1296.444,558.9826,156.6616,1075
"470",466,"Factor #466",20.0529,34,129.4729,146.6393,149.4066,197.2568,158.375,119.7731,120.8049,1999,333.2758,2033,234.532,520.9688,2326,23.76318,181.9885,234.2018,71.70601,449.6472,56.75622,356.5082,356.8061,466.8343,453.159,506.4398,90.88085,267.0816,103.0288,204.7025,1290.074,117.5603,849.0573,211.8981,58.6666,515.3406
"471",461,"Factor #461",20.0529,34,52.06644,257.6298,188.5117,209.3824,529,246.6474,208.4884,177.0763,483.3483,453.0831,377.7531,676.3307,1496.541,34.10535,666,1016,180.7846,1263,145.5391,1756,952,981.6513,1471,822.0162,175.339,1211,199.8626,271.2688,2428.747,182.7516,1969,915,156.6616,630.6601
"472",464,"Factor #464",20.0679,34,50.08105,254.0869,232.1222,235.3437,400.1719,405.914,273.2902,346.8168,1115,572.8433,316.2308,711.647,1481.901,521.8132,394.7364,438.3434,325.7606,809.6861,141.3678,699.4208,392.2208,935.0926,845.2613,679.667,253.6155,596.3529,311.4304,274.2636,2290.104,119.3331,1962,886,156.6616,1040
"473",475,"Factor #475",20.1369,34,521.4081,1590.294,1618.741,1948.484,1777.184,3541,2180.621,1002.92,4340,3162,1317.811,5406,3393.682,1270.638,2957,2882.382,1218.289,3328.92,1497.348,8327,3465,2790.332,2115.574,3347.887,1159.438,4141.938,1421.836,2803,3863,1602.667,5015,2946,1384.913,3513
"474",494,"Factor #494",20.1371,34,2762.962,3971.925,5579.473,6112.205,4340.643,7670.399,5959.778,3581.684,3859.424,8511.673,7251.264,4601.752,22478.75,8883.219,4550.249,7254.815,5717.731,3691.361,7476.82,9136.595,8478.177,7857.773,5765.464,4041,9499.912,7055.434,6569.591,2677.064,3699.564,6690,4918.643,11701.7,7534.34,3848.637
"475",497,"Factor #497",20.1378,34,375.933,1568.125,574.1703,1884.247,995.0588,2311.271,1584.319,992.342,3859.424,3170.969,1217.458,711.647,3253.695,1101.111,519.8746,2868.371,702,3627,1347.433,6244.147,2436.505,2464.25,1982.81,2218.074,1154.782,1191.238,1271.677,1232.415,3428.703,1336.535,3243.086,2983.021,1210.293,1943.979
"476",489,"Factor #489",20.1657,34,4133.042,8717.966,9478.699,11045.47,11757.34,14377.23,16650,9747.493,7186.023,18108.17,11957.1,8825.289,33988.83,11635.03,8870.7,15833.51,11324.21,9441.799,12000.39,19085.01,12880.81,12623.64,13622.81,7509.948,11271.15,19768.33,10659.41,8912.358,10057.52,11445.44,9805.074,22636.18,13781,10042.27
"477",496,"Factor #496",20.1663,34,388.6846,977.3063,724.6463,846.2368,1317.509,1637.128,1692.227,1631.299,511.5485,986.1699,2020.014,733.4592,2050,1506.853,462.2771,4509,1749.833,1030.28,1423.16,2371.207,661.4178,1955.037,1540.582,532.1935,1307.105,2029.247,1051.658,717.7898,885.6185,1349.834,1021.764,2697.311,404.8893,904.4117
"478",479,"Factor #479",20.1682,34,4235.866,8717.966,9733.128,12544,11757.34,14754.33,15228.95,15373.71,8338.409,18499.34,16452.14,9491.462,33988.83,14630,9055.55,18291.5,14367.56,9594.628,15233.39,20988.02,16483.59,17794.47,13622.81,7679.634,12763.58,19768.33,11235.86,9043.887,10406.09,11901.38,10931.43,24828.3,14219.02,10042.27
"479",473,"Factor #473",20.1701,34,4750,9490,10911,8741,12002,16734,16731,10031,9670,19288,15369,11156,34380,11721.23,10353,18921,13094,11097,13813,21550,18323,18290,15047,9159,13139,20564,12251,10271,10499,12829,12192,25427,14087,11803
"480",488,"Factor #488",20.1712,34,2506.193,4039.951,9478.699,8509.349,11189.66,7904.881,15148.85,8177,5541.287,15948,13481.16,8156.75,28367.39,6522,7252.378,9486.707,13340,9018.462,7808.464,20525.57,15880.45,17444.84,11972.92,5185.278,11013.51,18007.53,3121.427,2375.151,10406.09,11074.06,5539.442,24828.3,2320.3,9850.699
"481",474,"Factor #474",20.1774,34,412.3125,3895.636,5598.048,6568.855,6638.277,6238.506,6395.232,17561,550.9345,5634.875,16452.14,1130.173,9391.309,13843.06,652.5265,5134.657,16634,799.7296,17531,4558.217,4303.688,4521.958,4707.227,597.4792,15109,5589.307,12847,922.7877,451.757,15194,1969.082,6670.915,16809,1348.139
"482",476,"Factor #476",20.1899,34,4235.866,3123,10632,8741,13334,14754.33,3487,11368.9,8338.409,18499.34,13804.94,9005,33988.83,11693.21,3696,18291.5,11805,6741,12366.38,15137,2802,17794.47,13685.65,7679.634,12248,19768.33,10685.32,10271,2124,12816,7551,4836,13014,3909
"483",485,"Factor #485",20.2307,34,1473.816,3140.73,4948.187,5975.917,1369,4221.004,4325,6772.999,4999.995,1657.089,6313.079,3703,9779.188,4408.371,2868.537,7457.709,7646.03,3196.851,4923.642,2427,4385.461,1572,2001.106,2713.593,5303.727,2950.57,3989.527,3551.431,3822.997,6049.733,6403.91,5152.642,3661.42,2962.359
"484",478,"Factor #478",20.2568,34,99.1417,1886,2006,4325.106,1700,2245.677,3273,6017.564,1817,3563.468,6848.736,3420,2152,2775,1519,5326.815,6250.138,2668.299,4923.642,1398,2444.648,1364,2201.09,2806,2846,3014.991,3121.427,3070,3297.023,3436.525,3816.127,3744.443,3430.989,2280.572
"485",493,"Factor #493",20.2738,33,368.1784,1266.49,1646,1425.633,1317.571,0,1997.56,2847.857,648.6684,1215,3154.764,1894.152,2240.703,2649.633,743.2972,1988.482,2633.839,651.477,2475.61,1014.294,1416.823,1101.57,758.0506,1896.578,1758.848,1212.125,2293.663,844.0016,878.1888,813.2048,2250.228,1534.448,1052.248,1381.626
"486",492,"Factor #492",20.2887,34,109.2084,558.4636,520.8755,380.6039,210.724,217.0916,486.865,649.0538,303.3403,335.3237,1172.198,524.3253,582.2592,887.9949,374.3293,640.5441,1119.786,608.5463,564.7578,273.7214,322.6503,131.1948,249.4079,389.0039,2053,1415,692.3905,9.358363,224.5725,773.0816,617.321,517.9814,1057.67,373.9948
"487",487,"Factor #487",20.3481,34,43.31585,422.8985,244.7207,160.1875,102.7259,1.607838e-06,5.647828e-07,348.0472,337.2282,239.8377,146.3514,265.6929,409.6856,515.6408,115.8031,41.96264,1388,344.3514,474.3634,33.9093,135.6201,460.6049,1072,232.2575,663.1738,1608,692.3905,49.87297,2.238517e-07,781.6823,1.931865e-08,1739,1057.67,2.416058e-06
"488",484,"Factor #484",20.3621,34,99.81858,516.6624,518.0485,705.1528,177.8886,1201,715.8088,664.9499,686.87,700,823.8633,736.5658,845,1019.902,560,207.7596,950.2585,1332,1046.981,576,173.3189,844,92.47582,1266,10.74992,45.06035,528.7108,262.9753,630,813.2048,1336,818.5096,502.6786,1304
"489",491,"Factor #491",20.3751,34,34.42455,637,632,430.3712,665,885,549.715,598.2772,145.5688,322.2593,1235,596.2568,555.8846,654.8326,203.8123,244.3434,507.8971,401.2179,654.8454,119.8636,118.792,244.3566,133.7118,140.9511,542.4788,292.9888,732.0846,263.8635,148.4699,692.1456,500.6373,675.7128,1652.817,247.2808
"490",486,"Factor #486",20.3787,34,32.40169,458.9951,643,729,343.1425,340.4961,542.657,1507.834,172.3877,156.5072,784.1347,226.7698,283.6602,1573.115,32.7829,222.2569,1340,151.0029,584.7432,72.69888,120.3286,485.5458,367.5604,122.1782,1462.618,616.2231,857.3639,299.8694,94.04414,2185,247.8227,366.4261,2069,211.188
"491",483,"Factor #483",20.3835,34,6.359251,536.5586,532.8259,523.9944,479.802,856.144,944,2094,188.7206,126.9834,953.6107,41.8143,219.959,1816.351,33.97129,180.3537,1980.807,168.4992,2256,75.17454,132.0159,78.41686,87.72129,121.7393,2213,149.2559,1700,773,44.85844,2264.899,100.7452,181.7045,2016.948,214.7589
"492",482,"Factor #482",20.4,34,125.2815,258.216,197.9042,297.4289,18.90759,44.95118,35.50623,50.0884,0.6692316,4.513212e-08,114.6867,111.297,55.15536,73.59692,6.80345,39.31593,167.9509,3.217736e-05,84.89044,481.6436,542.0508,1231,1267,13.95309,623.5569,1748,1823,27.76738,9.492455,1760,47.65818,786.5759,818.3773,23.33001
"493",490,"Factor #490",20.4101,34,11.28121,324.3669,252.9201,245.0104,207.2727,668,655,608,161.5438,295.3178,680.8833,967,621.2449,434.2501,11.29229,207.7596,229.7041,152.3805,400.8176,56.32062,13.50239,15.00548,12.85703,94.17691,152.8069,7.530449,43.07918,40.33059,206.6029,331.8903,965,338.8565,67.33219,247.2808
"494",477,"Factor #477",20.4129,34,125.2815,177.6333,187.8805,297.4289,25.82905,72.7305,66.23471,81.17676,6.658413,8.531705,70.62803,23.46919,51.8232,854,11.80399,747,69.97721,17.69593,1151,481.6436,1286,1277,1367,25.95464,1382,1778,1790,33.92487,9.949609,702.3319,80.95483,1867,2081,42.24262
"495",498,"Factor #498",20.4162,34,58.52802,540,278.4824,232.8001,230.1545,264.398,228.3334,333.4783,128.4952,203.1535,677.1007,596.2568,307.2081,435.2286,67.46142,147.9125,256.5135,279.9376,481.6366,75.60441,90.9558,100.0691,86.47684,837,176.6744,97.29328,153.4142,285.4449,165.6748,300.426,588.6408,324.5436,56.8998,247.2808
"496",500,"Factor #500",20.4291,34,167.6075,288.9344,203.2631,178.7733,255.4939,180.8047,213.5133,43.19824,339.1062,94.70152,10.20468,121.1645,11.57252,66.77672,857,35.75548,61.69147,334.5692,87.85602,78.83458,62.8823,14.25915,72.86483,581.6056,103.4962,114.2329,35.03133,884.5178,71.17098,24.63982,9.542612,20.60591,81.07437,751
"497",480,"Factor #480",20.4303,34,125.2815,85.36898,73.64246,305.9828,27.34394,8.911957,1.864961e-07,62.92479,6.278142,62.3599,31.85466,23.47615,32.76598,820,23.76093,8.79997,3.60398e-10,20.18842,131.1191,481.6436,1322,1244,1256,20.04149,257.5876,1762,1823,3.456914,9.739791,612.411,95.77315,1813,680.8882,11.36029
"498",499,"Factor #499",20.4451,34,167.6075,337.8898,203.2631,291.3703,269.9677,185.548,213.5133,110.4731,841,94.70152,70.57213,150.0809,22.1501,130.6218,1042,107.1063,66.21259,762,95.95593,77.67717,80.75194,41.43615,71.16679,619.5917,102.7041,142.1373,80.14423,2258,71.17098,61.0876,77.47572,50.21639,62.61395,872
"499",495,"Factor #495",20.4504,34,10.45423,138.0656,188.736,212.8586,161.8547,141.1936,122.7339,298.4724,6.386066,119.1728,394.8213,873,121.1876,336.0953,17.62203,39.32545,78.17901,8.637508,296.8452,11.95662,12.8914,16.87933,20.02806,17.49651,5.006524,10.82536,20.91557,31.5064,570,316.1741,676,233.6107,69.5369,5.449184
"500",481,"Factor #481",20.5321,34,17.18168,172.8483,7.354684,726,728.1967,895.8157,456.1186,52.63782,262.6929,211.1005,31.10126,421.4033,22.94434,63.05678,87.33923,18.02375,63.90213,27.86526,14.45121,959,1205,1226,1227,180.1982,795,1475,1439,166.1739,141.0193,1411,246.3655,1536,1369,246.5709
"501",502,"Factor #502",20.5384,34,63.82031,817.4867,768,825.0746,766.647,771.4156,835.5268,200.268,1423.807,1177.859,316.915,961,943,294.3213,691.7015,1002.84,403.8207,1333.347,299.905,987.9837,1151.566,902.6165,765.861,1473.629,408,895.6388,321.4623,547.4603,652.1119,424.8355,1217.028,1415.332,431.0934,1479.25
"502",501,"Factor #501",20.5465,34,104.4823,858,813,849.5922,824.7432,851,763,365.1893,1520,1332,485.4262,2028,908.985,340.8874,1010,1257,421.7349,1414,346.5532,1169,1305,1067,1258,1528,392.4101,1569.099,399.5161,950,675.5354,424.8355,1921,1606,442.4148,1486
"503",503,"Factor #503",20.621,34,61.5485,5888,4765,6080,6286,5657,5231,13328,1526,2178,11709,1069,2498,11467,789,2208,13579,1760,12440,2109,2838,2957,3000,1513,13329,3098,11551,2111,2296,15756,1773,3346,14618,1854
"504",504,"Factor #504",20.706,34,11.19626,1137,1275,988,1006,846,734.8199,808,654,910,856,1162.569,1075,302.6038,399.3853,806,687,649,623,554.7253,774,661,982,821,706,881,633,256.5243,352.2711,552.4067,1002,802,915,556
"505",507,"Factor #507",20.7638,34,64.33611,2669.968,3744.685,2357.968,2709.23,1210.446,5177,3096.898,2886.705,3344.729,2529.927,2287.619,3649.659,881.8097,2161.217,2346,1978.355,1145,1899.662,4087.28,2481.911,4262.861,3953.738,2081.946,2299.488,2929.303,2160.115,2449.003,782.3665,2266.462,4137.032,2332.36,1868.715,2213.597
"506",505,"Factor #505",20.7822,34,56.65931,4949,4876,5088,5138,5133,5339.931,1080,4219,6099,4339,4106.197,24149.74,2496,4588,5997,3579.218,5146,4047,5898,4579,4834,4671,4529,4246,6328,3044,3265,2846,4077,5723,5618,3290,5013
"507",506,"Factor #506",20.7846,34,54.71738,4926.727,4778.216,5170.4,4967.526,5071.191,5339.931,3490.865,3764.817,4744.16,3030.73,4503,25402,1818.621,4132.19,5097.28,4109,4558.218,2534.293,5739.114,4507.629,4726.781,4573.543,3985.302,3415.166,6247.444,2944.866,2893.374,2433.64,3863.509,5237.228,5542.144,2670.903,4377.204
"508",508,"Factor #508",20.866,34,530,12029,12224,12833,12581,14083,14714,13253.22,9747,17613,5594,9766,14614.22,10804,14831,18768,9491,9759,10902,26619,28681,16927,14630,10321,10057,18814,9000,4245,7410,10271,10829,20817,11455,10147
"509",511,"Factor #511",20.8994,34,458.233,2390,10720.04,3163.949,10028.59,12244.26,3621.438,7018.132,2038,4807.143,4218.109,4348,7530.396,9852.834,14831,4498.236,6318.371,7175.351,6039.847,4344.143,12070,3063.109,12008.43,2631.801,7090.955,3175.879,2268.551,2070.025,5633.942,8432.453,3027.712,3665.776,7609.324,6072
"510",509,"Factor #509",20.94,34,31.50965,1729,2245,1125.207,1146.31,1944,2491,6595.534,999.7133,5411.845,1190.777,922.0223,7108.897,1370,1418.555,1828.635,5978.61,1030.954,5719.597,2911,2931.324,2334,1826.006,5256.359,1973,2289,922.8803,732,1254,1518,1730.257,3335,1704,1128.94
"511",510,"Factor #510",20.9472,34,34.32524,497.0409,988.2309,1364,1444,1514.442,1487.727,1072.956,545.0519,1688.104,726.1091,121.1257,1142.885,605.8442,4.193172e-06,1809,1050.863,617.6113,1314.073,2303.396,1956,1733.632,2091,49.47952,731.9071,1680.845,1261,255.8373,243.7279,950.5217,1728,2353.607,1035.19,813.2857
"512",512,"Factor #512",21.0106,34,44.2352,2.636751,59.62407,52.41687,41.55195,75.23555,38.2683,19901,46.83194,12503.12,12842.6,16.41953,11617.33,13677.95,66.94372,11380.76,20961,43.64043,20650,31.38564,40.29818,24.68207,513.6067,30.53931,13544.01,62.78589,2.186381,30.21174,29.99778,1.925269,64.75262,70.84348,14337.32,19.92954
