"","AlignID","Factor","tmean","FoundIn","6_Extraction_blank_1","12_QC","13_QC","23_QC","35_QC","44_QC","45_QC","14_Leaves","15_Roots","16_Stem_bark","17_Leaves_2","18_Roots_3","19_Stem_bark_3","20_Leaves_3","21_Roots_1","22_Stem_bark","24_Leaves","25_Roots","26_Leaves_4","27_Stem_bark_4","29_Stem_bark_5","30_Stem_bark_2","31_Stem_bark_1","32_Roots","33_Leaves","34_Stem_bark","36_Leaves_1","37_Roots_2","38_Roots_4","39_Leaves_5","40_Roots_5","41_Stem_bark","42_Leaves","43_Roots"
"1",1,"Factor #1",3.0271,34,20756,5377.198,16164,17443.57,17326,11611.26,15074.47,15839,15939,17329,5228.353,6018.815,6719.66,9506.039,12021.66,12683.16,14494.92,19941,8442.236,14672.74,16879,6425.153,13731,18245,8190,10900.44,5425.233,20296,11818.33,17677,20805,13731.61,13236.29,13809
"2",4,"Factor #4",3.0301,34,131.2798,1412.771,1463.791,1542.604,1617.223,1466.16,1500.036,20932,535.1359,20101,13833,300.6802,1380.411,15780,227.9439,982.5312,1793.929,273.2724,17502,818.9634,18514,1227.817,1076.878,330.9725,22121,1023.31,12607,322.5899,354.8774,16220,408.0346,1179.059,23570,504.9353
"3",2,"Factor #2",3.0374,34,648.2647,31283,31525,1809.915,1850.228,1683.966,1714.332,1941.676,1600.155,1576.383,1757.926,1728.305,1692.691,1998.573,1478.429,1532.613,2056.769,1459.197,2070.992,1206.953,1343.587,1687.488,31162,1641.78,1693.565,1739.769,1651.679,1616.909,1403.898,2094.418,1846.521,1568.396,1978.918,2951.734
"4",5,"Factor #5",3.0382,34,599.8612,2101.264,1994.879,26825,2136.818,1968.939,2208.62,2499.828,1240.51,22964,2113.759,1455.448,2121.808,2578.714,1493.653,2038.229,2734.947,1558.875,7736,1884.383,1854.801,2110.416,2058.935,1639.273,1939.01,1985.538,2169.944,1475.891,1147.377,2915.46,1538.436,2104.538,2790.996,2653.718
"5",8,"Factor #8",3.0394,34,446.2737,1688.99,1457.096,1291.854,1643.053,1250.662,1331.343,832.7703,1823.144,1206.551,1376.622,3134.676,1085.258,919.2189,2490.886,1154.403,922.33,31420,1101.017,596.9188,817.784,1563.062,1837.276,31565,952.3096,1431.135,908.2414,2017.653,2315.317,1011.048,3056.613,1284.681,1093.097,44327
"6",7,"Factor #7",3.0401,34,212.3276,399.1665,335.6224,385.5953,310.6028,327.5715,326.8513,373.0212,378.7923,257.7874,406.3529,31581,275.8048,377.9969,477.9116,345.8848,464.2884,386.8279,484.918,30996,266.1877,320.6247,364.842,490.7266,410.0176,258.5898,381.442,474.8685,320.5717,439.6174,546.2685,309.574,431.7569,771.6365
"7",9,"Factor #9",3.0426,34,1480.792,3037,3816.401,4166.079,4304,3621,2268,3533.807,5271,2826.851,2946.972,2816,2348.046,2102.944,4063,2438,4315.558,4292.127,4247.944,3377,3573.322,3349.46,3243,4714.829,6682.479,2257,2603.337,3583.107,4332.098,4589.184,1890,2824.981,3083.036,2753.215
"8",6,"Factor #6",3.0428,34,417.9718,1528.531,1387.81,638.6974,694.9874,551.6636,669.583,742.5949,26525,387.0476,856.5757,4175.309,607.7474,833.2198,560.4959,403.104,820.5382,1265.66,973.5131,392.9977,523.3808,712.4932,462.3034,751.349,949.0855,493.5743,806.8132,534.2858,428.8632,899.9804,28433,562.5687,987.4812,519.9905
"9",3,"Factor #3",3.0441,34,1084.332,3967,3907.62,3644.296,4336.547,4101,4057,6166,592.8966,5138.203,4917,712.968,5460,7539,1118.001,4798,7315,560.636,7577,4282,5047.011,4747,4821.134,562.1059,1439.331,17989,5690,1088.083,550.4316,6330,629.548,4870,7319.714,579.602
"10",15,"Factor #15",3.1288,34,2734.487,3984.106,3804.661,2537.04,3118,3909.008,3729.363,3924.75,3617.726,2714.967,3938.31,3475.01,3098.512,3916.323,3892.376,2206.893,2446.626,3624.699,2698.202,3183.799,3316.316,4055.174,3526.043,3376.047,3134.263,1791.704,4131,4122.164,3232.382,2986.789,3687.131,1879.451,2477.937,2957.967
"11",14,"Factor #14",3.1293,34,1947.181,3794.996,3071.926,3598,3314,3263.796,3337.47,4337.307,3502.348,2737.075,3848.174,3492.062,3082.229,5038.24,3942.541,3149.323,4098.685,3394.709,4380.751,3626,3316.316,3929.37,3411.997,3490.307,2983.496,2604.299,4281,3484.894,3362.725,4929.572,3625.687,3030,4279.142,2955.06
"12",10,"Factor #10",3.1307,34,3156.188,3508,3978,3421,3494,3941,3754,4044.661,3675.723,2985.952,3885,3492.062,3140,4497.649,3942.541,3117,4619.993,3699,4097.999,3183.799,3585,4119,3480,3389.821,2575.799,2719,3941,3605.375,3362.725,4876,3625.687,3031,5181,2830.502
"13",13,"Factor #13",3.1366,34,3335.234,3986,3978,3632,3515,3941,3703.646,3316.77,3746.322,2526.853,2700.342,4238.862,2933,3266.89,4018.377,2509.146,3496.044,3821.972,3749.814,3313.102,3286.784,3397.348,3526.043,3641.444,1349.063,1876.783,3878.736,4122.164,3374.484,3840.148,3924.865,3031,3238.514,2957.967
"14",11,"Factor #11",3.1396,34,3831,3794.996,3931.345,3556.717,1677.902,3909.008,3754,3608.448,3287.884,2985.952,3962.995,3492.062,3098.512,3554.026,3352.769,3139.889,3279.66,3897,3527.387,3646,3698,4076.798,3657.927,3700,3465,2634.542,3910.526,4162,3372.292,3787.909,3885,2858.799,3045.271,2868.801
"15",12,"Factor #12",3.1454,34,3122,3505.602,3804.661,3617.063,3497.466,3909.008,3681.871,3078.241,3556,2602.262,3114.426,4071,3221.679,2963.305,4004.844,3205,2970.283,3808.32,3671.655,2504.213,2427.849,3994.805,3526.043,3549,3416.731,2622.839,3470.787,4052,3432,3323.175,3830,2858.244,3232.073,1575.238
"16",21,"Factor #21",3.2062,34,2017.379,2889.804,2945,2368,2697.181,2738.422,2776.72,2871.095,2525.27,2373,3051.365,2204.006,2470,3117.959,2385.124,2321.017,2767.327,2428.998,3257.272,2443.374,2211.21,3138,2544,2291.175,2324.325,1775,3242.064,2229.873,1951.269,3218.267,2247.983,1929.247,2637.734,2415.782
"17",29,"Factor #29",3.2129,34,2635.764,2593.81,2874.93,2589.71,2148.667,2613.49,2502.516,2916.719,3460.893,1869.503,2830.32,2773.528,2239.06,2823.987,2696.244,2321.049,2669.688,2744.791,3075.179,2414.019,2308.366,2640.966,2582.295,2760.812,2683.231,1824.835,3318.365,2740,2294.406,3172.925,2589.221,2275.73,2272.213,2899
"18",23,"Factor #23",3.2213,34,2717.581,2380,2286.839,2224.485,2210.257,2379.381,2208,3048.237,2837.25,1964,2567,3032.597,2177.169,3186.696,3121.248,2012,3091.678,2404,3278.076,2609,2402,2840,2124.66,2333.329,2675.019,1824.835,2979.483,2905.856,2294.406,3308.815,2859.812,2093,3077.66,2590.975
"19",27,"Factor #27",3.2237,34,1191.142,2404.692,2347.361,2570.903,2514.491,2550.313,2502.516,2244.066,2588.44,1964,2692.661,2525.899,1986,2374.404,2353.423,2174.066,2153.401,2428.998,2413.01,1941.703,1990.927,2913,2582.295,2295.652,2021.011,2007.03,2349.061,2058.715,2088.565,2514.116,2589.221,2093.982,2171.693,2653.677
"20",30,"Factor #30",3.2278,34,1976.003,2644.775,2930.373,2704,2230.166,2299.417,2117.043,2499.948,3474.058,2228.286,2621.656,2750.317,2385.543,2527.646,2816.207,2008.177,2318.706,2428.998,2620.236,2014.346,2025.414,2638.169,2462.905,2475.619,2651.281,2187.193,3089.309,2657.075,2016.08,2669.047,2859.812,1960,2277.778,2430.53
"21",31,"Factor #31",3.2857,34,782.957,3264.894,2745,2812.888,3048.379,2923.708,2670.85,2282.774,2704.277,2449.019,2399.929,2552.688,1982.03,2309.289,1573.29,2475.605,2215.511,2556.582,2316.826,2690,2612.5,2952.567,2119.068,1897.206,1558.842,2469.392,2556.412,1609.587,2626.635,2352.814,3005.635,2055.75,2121.225,2791.946
"22",25,"Factor #25",3.2935,34,926.877,2956.305,2863.367,2176.905,2662.784,2473.608,2252.065,2502,1283.973,2983.409,2103.638,1413.011,1718.175,2523,1320.455,2475.605,2770,1316.738,2615,2843.246,2385.788,2851.067,3230.133,1229.895,2638.291,2936.715,2722.617,1103.918,1322.72,2399.751,1461.666,2761.547,2582.13,1503.137
"23",24,"Factor #24",3.2972,34,450.7736,2582.131,2375.957,2252.134,2440.261,1996.985,1938.406,2630.473,863.3027,2608.163,2079.964,774.2953,1459.529,2510,963.9565,2475.605,2452,766.4422,2615,3064.5,3116,2349.449,2979.734,722.3344,2533,2564.601,2728.449,752.1363,765.2844,2521.103,835.5187,2283.144,2453,796.4175
"24",26,"Factor #26",3.3054,34,560.2242,3847.699,4041.249,3233.72,3781.288,3504.446,3490.49,1051.285,2849.362,3545.9,2897.054,2275,3656.117,771.7137,1563.769,3161.775,993.8241,2280,1056.534,3897.439,2957.703,4026.296,4026.99,1698.724,1027.179,3039.081,1549.026,1309.945,2606,938.9796,3039,3390.129,935.1696,2299
"25",20,"Factor #20",3.3213,34,901.9484,2816,3917.27,3429.738,3486,2991,2907,2512,3171.538,3186,3068.595,3517.04,3656.117,2365.331,2432.193,2440,2432.283,3206.646,2605.607,3366.45,2612.5,3579.821,3327,2547.266,2472.222,2898,2728.449,2215.292,3316.247,2480.397,3783.24,2036,2615,3255.582
"26",28,"Factor #28",3.3803,34,385.0377,6066.754,4595.379,5047.578,5454.2,5094.97,5082.641,1913.157,4409.386,5243.999,3309.261,4386.434,3656.117,928.3246,3272,4612.159,1088.166,4318.281,1192.557,4548,4676.126,4485.341,5848.341,4078.61,1606.154,4499.021,1838.806,2938.966,4641.846,1392.947,3257,4549.588,1139.114,4712.836
"27",18,"Factor #18",3.4097,34,297.1412,6956.078,5637,5402,6879.933,6771,5043,1935,3963,5243.999,3316,4396,5422,656.77,3392,4851.096,1458,4822,1698,6651,4952,5999,6471,3553,2087,3874,2562.415,3310,4741,1935.347,5496,4869,1490.036,5558.383
"28",19,"Factor #19",3.4375,34,252.0859,7993.929,6500,6728.485,7342.501,7308.687,5043,2513.271,4137,4479,3316,6040.676,6925.675,953.0247,3810,6299.643,1509.595,4440,1932.491,7593.372,6812.668,7701.93,8335.616,5092.598,2468.312,4318,2049.521,2818,5500.873,2446.946,7035.444,6964.306,2138,5854.107
"29",17,"Factor #17",3.5013,34,103.1028,10472,10660.1,10269,10414,10057,8604,2877,7131,10753,4711,8000.108,12190,1251,5439.181,9935.012,3493.267,7721.173,2958.404,10180.02,9287.472,12047,9777,6029,2752,9857,3447.827,3480,7138.845,3237.886,9312.08,9139,3328,8285
"30",22,"Factor #22",3.5049,34,109.2803,10535.8,10660.1,10486,11190.44,10252.67,10162.23,3079,7554.089,10433,3732,8000.108,12234.93,1400.342,5439.181,9935.012,3493.267,7721.173,2958.404,10180.02,9287.472,12047,12324.7,9549.393,3841.478,9896.326,3447.827,4492,7138.845,3237.886,9312.08,10087.07,3395.198,7973
"31",16,"Factor #16",3.505,34,98.21505,10497,10620,10486,11148,10213,10122,3671,7492,10753,5291,7976,12190,1358,5384,9899,3381,7701,2834,10145,9262,12047,12282,9525,3792,9857,3406,4492,7119,3164,9284,10048,3341,7860
"32",37,"Factor #37",3.6085,34,52.90233,4549,4643.24,4876.427,4126,4411.845,4193.274,1181.819,2496,5339.502,2711.091,2465,5703.429,382.15,1896.261,4678.425,1342.076,3657.572,1674.038,4720.973,4367.651,5513.644,5878.822,4353.79,2235.218,4569,1349.94,1228,3813.952,1517.22,3364,4909.935,2091.951,4244.436
"33",35,"Factor #35",3.6243,34,23.89867,3809,4201.469,4341.864,4753,4029.021,3767.739,1389.231,2055,4890.885,1964.616,2068,5248.587,551.633,1709,4240.699,1492.292,1813,894.2942,4343.196,3822.766,5048.755,5454.472,2064,1418.106,4608.095,1484.516,1774.768,2983.285,1173.415,3655,4574.995,1071.599,2993.549
"34",32,"Factor #32",3.6301,34,62.31064,3280,3491,3684,3735,4372,3333,1222,3034,6020,2151.013,2921,6909,688.3129,1931,5792,1209,2451,1010.366,7712,6549,8220,5911,3134,1356.09,6486,1151,1228,2801,1288,2959,6329,1194,2810
"35",33,"Factor #33",3.6369,34,49.35253,3297,3420.615,3684,3666.985,3297.091,2930,1278.937,2496,6032.026,2121,2252,6909,688.3129,1711.849,6024.399,1220.805,2076,988,7707.224,6520.143,8250.958,5911,2746.902,1394,6486,1535,1235.147,2921.38,1115,2749.283,6329,1150.012,2418.42
"36",38,"Factor #38",3.696,34,53.69104,3245.724,3420.615,3941.403,2029,1576.257,3498.166,1257.349,1992,5263.342,1098.584,2668.054,6038.395,507.2654,1354.881,5060.453,1141.741,2209,899.078,5442.564,2623.451,6095.707,5608.477,3352.789,634.8594,3055.499,1006.57,881,2702.868,1025.218,3392.125,5265.495,726.0108,2831.597
"37",41,"Factor #41",3.721,34,7.975286,1811.897,2006.551,1770.405,2397.415,2195.443,1776.918,698.9271,1220,2961.632,1123.27,1681.413,3026.171,183.6044,999.8775,2590.936,645.5867,1541.79,437.9561,2326.633,3152.312,3118.899,3427.798,1452,577.602,3830.069,518.2255,649.2636,2277.666,645.6034,1582,3056.795,475.2438,2056.957
"38",43,"Factor #43",3.7224,34,30.45751,1509.612,939.0997,967.9269,1105.95,1836.136,1192.74,764.2987,1114.749,2243.83,860,1091.982,3756.278,323.0036,945.4074,2280.326,740.8165,712.8824,654.3249,1952.67,1643.82,1751.447,1648.154,1067.401,790.4976,1731.813,757.2228,667.2109,1404.63,1019.343,1014.002,1619.587,768,1409.722
"39",39,"Factor #39",3.761,34,16.5092,1709.104,1103,1462.192,2142.779,1453,1958.744,918.9116,1155.752,2172,894.8655,992.9105,3073.845,843.9299,856.2044,2940.012,795.1277,1484.518,1012.11,3583.21,2634.601,3542.851,3053.592,2088.323,882.134,3154.432,778.4063,666.1817,2073.851,884.9285,1201.438,2950,811.9673,1109.177
"40",34,"Factor #34",3.7754,34,13.66238,1122,1181.944,1175,1375.41,1159.167,1370.913,884,1078.553,2264,980.0907,1152,3682.891,1024.976,860.7439,2899.823,986.5658,923,1076.105,3590,2364,2139.711,1986.139,1020.726,801,2550,791,515.2054,1031.847,976.0664,1582,2319,939.8935,685.926
"41",42,"Factor #42",3.7921,34,14.88548,1273.835,1251.147,1260.492,1263.865,1137.202,1123.782,489.8668,919.9905,1861.115,907.2818,719.4573,1693.417,988.2424,534.5038,1858.615,477.65,751.5776,648.8943,2521.674,1702.102,2328.28,1957.956,974.2518,925.813,2226.391,672.0016,526.5948,726.8126,884.9285,902,2233.192,870.0802,883
"42",40,"Factor #40",3.7935,34,5.586146,1149.164,1143.312,1211,1120.912,1202.344,1166.319,910.1773,923.0513,1485.709,903.4914,818.5561,1865.036,969.4376,460.8253,1904.119,844.504,616.5547,963.9421,2694.179,2331.783,2141.535,1590.098,1035.617,952.6191,2308.489,748,303.6823,1452.586,942,931.2513,2174.131,924.6383,955.1396
"43",36,"Factor #36",3.8187,34,58.37728,1251.797,1053,1169.838,1266.178,1110.138,1178.715,893,644.8924,1316.976,786.9035,798.4618,1922.918,1005,410.4698,1667.966,942,648.7924,1042,1944.867,2136.374,2230.569,1913.989,669.8879,955,1572.823,821.4696,275.7457,1082.342,976.0664,1084.155,1821.457,925,634.7634
"44",54,"Factor #54",3.891,34,98.2945,11364.58,10231.78,10580.8,10605.12,9909.642,8671,10819.11,166.6497,8297.406,5475.366,178.9776,10710.72,13981.1,91.55094,9109,11254.11,191.3033,9602.813,6330.556,9030.276,8644.361,9320.862,134.8057,11958.14,8724.901,6597.527,156.1567,34.0577,9089.974,161.7838,8285.376,10978.36,257.554
"45",44,"Factor #44",3.8922,34,78.37748,20401,17503,17792,18729,16755,15051,18287,269.6731,14722,9866,222.0057,17878,23079,118.5656,16568,18722,260.0869,15121,11747,19198,16543,17218,125.8323,19977,16876,11139,181.2785,30.93679,15233,198.6478,14710,18188,304.0125
"46",45,"Factor #45",3.8947,34,78.37748,20401,17629.72,17908.89,18729,16755,15163.92,18460.87,270.8826,14722,9866,230.5287,17681,23276.48,124.9027,16441.19,18883.99,268.7087,15310.44,11510.65,18901,16613.12,17218,134.9495,20156.25,16876,11139,188.3837,49.784,15374.67,205.3864,14597.53,18767.45,316.8448
"47",55,"Factor #55",3.9143,34,22.47206,339.1568,280.3065,285.5659,345.8595,250.8887,221.7655,251.8062,634.4492,322.3077,63.94845,387.3653,524.8661,195.2327,98.42646,233.0472,216.9364,407,412.5377,202.6142,257.1985,242.0497,267.0906,1143.277,340.2285,304.4797,176.6267,92.56715,1610,216.9343,736,241.7573,262.8945,663
"48",58,"Factor #58",3.9826,34,42.75328,2161.363,1937.823,1871.596,1941.16,1795.083,1633.832,1967.956,778.3364,1345.199,1137.086,1083.982,1822.299,2389.916,526.5705,1682.666,2313.066,812,1487.279,1200.818,1553.082,1923.931,1958.68,853.3942,2010.678,1792.011,1297.907,327.163,883.5105,1483.694,1165.093,1660.978,2030.338,807
"49",48,"Factor #48",3.9915,34,76.23896,15289.61,11983.46,14135.8,7541,12922.79,11456.97,13137.66,224.7323,5131,2832,272.8207,7399,8476,24.25335,12253.4,13982.01,119.8046,12813.81,4900,5364.809,11131.74,12440,89.021,15325.57,5806.303,3410,54.1251,195.21,10526.99,156.9261,11586.12,14329.16,210.5127
"50",57,"Factor #57",4.0018,34,131.5429,672.0546,822.834,844.143,1148.705,806.9428,902.0073,805.5961,876,706.9073,744.3406,1091,933.2299,1021.034,605,689.7934,762.0011,850.2778,822.7794,553.4335,720.266,944.0057,880.6874,884,890.2246,963.5534,743.199,640,873,832.8677,1147,734.4801,796.748,1047.085
"51",56,"Factor #56",4.0124,34,13.53001,3192.393,4514,2717,4742.225,3034,4249.895,4552.724,259.8914,2731.778,2230.883,257.5293,3711.923,3289.971,80.99267,3177.115,2868.355,296.9112,2703.307,2222.815,3717,2109,3595.928,323.3153,2616.57,3127.246,3065.851,58.27728,408.1675,3005.428,247.9327,3975.651,3261.634,303.2528
"52",51,"Factor #51",4.0963,34,20.79664,3037,2232.694,3177.545,2909.814,2168.38,2574.228,2365.931,2821.413,1565,2210,2166.541,2112.672,3928,2109.682,1866.543,2936.922,2789.301,1829,1336.671,1339.024,1503.953,1655,2136.276,2666.174,1920.561,2189,2157.618,4191.975,2400.857,5382.572,1739.736,4035,2134.754
"53",46,"Factor #46",4.1216,34,45.35257,4418,3956,4116,4671,4769,5040,3669,3928,3018,3177,5837,4392,3176,2691,2891,3681,4168,3343,2263,2277,5018,3569,3899,3902,3675,3285,2491,5692,4850,6907,3774,4035,4669
"54",49,"Factor #49",4.1288,34,45.35257,4117.668,3748.857,3817.954,4294.723,2481,5040,3657.065,1900,2891.203,3285.083,5845.433,4363.768,3280.789,1153,3177.612,3020,3457,3101,2094.976,2038.958,4952.781,3507.91,3901.576,4044.753,3539.616,3280.111,2465.351,5692,4930.143,6907,3675.097,4077.646,4669
"55",50,"Factor #50",4.1641,34,2.307132e-10,2835.548,3034.686,3617.965,4219.894,4105.221,4216.468,3322.324,2305,1802.464,1757.443,3311.058,2124.447,2497.541,2470.048,1802.842,3435.206,3627.751,3291.199,1154.506,1534.828,3921.494,3225.266,2119,3821.242,3282.78,2782.433,1084.234,3091,3965.451,3799.38,3397.121,3432.325,4252.965
"56",47,"Factor #47",4.204,34,5.45889,2444.325,2038.376,1935,2880.595,2293,2282.551,2025.265,1743,2095.533,1626,2953.774,1879.386,2057.927,1189,1588.849,2718.065,2121,2232.684,893,1174.957,1842.937,2463.039,1947,2177.556,2636.217,1584,868,2580,2362.644,3915.556,1906.086,2323.923,2360
"57",53,"Factor #53",4.2274,34,6.615234,1971.73,1805.859,1544.572,1730.041,1852.913,2170.543,1848.539,1718.969,1094.915,1710.86,2747.909,1854.249,1828.368,894,1182.94,2056.121,1206.336,1557.24,796.736,615.3106,1648.465,1340.797,1949.497,2016.473,986.3149,1501.378,1262,2348,2275.794,2385.998,1506.124,2091.037,2411.946
"58",59,"Factor #59",4.2449,34,0.7728442,18993,16078,16110,16121,14606,14206,29008,46.93868,22712,22269,104.2096,32861,26353,51.42674,22312,28160,58.3989,29207,9847,18910,19291,23124,91.88403,29767,22562,23797,44.45123,125.3867,28234,116.5867,19333,27752,71.53642
"59",60,"Factor #60",4.2488,34,0.199482,19161.66,16241.28,16276.26,16302.87,14606,14383.13,29008,59.08112,22509.36,22269,110.8697,32900.9,26584.62,57.10423,22312,28160,63.89758,29207,9443.274,17993.15,19291,23140.55,72.66262,29767,22362.59,23977.68,36.40457,77.45479,28474.53,133.0331,19141.85,27996.73,78.46978
"60",52,"Factor #52",4.2949,34,121.4025,1342.486,1273.031,1574.83,1466.376,1848.965,1897.152,1772.851,902,1026.443,1650.001,1612.936,1711.082,1769.106,780,1405.109,2445.508,1100.51,2165.101,592.9472,801.5898,1377.416,973.9314,1074,2515.501,1675.726,1776.564,738.6381,1630,2082.24,1959.388,1607.873,2300.346,1082
"61",64,"Factor #64",4.3418,34,446.4671,5433.069,4916.492,5438.136,6124.866,5288.789,5639.219,8842.681,1831.647,6943.157,8103.228,1388,10279.58,10061.51,664,7811.222,8588.494,1902.124,10574.07,4404.705,6163.34,6982.298,8069.944,1918.579,11050.02,9334.955,9698.164,550,1266,11429.26,3241.536,7866.654,11490.16,2158.094
"62",62,"Factor #62",4.3544,34,802.7499,10233.57,6045,10110.38,10456.98,9261.598,9963.482,18946.48,2375.324,9372.681,11676.32,1920.067,14049.81,14317.52,643.8826,10088.96,17554.09,1936.633,20212.78,6262.695,10159,10215.31,10500.36,3315.208,21239.48,11171.34,16506.81,935.754,1508.229,21873.51,3856.038,10340.85,24679.69,2483.959
"63",61,"Factor #61",4.3553,34,64.41584,4819,4742.987,4949.285,4917.38,3813.901,4052.86,1970.091,2845,7111.885,1525.644,2102,9224.594,1920.014,499.5669,7636.241,2080.928,2795,1981.178,4849.164,8114.087,8321.578,5385.511,3462,2143.094,7626.575,1549.631,455.7441,1708,2511.888,4668,7064.243,2166.092,2530
"64",63,"Factor #63",4.3675,34,219.9169,3718.766,2604.79,5245.144,4003.982,3917.829,4462.856,4319.022,2187,5202.361,3348.598,1673,8839.468,4227.791,417.8522,7970.663,4823.223,2219,4647.496,3818.341,7483.797,8181.892,5823.953,3663,4897.053,6490.428,4502.588,397.3279,1080,5204.894,4668,7512.739,4974.476,2171.566
"65",69,"Factor #69",4.4126,34,516,5539.144,4221.762,3826.404,6468.043,6354.632,5251.51,12798.3,897.8503,7166.579,9310.516,733.9082,12551.35,13100.38,654.9245,7880.256,14204.04,728.0681,15795.28,4252.732,6748.768,7711.608,7924.262,751.052,12622.5,9931.257,12957.12,987,680.1916,14460.1,550.6353,6635.705,15984.53,424.0391
"66",72,"Factor #72",4.489,34,93.66482,1202.7,1238.03,1366.855,1296.946,1222.403,1279.695,1586.744,1117.027,1931.758,1389.762,727.7626,2183.079,1541.642,656.1232,1779.06,1422.728,1140.871,1698.316,1007.856,1435.807,1850.5,1423.039,1306.397,1884.013,2449.391,1621.046,816.0722,1478.2,1783.32,1772,1706.273,1735.366,1264
"67",70,"Factor #70",4.4963,34,106.6218,1701,1722.187,1687.351,1482.036,1348.709,1684.411,1259.851,1250,2395.914,926.3569,861.4803,2973.551,1343.237,510.1664,2435.56,1251.51,1182,1466.58,1313.845,1947.515,2496.695,1516.633,1335,1415.018,2792.519,1085.302,605.379,867,1593.166,1719,2903.207,1452.897,1099
"68",71,"Factor #71",4.5138,33,442.162,2151.091,2417.798,2733.719,2405.018,2165.599,2549.228,5064.222,965,2461.243,3413.834,606,4874.843,4821.104,520.5275,3670.841,4770.366,983,5903.194,2189.394,3011.963,3710.569,2940.774,1235.737,6140.878,4388.291,4295.978,645.3209,783.9474,7076.437,1579,3222.133,0,984.1669
"69",66,"Factor #66",4.5226,34,830,3125,2250.443,3556,3235.271,3101.541,3352.216,8472.735,634.2072,3617.521,5583.292,606.2786,6962.685,7654.763,656.8118,3815.506,8201.026,585.9289,11174.02,2731.088,3450.419,4267.505,4554,413.1451,10433.14,5113.178,8187.423,1030,554.7915,9799.601,523.6194,4549.075,9773.94,446.9716
"70",65,"Factor #65",4.5588,34,656.226,2273.737,1898,2901.797,3050.074,3009.641,2789.157,4790.971,596.7298,4362.621,5516.724,611.6975,5797.689,5924.428,656.8118,4600.393,5917.341,505.1797,7628.228,2797,2847.812,3840.17,3506,503.238,8303,3921.795,6929.024,957.7063,513.6752,10129.27,654.5163,4204,8157.853,510.7586
"71",67,"Factor #67",4.5704,34,656.226,2653.704,2353.753,2587.32,3235.271,2741.379,3352.216,5625.665,617.2662,3617.521,5234.052,400.8701,4776.925,5924.428,553.1431,3723.642,6114,443.834,6617.535,1944.393,3303.331,3585.628,4171.775,121.9967,6635.115,3831.23,6468,952.5516,469.3325,7514.602,354.9841,4189.334,6782.695,411.2752
"72",73,"Factor #73",4.5707,34,18.66414,1192.11,1158.436,1304.417,1235,1074.656,1183.542,462.5636,837.4384,1497.109,366.894,478.8507,2025,178.1647,38.97584,1431.61,285.6635,700.0277,282.2163,1108.959,1595.457,1412.995,1119.813,1021.168,463.2379,1327.526,134.1173,24.11692,669.8893,762.2537,1054,1677.235,523.2808,1041.217
"73",68,"Factor #68",4.5721,34,534,2241.211,2061.908,1498.477,3043.8,3031.975,3506.531,5328.081,563.5044,2796.098,5561.04,454.9621,4409.555,4883.819,654.9915,2144.155,5153.393,528.2531,5647.298,1844.572,3688.593,3840.17,2932.391,393.647,7488.631,2697.681,5740.44,963,577.4325,9799.601,527.9963,2675.641,7308.371,520.7795
"74",74,"Factor #74",4.5762,34,83.83658,507.2285,400.1286,466.0483,533.4272,453.6468,505,792.0093,178.4234,436.9157,584.6558,164.0608,385.536,513.2599,28.51868,519.1247,886,130.6322,1030.38,535.9588,516.7835,741.6335,621.1435,114.7985,912.3174,526.2439,523.8628,94.3974,112.6828,841.3565,325.5408,472.9321,954.5119,89.18433
"75",75,"Factor #75",4.6031,34,78.32819,11846.44,15500.42,21321,24785,3866,21935,29994,8208.712,21336,16084,2339,19858,33825,2804,18649,52736,5262.475,13716,26342,23586,17474.58,19684.6,11212.41,23645.5,35598,18501.94,1844,15610.22,42646,12940,21190,48581,4933
"76",76,"Factor #76",4.606,34,67.89827,11846.44,15500.42,21376.31,24845.33,13753.3,21995.31,30076.02,8208.712,21010.86,16148.95,2574.883,19621.04,33883.34,2791,18291.58,52830.32,5262.475,29148.81,26342,22832.65,17474.58,19684.6,11212.41,23645.5,35267.54,18501.94,4399.653,15610.22,42646,12973.75,20860.56,48679.28,6926.374
"77",77,"Factor #77",4.6626,34,7.852226,727.764,705.6618,824.3346,868.947,768.8559,860.0546,947.7692,598.4891,1115,384.7891,268.149,1516.04,255.2949,98.68073,1098.762,985.5333,548.1343,1072.437,800.0456,1051.785,1053.417,730,809.3639,428.4693,980.0338,767.8624,65.20962,498.2061,604.78,847.5661,1166,1028.372,605.1128
"78",79,"Factor #79",4.7038,34,77.76354,27823.81,25839.8,25291.07,26786,26245.46,24385,39294.16,13436,20242,28033.38,4864,17094.93,37230,9775.965,19908,39362.05,14155.04,44314,19536,24373,25733.07,27159.71,13201,41059.36,20672,38731.23,14326.16,17708,42282,11660,20865,41245.99,14516
"79",78,"Factor #78",4.7044,34,77.75677,27774,25786,25236,26786,26189,24385,39212,13436,20242,27969,6969,17374,37230,9767,19908,39267,14132,44314,19536,24373,25988,27339,13201,40977,20672,38652,14308,17708,42282,11660,20865,41148,14516
"80",80,"Factor #80",4.7059,34,77.9184,27823.81,25839.8,25291.07,26786,26245.46,24445.65,39294.16,10206,19801.21,28033.38,6991.898,17094.93,37230,9775.965,19445.57,39362.05,14155.04,44393.75,18864.9,23405.27,25733.07,27159.71,13201,41059.36,20672,38731.23,14326.16,17746.02,42282,11693.06,20431.81,41245.99,14541.91
"81",82,"Factor #82",4.8178,34,95.36809,13034.34,12014.08,12614.57,10756,15665.96,13811.24,18295.27,6745.92,10273.92,3484.014,3683,7084,18680.6,5309.709,9993.412,18937.78,6939.595,21829.09,8114,11837.91,13317.74,11777,7641.408,19740.32,11515.56,6815.113,7871.713,9414.989,23183.27,6396,8617,22153.35,7889.234
"82",81,"Factor #81",4.8293,34,59.72357,19095.73,18753.35,20490.64,14227,22286.09,15133,29456.18,10230.85,14361,17034.44,4673,9978,29144.27,8223.773,9556,32752.62,11439.47,35236.03,15039.99,18512.51,11024,13417,12510.55,33628.63,19305.56,27046.32,12765.21,15851.36,35684.6,8455,18324.94,37063.4,14063.52
"83",83,"Factor #83",4.8381,34,97.54465,11713.44,11491.11,11756.03,13746.73,12121.98,11999.31,14378.77,5373.759,6875.678,5921.754,2870,6965.939,14255.81,3825.594,8377.005,16862.51,5850.309,19418.78,8212.867,10075.4,11527.39,11999.97,5812.917,17442.89,9049.945,9377.913,6596.177,7730.385,19426.77,6902.241,8617,19714.28,7190.012
"84",94,"Factor #94",4.9204,34,54.86174,7002.553,6462.563,8121.813,9145.104,8355.843,9355.693,9848.761,4259.38,6385.68,5449.274,2666.521,5709.489,9992.113,3394.917,5560.244,10371.38,4397.071,10194.41,5584.776,6811.447,7150.845,7889.249,4781.953,10305.71,6004.836,8735,4589.014,4797.743,10693,4223.074,5556.631,11854.37,4168.749
"85",87,"Factor #87",4.9365,34,88.33429,5467.22,5984.985,5765.177,6513,6421.893,6016.665,8774,3645.253,5093,4622,2097.961,4862.204,8089,2959,4521.078,9550,3827.345,8132,3954.146,6385,5553.422,6203.919,4081.76,9339,5318,7491,4435,3669,10954,3655.428,5215.145,9618,4168.749
"86",89,"Factor #89",4.9401,34,366.727,5363.539,5451.77,5224.928,5719.665,6049.47,5641.737,7811.228,3100.054,5970.058,4370.373,2190.812,8041,8057.79,2569.792,5711.56,8197.411,3265.135,8493.789,5629,4846.769,5440,5929.496,3475.542,7505.396,5867.571,6921.544,3927.587,3766.105,8868.866,3185.49,6454.968,10520.83,3463.634
"87",90,"Factor #90",4.9603,34,71.45685,7162.108,6858.37,6806,6947,6849.568,6824,6337.913,3872.572,6432.171,4331.047,5819.572,8116,6195.905,2819.443,6584,6437.798,3738,6924.886,5468.964,7405.527,8420.215,7914,4021,6494.481,6824.027,5773.866,3953,3766.505,7095.665,5176,6339.635,7568.935,4284.327
"88",86,"Factor #86",4.9616,34,16.61494,7516,6972,6914.666,7425,7049,6824,3970.867,4065,6561,3435.983,5833,8116,3643.592,2891,6579.876,4009.359,4027.703,4402.284,5561,7669,8475,8322,4159.684,5230.348,6949,4210.298,3520.885,2551.491,4519.874,5929,6451,4614.909,3708
"89",98,"Factor #98",4.9757,34,51.18393,1282.599,1228.999,1811,1692.195,1740.825,1571.417,949.3365,1156.151,2229.484,1218.488,1412.928,2001.007,965.7288,934.2807,2711.726,913.5279,1357.259,910.2964,1323.991,2557,2962.723,1696.465,1339.636,1194.432,2219.616,713.5605,599.2068,1459.293,1305.723,638.7051,2044.126,966.0939,624.3275
"90",97,"Factor #97",4.9918,34,2852.776,7436.062,7001.184,6442.819,6818.71,6034.638,5478.987,4864.263,3239.931,3728.365,2673.491,3050.036,7768.658,4858.593,1663.098,6588.753,5833.268,2302.634,6696.729,3378.238,6560.498,7470,8577.072,2786.554,6505.449,6730.639,5565.974,2590.407,2496.335,5422.359,3462.758,5165,6387.808,3665.955
"91",96,"Factor #96",5.0356,34,1081.265,3158.396,3328.207,3547.295,4012.485,3155.036,3332.78,4172.894,1944.904,4828,2362.697,2271.128,3363.065,6216.753,1343.171,4205,4308.643,1804.34,4436.833,7805.915,8138.291,3438.505,4100.447,2269.593,4664.84,4875,3483.494,1798.948,1430.714,4288.425,2546.217,3249.499,4669.184,2100.018
"92",92,"Factor #92",5.0438,34,5390.019,5265.91,4072,4091.886,5023.411,4363.182,4421.237,3962.702,5102,3382.608,2890.612,4978.214,3843,4044.422,4887.861,3481.392,4051.191,4094.803,4722.585,3804.542,5336.338,4275.514,3852.717,3511,4180.865,3349.98,3429.194,4722.225,2482,4028.788,5576.06,2758.26,4261.141,3897.355
"93",91,"Factor #91",5.0479,34,2125.655,2240.351,2194.101,2261.239,2224.976,2554.261,2832.263,4390.195,2348.749,4828,2110,2127.684,1805.553,7045,2352.052,4499.07,4308.643,1972.336,6434,9400,8791,3365.653,3156.278,1943.914,4725,5048,3979,3045.237,2161.893,4403,1588.706,5304,4936,1121.113
"94",93,"Factor #93",5.0537,34,5390.019,5462.747,4611.549,4502.773,5093.226,4665.454,4245,3169,5151.368,3521.559,2586.154,4329.755,3411.97,3409.956,5198.03,3287.584,2819,4617.462,4117.147,5046.364,5400.143,4444.637,4321.567,4440.191,3206.745,3214.469,2395.808,7476.336,5164.742,3868.841,5828.134,2621.828,2615.988,3904.296
"95",85,"Factor #85",5.0631,34,5515,5238,4487.643,4341,5041.299,4556.182,4362,3607,5822,3130,2981.345,5404,3411.97,3613.79,5483,2824.691,2875,4613,4076,3568.163,4949.495,4439,4557,4409,2700.546,2674.128,3057.026,7397,5240,3865,5752,1911.123,2130.889,3849
"96",84,"Factor #84",5.0672,34,5486.304,5462.747,4611.549,4341,4912,4665.454,4558.46,3355.892,5822,3064.942,3303.357,5537.141,3243.238,3580.027,5483,2644.473,3082.429,4654.659,4308,3878.544,4744.871,4439,4473,4409,2537.34,2517.27,2857,7627,5284.381,4051.462,5752,1740.815,2012.917,3856
"97",88,"Factor #88",5.131,34,5110.098,3993.58,3867.841,4507.247,4912,4127.171,4072.683,3330.574,4948.915,2986.217,3407,4791.776,3510,3590.411,5483,2724,2780.118,4340,4275.621,4146.513,4646.868,3642.301,3058.898,3095,2502.672,2624,2821.885,7545.309,5683,4081.196,5593,2899.639,2326,3441
"98",95,"Factor #95",5.1334,34,5110.098,3991.899,3863.227,4507.247,3754.144,3898,4073.888,3286.192,5035.452,2986.217,3570.689,4696.69,3534.818,3770.742,4302.741,2689.335,2948.569,4292.267,3352.487,4196.858,4722.197,3642.301,3055.794,2628.748,2502.672,2584.852,2442,4656.515,5314,4081.196,5145.587,2899.639,2615.028,3161.555
"99",99,"Factor #99",5.1828,34,224.1923,810.842,994.5263,1346.545,2004.85,730.0764,1773.849,1413.879,561.877,3107.298,973.8322,890.9609,1300.417,1370.696,492.6224,3020.693,1466.858,495.3047,949.1745,4004.637,3546.168,2064.5,2334.98,804.3322,339.2919,5222,1058.351,414.9257,663.0429,1895.975,1677.984,2421,1773.042,474.4965
"100",100,"Factor #100",5.1996,34,144.6073,947.9936,930.9669,990.8054,1167.821,924.2902,1012.208,1242,651.3516,481.474,991.157,551.2921,751.246,1194.282,641.1421,470.0083,1480,758.8952,1436.875,426.9087,435.8482,824.1442,780.8203,892.9658,1308.496,487.2359,1207.942,841.0953,947.1951,1595.811,887.0541,602.8177,1546.092,841.2249
"101",110,"Factor #110",5.2454,34,1750.043,2284.729,1699.9,1566.078,1956.363,1958.248,1921.639,1350.809,2253,855.2942,2263.149,2705.611,1288.295,1087.245,2423,647.7846,1176.898,2327.185,1527.879,1355.935,1463.919,1411.171,1294.669,2100.012,1304.305,601.6602,1798.661,3337,3024.236,1665.639,3172.56,754.1757,1113.029,2326.807
"102",105,"Factor #105",5.2516,34,1906.131,2335.872,2222,1784.563,1956.363,1958.248,1873.262,1571.935,2421.488,1195.032,2145,2559.419,1679.028,1591.924,2824,1164.84,1575.382,2259.872,1900.958,1346.897,1539.057,1867.295,1742.756,2159.985,1233.386,1093.488,1733.688,3081,2903,1847.423,3031,1072.058,1672.941,2213.788
"103",102,"Factor #102",5.2618,34,627.4045,2664.31,2266.046,2233.359,2420.876,1902,1855,1868.886,2306,2817.008,1860.572,2626.571,1618,1724,2362.015,2514.098,1695,2075,2016.929,2257.356,2530.542,3527.054,2326.778,2109,1845,2280.807,1638,2891.37,2179.322,1943.651,2916,2379.436,1635,2358
"104",115,"Factor #115",5.2768,34,1357.392,3024,2266.046,2233.359,2416.597,2304.719,2055.743,2487.622,2188.407,1399.71,1831.249,2735.775,1532.87,1725.653,1636.782,1390.411,2224.303,1697,2786.992,1640.928,2084.5,1940.824,4626.606,1946.254,2535.532,965.1531,1921.734,1884.419,2040.286,1423.224,2690.807,3442.901,2087.566,1606.553
"105",106,"Factor #106",5.2791,34,792.0415,3279.439,2945.402,3051.394,3177.935,3058.299,2910,2646.604,1545,2598.992,1860.572,3108,1532.87,2075.618,2511.97,2016.841,2356.454,1923.728,2614.631,4195.234,2782.722,3591.796,2953.725,1946.254,2736.892,2386.42,2357.871,1973.289,2515.919,2462.751,2916,2774.091,2165.589,1532.321
"106",111,"Factor #111",5.2841,34,112.479,3413.543,2819.199,3080,3036.45,2932.629,2859.641,2646.604,1892.958,4399.46,1824.334,3062.938,1650.486,2075.618,995.1553,4514.919,2419.535,1996.894,2926.633,5341.311,4427.156,5689.37,3556.537,1828.376,2852.906,3016.37,2357.871,1271.574,1081.559,2412,2906.048,4766.672,2473.576,1740
"107",101,"Factor #101",5.2878,34,207.8889,3286,2837,2468,3222,3123,2975,2599,1597.832,4485,1846,3126,1532.87,2065,761.4061,4578,2358,1586.693,2886,5368,4718,5978,4762,1828.376,2890,4561,2390,713.7052,627.98,2479,2985,4750,2394,1606.553
"108",103,"Factor #103",5.2924,34,113.816,3420,2945.402,3051.394,3266,3123,2923.819,2646.604,1409.921,4097,1831.249,3014,1530.559,2075.618,551.5271,4578,2419.535,1412.601,2926.633,5501.511,4684.001,5882,4402,1731.446,2895.78,4569.617,2426.363,484.0469,495.1711,2462.751,2906.768,3536,2486.374,1597.863
"109",113,"Factor #113",5.3257,34,92.9396,1785.025,1812.047,1756.026,1991.563,2124.925,2414.526,2171.581,1313.369,2194.454,1149.347,1992.597,1464.124,1839.736,780.4571,2531.051,1780.618,1611.38,2886.335,3174.925,2727.393,4665.263,2839.509,1353,2805.838,2190.995,2150.946,952.1874,737.155,2451.68,1999.805,3553.318,1974.133,1300
"110",109,"Factor #109",5.3291,34,735.178,2743.107,2300.623,2541.94,2889.237,2583.386,2295.297,2302.199,1067.768,1690.679,1318.186,2969.529,1109.969,1450.653,1335.755,2833.02,1590,1739.133,1922,5061.458,4141.925,3238.152,4626.606,1828.376,1845.612,2190.995,2411.887,1505.727,1418.312,2399.033,2258.828,3739.748,1526,1606.553
"111",107,"Factor #107",5.3357,34,32.04762,2506.435,1726,2289.355,2112.35,2365.475,2805.328,1029.091,697.3393,1787.449,973.4069,1550,386.8842,1440,481.5217,2531.051,2224.303,768.833,2534.598,2779,4141.925,4665.263,2704.171,1709.779,2145.209,3657.921,2291.3,482.2738,459.7892,2315.441,2078,3739.748,2087.566,1578.191
"112",116,"Factor #116",5.3374,34,729.3777,1216.121,1162.147,1342.689,1229.117,1574.332,1401.677,1150.306,1787.176,333.9864,1550,1811.601,713,907.6957,1555,482.7575,1299.125,1465,1317.364,511.0916,768.532,808.8793,778.6129,1365.779,1030.765,325.7368,1382.35,1946.546,1372,1638.029,2251.395,286.9768,1154.811,1818.129
"113",117,"Factor #117",5.3375,34,532.3619,1620.817,1511.65,1504.135,1589.9,1663.945,1792.921,1284.473,957,676.6973,1586.704,1892.291,775.6288,990.0119,1766.806,1057.216,1326.849,1445.721,1366.748,1370.09,1405.661,1411.087,1177.15,1385.471,1236.441,690.2365,1433.487,2063.199,2015.706,1548.872,2140.982,1282.233,1333.273,1392
"114",112,"Factor #112",5.3494,34,129.9709,2310.877,1305.785,2289.355,1991.563,2618.765,2031.961,763.5798,910.092,2763.335,1350.586,2339.971,1216.835,755.0825,681.5961,2531.051,800.666,1124.377,2363.868,2262,2727.393,4365.155,2954.615,1456.181,1464,4260.589,2077.737,599.9017,635.9916,2096.478,2134.359,2819.467,2087.566,1606.553
"115",114,"Factor #114",5.4019,34,100.145,1027,1322.1,1097.965,1039.268,1054.275,993,881.4537,764.0881,1787.449,730.4974,1563.147,385.1018,498.0782,275.3249,1453.565,1262.377,847.9092,1075.406,2027.301,1706.63,1868.821,2002.635,674.4009,1185.742,2060.354,983.061,248.435,335.4496,990.0946,1301.652,2032.291,1017.55,480.0222
"116",104,"Factor #104",5.4249,34,13.98245,683,659.7537,587,612,1125.143,690,820.4679,598.7761,1116,432.828,1110,162.5942,670.9592,205.409,1453.565,812.3389,585.041,1031.383,2018.711,1751,1261,956,689.6336,874.7278,2181,663.0352,228.418,173.2793,924.4284,1277.836,1993.952,1138.108,539.6388
"117",119,"Factor #119",5.4322,34,21.11323,449.7255,404.7905,465.1341,504.9162,519.4742,405.1388,859,189.0557,396.8079,236.1097,411.7794,178.0621,1715.393,89.63399,606.7338,827.5797,285.9008,734.9338,622.6893,786.7945,723.2434,497.6988,222.6617,904.7251,890.9079,653.0873,99.71435,68.10347,685,532.6402,734.0998,903.3545,320.0325
"118",118,"Factor #118",5.4394,34,81.77067,273.6391,256.9035,159.1071,174.7374,453.0735,365.1906,920,117.1156,141.7965,123.2914,204.5087,49.01956,1688,119.8427,308.0956,882.173,137.2853,1319,516.8853,632.3177,587.0459,334.7524,63.46053,943,319.8086,692.6331,143.4173,159.861,810,204.7418,362.6612,889,153.1716
"119",108,"Factor #108",5.4601,34,21.47504,959.0722,782.845,722,1039.268,590,621,316.7973,399.8843,725.3601,374.207,927.5713,158.4731,419.7301,109.2279,727.3784,667.9585,377.5669,694.5239,1526.129,1122.593,1444.967,1164,514,617.198,769.9112,464.1391,97.40609,33.57121,637.7233,1151.624,712.5384,734.1596,450.8114
"120",120,"Factor #120",5.5187,34,285.15,191.9987,172.2746,187.1013,262.3439,304.9285,292.3271,1228.441,790.8898,890,35.65517,161.2875,145.0963,887,462.6756,1070.756,1561.892,1218,182.1787,600,545.3846,172.9937,561,1605,1655,1782,82.10305,255.5579,607.2773,491.4863,764.6201,1784,2352,2362
"121",125,"Factor #125",5.541,34,89.07297,642.2992,617.4437,635.2335,364.9624,405.514,249,215.6805,797.0008,341.7393,24.97981,677.9625,347.2573,195.8958,193.6876,411.4496,266.0434,854.6772,51.63133,270.6361,100.2737,106.4217,376.6428,1171,242.9277,271.6748,60.11611,383.0189,1039.055,89.34338,1239.469,169.0961,128.1553,1405.997
"122",121,"Factor #121",5.57,34,31.76329,638,715,780,817,614,634,163.0864,1339,197.6937,107.7582,828,347.2573,165.8876,97.33333,411.4496,168.2703,1491,24.3625,267.8582,246.5804,233.7186,395.3404,1800,173.4674,377.9113,55.315,384.9831,3073,35.46053,1540,305.6359,121.371,1388
"123",124,"Factor #124",5.5863,34,38.31532,779.5025,684.9413,569.4042,690.0735,580.8615,558.4635,154.6476,1225.025,225.7197,164.0126,704,192.1985,102.6536,58.08177,185.5684,156.1363,1090,29.77958,131.7065,84.99602,108.9899,201.0932,1195.574,212.1906,374.3379,110.4422,231.2297,1875.408,112.8966,1325,165.6305,121.8832,1072.592
"124",126,"Factor #126",5.6059,34,8.377436,67.45545,345.866,430.1354,583,538.1674,691,276.7755,307.267,196.3145,26.13998,176.0089,134.4284,17.76304,95.63225,261.4755,314.2357,511.2844,418.8322,717.7156,696,475.4892,469,255.6082,222.0952,516,13.86687,504.0321,156.3112,492,307.7599,437.7965,30.73879,237.9285
"125",127,"Factor #127",5.6359,34,17.04714,317.6772,318.3512,299.2296,213.9384,212.4013,288.8686,495.092,304.4046,194.5274,231.4856,151.0081,221.3585,558,134.7582,161.2953,506,406.4253,439.8644,180.0369,153.8158,76.12472,113.2462,426.311,435.2134,191.1626,234.8901,118.7777,662.4967,452.0035,200.1808,181.3554,445.9523,293.4654
"126",123,"Factor #123",5.6359,34,18.96917,222.9487,308.2771,476.8883,467.3367,339.6582,517.058,195.0832,773,168.9572,88.20288,304.075,82.96842,142.3525,60.59318,103.8149,252.1741,565,83.28977,224.336,261.9229,217.4762,251.059,1025.843,230.7916,140.7408,55.84099,267.5369,1384.103,219.7937,722.4941,171.5196,212.7672,732
"127",122,"Factor #122",5.6454,34,9.13198,468.9179,219.6931,476.8883,217.2528,301.8495,308.4981,139.5928,999,157.9778,10.79767,285.7276,52.87439,32.01511,20.83294,25.0299,31.06917,784,27.40175,46.20673,38.70036,39.34267,23.62313,679,167.2603,24.99384,22.3103,88.10711,1338,93.98443,992.3608,44.08381,106.2191,1324.068
"128",131,"Factor #131",5.7641,34,1.885129,57.15823,91.38488,55.40188,82.8642,83.23756,63.98958,1192,13.69528,56.01477,473.5147,31.02134,233.4072,926,10.28438,70.88816,1043,35.56805,1492,102.0135,81.68951,103.6857,43.46848,27.21919,1064,110.4346,516.8991,4.494112,12.39993,1279,13.75869,143.4299,1306,23.44527
"129",132,"Factor #132",5.7809,34,7.429397,126.2811,547,49.58748,593,536.5351,577,52.10025,67.06714,167.613,45.78615,1244,487.9057,240.1374,18.16078,201.1673,112.8777,539.5813,412.4306,157.034,85.97716,492,261.3278,541,304.0371,421.1003,152.3279,22.76745,23.18658,154.5072,1189,111.8502,363.5374,578
"130",129,"Factor #129",5.7813,34,14.01403,612.4034,628.1671,498,579.0328,511.5247,503.5808,69.81829,220.982,550.0873,154.7797,437.3342,520.4617,97.08725,48.35867,424.674,132.0613,229.65,153.9623,269.3405,478,444.9494,648,117.5401,109.5505,421.1003,113.247,128.1993,114.9394,103.0703,486.9428,330.5092,158.0937,102.5117
"131",128,"Factor #128",5.7876,34,11.46494,622,617,485,400.6152,469.7678,500.3253,222.4039,315.0166,617,205.708,629.1066,520.4617,184.8712,97.80702,427.2191,172.5203,291.9667,190.7353,293.028,479,456.8708,662.1018,99.31395,120.4525,411.6303,168.3548,96.69114,115.0516,149.5829,678.38,337.3592,176.6562,306.5436
"132",134,"Factor #134",5.806,34,9.522366,610.8604,542.9652,427.7639,497.0406,398.4588,388.1588,55.6706,159.5316,562,74.44625,193.5154,513,62.04669,74.98522,436.8386,92.01491,168.123,72.55902,249.1908,443.5832,491.2652,651,120.2317,115.3587,411.5766,94.00828,107.8521,109.0894,70.92098,244.671,330.5092,97.46751,143.689
"133",130,"Factor #130",5.8143,34,10.26858,567,620.0406,514.7775,516,493.7328,487.4861,153.1276,230.2759,546.1884,156.9735,624.5476,520.4617,119.8601,44.53514,436.8386,121.4998,138.8018,188.4395,334.939,420.0184,948.6275,662.1018,148.2061,299.9107,402.6599,147.6189,113.1931,109.0894,452.518,515.9443,619.3739,274.7334,118.9776
"134",140,"Factor #140",5.8518,34,6.991883,852,872.0881,1066.714,1043.501,1278.356,1238.348,687.4658,93.99696,1546.588,374.7598,112.6702,1092.435,676.4457,48.498,1037.668,1446.199,79.32369,777.8752,953.6852,1062.767,1708,1509.753,89.96525,1057.402,2762.842,426.6267,58.06429,55.5626,1585.076,150.6284,955.5103,1529.962,73.69441
"135",133,"Factor #133",5.8624,34,12.62359,359.9123,290.8805,393.1242,286.0246,425.6479,362.4497,110.1966,288.8421,185.9207,166.551,513,274.658,96.78068,35.34139,266.8946,122.6281,217.7137,263.6912,187.5635,112.5389,374.9057,231.2992,267.1451,108.2995,256.5821,47.71431,66.85174,42.94191,224.8939,603,247.09,206.5055,182.2837
"136",137,"Factor #137",5.869,34,16.45093,1286.799,737,1367.727,1342.178,1278.356,1412.876,1342,49.94007,1886.09,374.7598,23.59604,2735.641,1765,44.91045,2552.978,1465.78,15.54962,663,1490.852,1418.421,3111.714,2845.999,37.52481,1142.347,2876.179,426.6267,51.19053,25.93205,1667,69.465,2535.284,1598.756,36.7815
"137",135,"Factor #135",5.8743,34,25.76245,1390,1202,1477,1342.178,1305,1540,1190.759,63.18636,2640,374.7598,84.95814,2847,1041.973,66.23562,2700,1456,46.6497,777.8752,2060,2513,3615,2897,46.58366,1135,2992,426.6267,59.20129,41.54332,1713.586,99.24777,2458,1540,50.65709
"138",141,"Factor #141",5.9187,34,26.29459,338.9589,323.3014,353.6729,399.4405,355.033,393.4971,562.1816,136.3135,481.0793,343.5672,130.0208,512.6022,690,61.97012,440.1547,662.5461,194.361,352.3542,449.2706,464.975,471.9426,443.4604,157.5254,574.5625,590.7273,113.6361,144.6806,188.7996,474,173.8916,495.7372,654.4582,158.885
"139",139,"Factor #139",5.9212,34,19.75282,855.1041,528.8544,1079.717,1068,1256.702,755.9074,948.8981,62.43709,1520.831,254.9933,76.35466,1644.343,1160,42.00457,1327.046,829.68,83.42183,537.3034,1181,1267.165,1794.041,1455.997,74.59484,656.3729,1643.187,551.8631,66.52821,103.7553,518.3099,91.25277,1386.307,806.5646,73.79583
"140",138,"Factor #138",5.9518,34,131.8122,555.6392,620.5441,724.2616,791.041,651,689.9785,1163.358,427.8209,1017,374.5182,266.5832,1149.109,1491,124.0671,1240,1002.505,128.0235,1221.185,980.5137,1016.174,1306.997,1161.306,156.9469,1031,1411.929,562,114.6769,85.20618,992,210.6181,1073.362,996.0934,126.0613
"141",136,"Factor #136",5.9604,34,66.90564,994.3605,569.5482,730,825.2573,791.3869,844.5478,1162,1834.283,1311,598.6931,428.8958,1402.324,1479.327,174.3154,1200,1011,495.4918,1202,1047.597,1079,1203,1392.343,460.024,1083.641,1531.134,566.9491,222.2114,607.0407,987.875,403.9641,1177,1020,227.4089
"142",156,"Factor #156",5.9996,34,30.81279,373.9498,575.4312,369.0813,391,340.7603,313.1669,405.1918,354.7708,554.8421,408,440.7247,342.5807,365.1827,21.43369,443.6626,420.7847,372.4758,403.7141,242.0126,308.0693,386.709,740.7726,406.7428,485.1163,441.5068,257.228,260.6577,198.5819,375.9273,200.0453,415.5176,438.0026,326.1503
"143",157,"Factor #157",6.0035,34,25.60724,450.5146,426.7635,416.1855,781.9102,362.9737,333.5006,713.1743,195.4827,444.8665,345.8517,228.7915,749.7231,1305.797,150.6004,791.5833,760,185.3719,765.1888,659.3565,592.0772,1053.818,909.0263,200.2893,789,849.7378,269.0189,118.4255,111.021,889.9958,116.6452,800.7577,856,191.6216
"144",152,"Factor #152",6.0253,34,82.22736,2972,7380.806,8240.634,8081.248,5173.644,596,4018.697,7333.204,7114,3415.887,9055.628,6796.573,3108.607,6740.724,3395.3,4066.213,6959.901,4111.243,1960.959,3587.268,7752.933,8618.77,7399.625,3020.106,8346,2928.381,6352.222,4600.045,3925.622,9864.177,3142.227,4195.496,7947.911
"145",149,"Factor #149",6.0374,34,27.36901,10239,7588.117,8533.559,10102.67,8341.608,7647.954,4179.62,5639.299,7604.971,3430,7854.039,7630.007,3715.21,5647.662,7230.89,4246,6959.901,3240,7952,7602.432,10301.94,9424.887,9643.075,4328.013,8698.721,3312,5906.096,4600.045,4646,7869.307,7317.395,4285,7947.911
"146",142,"Factor #142",6.04,34,19.64558,10239,8759,8766,10096,8347,7777,4166,7718,7771,3481.8,9051,7730,3100.999,6917,7716,4058,7975,3243,7952,8221,11129,10122,9639,4290,9040,2922,6466,4867,4635,9860,7544,4245.215,8539
"147",150,"Factor #150",6.0419,34,77.89608,3728.677,3381.374,3366.631,3906.631,3653.809,3397.652,4248,2578.698,2510.107,2830.665,3178.364,2628.256,3757,2331.213,2651.648,4221.668,2858.19,4253,2536.347,2708.991,2166.056,3569.907,3424.145,4328.013,3159.8,3204.301,2478.33,1934.234,4851,3528.291,2710.151,4376.869,3100.602
"148",144,"Factor #144",6.0421,34,19.5763,10239,8759,8771.64,9137,8352.951,7783.656,4179.62,7722.665,6101,3481.8,9055.628,7630.007,3091.09,6917,7553.433,4253.367,7975,4260.736,7952,8221,11129,10022.15,9639,4205.682,8138,2330,6467.889,4867.982,4164.582,9860,7378.448,4235.295,6522
"149",154,"Factor #154",6.1254,34,21.96249,3526.429,3230.934,3161.26,4056.214,3405.676,3344.751,1725.008,3979.202,3868.597,1322.141,4480.089,3139.725,1346.76,2398.274,4499.854,1719.043,3553.252,1632.21,2642.851,3917.905,4962.601,5793.819,4904.54,1869,3931.458,1098.143,2936.978,2521.406,1798.224,4902.789,3081.551,1861,5777.522
"150",147,"Factor #147",6.1547,34,30.0519,3685.753,3081.874,3022.201,4167.02,3081.197,2832,1821.442,1585,2589.242,719,3433.108,2013,664.0678,1863,2668.15,1932.08,2594,2003.009,1638.121,3138.908,3061.896,2933.706,4439,1986.634,3099.462,1621.249,3066.334,1311,2121.882,3549.112,3279,2040.007,3469.182
"151",143,"Factor #143",6.1615,34,21.72182,3823,2041,3493,6128.361,3685,2251,1390,3979.202,2688,990,4407,1982,1826.136,1936,3019,1279,2728,1572,2382,3599,2880,5462.865,4750,1948,5757.533,1956.403,3823.512,3239.767,2652.247,6174.877,2985,2903.379,3465
"152",145,"Factor #145",6.2434,34,31.2658,1292,1248,1236,1777.17,1433,2015.715,814.9841,1250,1382.261,623.3415,1893.634,1030,660.0344,1574.793,1355,1030.504,1162,884,1298,1376,1589.893,1298,2240.254,1018.678,1801,541.322,1456,999,613.4141,1663,769.277,1275.853,1214
"153",153,"Factor #153",6.244,34,23.1177,1128.427,1130.054,1293.873,1360.482,1265.906,1945.389,909.049,1129,1377.982,602.5276,913,1413.429,666.0267,1049.56,966.9672,1082.871,1285.539,900.5349,1053.92,903.0672,1408.116,1199.484,1129,863.9222,1023.045,563.5381,1036,1165.429,747.0458,2348,1598.55,694.8092,1218.25
"154",146,"Factor #146",6.2484,34,26.36687,780.9666,722.2066,672.1138,831.057,708.3418,747.775,3136,274.6167,599.4143,494.3306,280.6009,394.3192,1577,160.7947,534.4769,3236,289.4186,1139.639,296.8728,283.124,717.7578,405.6639,344.8794,3741,713.7414,1254.616,173.9987,125.7995,1146.388,298.1871,840,3726,374.8992
"155",151,"Factor #151",6.2725,34,11.71729,600.1035,608.3261,673.232,877.6242,666.0416,591.1903,3136,316.8469,616.816,478,281.4742,431.2277,1529,196.1771,443.6005,3236,357.0381,1028,307.1377,276.2053,755.9203,312.9712,282.329,3711,744.4581,1083,158.1438,161.9003,904.9595,294.0294,768.1502,2980,338.5153
"156",148,"Factor #148",6.2747,34,23.188,890,840,1293.873,894,1163,1077,1582.97,759.0193,824,496.2345,914.3712,892.5526,820.3694,557.6203,775,900.3188,732.9653,801.7893,742.1257,682.5652,1103.284,1072.172,1033.215,1247.156,1318,860.0575,616.2956,762.1695,714.3162,1135.863,1101,2019.476,906.9579
"157",155,"Factor #155",6.276,34,15.5593,539.8719,768.0868,822.5367,1224.696,769.6843,727.9646,2540,384.7338,763.297,453.0801,500.8848,563.7538,1505.379,434.3726,512.8767,1784.177,406.3474,1119.839,489.9947,324.5975,916.6365,529.1342,562.594,3507.11,977.7632,1192.569,230.5558,425.6212,1049,395.9131,926.7134,1861.302,989.8544
"158",158,"Factor #158",6.2943,34,19.1215,948.9047,858,899.9696,853.7416,903,851.2719,469.4427,699,777.4167,311.9643,1020.461,936.3424,336.116,330.3708,738.7687,426.7181,695.9767,448.094,715,861.5899,949.6411,967.0586,837,490.7421,677,314.2714,411.4264,502.9922,481.7624,1013,828.5198,479.9828,814.783
"159",159,"Factor #159",6.3018,34,79.55675,918,924.9002,792,853.7416,903.145,551,611.4889,1004.144,725.9274,288.3391,1039,900.2128,425.2088,563.0819,738.7687,644.5422,648.4176,492.2656,774.2234,891.0315,1161,731,728.663,667.8783,788.7168,429.3406,490.3839,630.8458,527.0996,1244.049,826.7965,659.4784,810
"160",162,"Factor #162",6.3915,34,242.2206,1735.791,820,1535.768,1573.753,1683.43,1736.568,530.4673,1990,1239,449.3352,2650.51,1438.422,399.7081,1238,1039.181,517.53,1514,483.4209,1118.077,905.3316,1437.59,1203.79,1988,86.46344,746,349.9133,1832.326,2936.546,583.6148,2578.479,1083.047,424.5464,1894.574
"161",166,"Factor #166",6.3941,34,262.9066,2106.993,1288.107,1605.716,1642.312,1586,1190,751.4931,2259.662,1335.639,587.2327,2017.846,1454.095,345.6343,1644.69,1371.265,607.098,1636.654,670.966,1290.997,1419.011,1710.597,1868.573,1639.553,588.7871,1396.93,263.663,1818.615,2677.769,509.9948,2698.406,1321.304,454.6514,1894.574
"162",160,"Factor #160",6.3963,34,342.3335,1796.887,1768.892,1770.011,1348.504,1586,1736.568,718.1278,2435,1311.981,468.0479,3154,1123,574.3305,2313,1019.777,661.3132,2544,568.885,1146.926,800.1422,1409.952,1598.079,2515,523.0157,1424.998,394.249,2365,3165,591.1554,4008,1126.201,456.8155,3259
"163",161,"Factor #161",6.401,34,363.3388,2204,1877,1843,1907,1813.242,1732.329,950.3526,2245.145,1552.508,1094,2484.995,1885.592,1057.395,1778.506,1471,974,2229.911,1006,1708.373,1762,2338,2442,2211.335,1162.682,1505,1141,2353.862,2203.236,823,3065.609,1335,896.3485,2662.978
"164",163,"Factor #163",6.4021,34,89.25732,2192.485,2095.033,1917.454,1889.933,1510.921,1286.741,926.5729,666.9738,1606,1124.953,743.3123,1886,1102,622.9291,1492.571,945.298,628.4527,914.1675,1073.851,1762,1952.521,2429.546,391.9301,1151.587,1516.901,1146.365,561.6279,723.6479,753.7104,1063.787,1285.829,811.3266,835.6557
"165",164,"Factor #164",6.4022,34,241.681,1734.965,1406.047,1343.704,1555.83,1534.502,1440.084,533.6197,2360.264,1052.846,448.9275,2650.51,1416.014,398.6805,1655,1038.308,520.5562,2179,482.2401,1117.043,903.7254,1334.396,1186.174,2527.241,359.1448,1076.822,349.2416,1831.502,2967.261,582.6924,3908.801,1082.177,426.075,2903.069
"166",165,"Factor #165",6.4026,34,450.4491,2070.032,1691.625,1659.509,1889.933,1855.193,1732,875.8201,2434.972,1544,367.7965,2693.026,1794.524,809.6961,2324.166,1471.158,920.1865,2188.77,1006.26,1752,1784.898,2338.29,1968.985,2158.471,878.2137,1504.574,504.6644,2389.403,2006.878,951.1394,2999.07,1493.474,798.0989,2543.992
"167",167,"Factor #167",6.4416,34,127.8914,1736.027,1166.892,1275.961,1361.04,1454.85,1198.12,580.2237,1778.777,503.54,459.2669,1678.293,951,203.3641,1311.229,1195.876,631.8722,2277.905,607.4188,484.6951,685.7982,1079.805,1334.118,2531.243,504.0218,890,114.9445,1964.625,2510.296,257.1244,2782.858,1154.147,556.1397,2903.069
"168",173,"Factor #173",6.5431,34,638,817.6383,637.3674,640.7119,777.8533,854.5906,936.2016,306.7541,1403.051,395.7312,232.6941,1678.085,450.716,217.7445,1011.76,383.2875,221.3473,1383.85,322.5094,439,541,643.1422,540.0504,1514.811,37.02107,395.3114,227.1754,903.963,1800.004,340.3419,2237.278,440,193.1232,1707.45
"169",175,"Factor #175",6.5451,34,591.7541,658.735,465.0877,601.4165,686.5935,768.5726,721.3414,369.2065,1008.303,402.5235,229.6939,1041.286,450.716,164.3415,1009.181,383.2875,221.3473,977.1435,329.9398,371.0497,542.4059,653,543,865.3206,199.0315,389.6784,116.149,997.057,1077.023,281.6244,1341.328,435.6888,193.1232,988.822
"170",168,"Factor #168",6.546,34,489.3799,786.6474,621,633,786.3365,818,960.2204,232.6021,1469,265.86,158.2513,1646,450.716,120.1233,703,225.7403,175.7955,1383.85,318.4911,205.3126,251.652,397.7323,374.9764,1539,146.1299,240.2309,132.9958,1083,1922,255.9092,2218,310.8664,163.5389,1667.324
"171",170,"Factor #170",6.5847,34,379.3328,802.0966,602.334,546.4029,695.4182,833.4023,644.41,173.0757,1449,388.051,157.8988,1646,623,123.6258,524,354.9308,199.8357,1297.309,259.9441,182.5154,322.6356,431.2323,573.7639,1591.899,132.9283,365.7423,132.5197,1356.993,1018,148.7373,1340.65,331.5662,152.6098,1269
"172",172,"Factor #172",6.614,34,33.31411,509.8499,499.1642,510.5905,604.1877,385.8838,361.507,136.2484,661.8434,384.1225,114.9941,1404.603,614.7109,108.4466,512.495,343.0919,199.8357,1062.889,116.7573,197.9429,281.6516,436.0169,595.9149,1807.645,159.9305,304.14,183.5756,1350.424,630,119.0216,1519.044,316.8323,158.7344,1269
"173",169,"Factor #169",6.6159,34,19.72544,541.0678,517,546.4029,612,385.8838,393.3027,183.5752,727,393.1908,119.7936,1404.603,689,133.9613,516.6567,411,210.0963,1284,106.9358,228.8142,331.1841,471,654,1886,160.8435,399.695,215.1488,1401.831,669.4652,100.368,1393,319.6479,161.3309,1328
"174",171,"Factor #171",6.6299,34,27.97634,565,435.6414,390.6555,591,385.8838,391.8308,181.4143,961.5162,430,58.54614,614,651.7425,108.4466,471.1811,332.9087,199.8357,1169,136.5758,200.6245,315.9503,471.1918,595.9149,1371.861,196.5016,271.8143,148.3231,1287.426,582.2836,136.5523,1352.34,316.8323,135.7953,1196
"175",174,"Factor #174",6.6407,33,10.60714,0,496.6914,546.4029,639.7608,385.8838,393.3027,294.5326,1015.836,388.051,179.5849,1169.741,689.0304,321.3959,516.6567,374.2451,267.7102,697,209.7826,272.7121,337.7585,516.9876,595.9149,1323,301.6624,409.3124,327.3594,1428,527.0601,183.7011,1361.258,316.8323,204.0572,1187.161
"176",177,"Factor #177",6.7172,34,39.20304,648.6531,550.2124,608.7482,610,538.9276,494,911.9333,484.1937,614.2862,423.5614,449.9598,492.5638,1036.69,373.8246,499.7488,867.8,488.994,903.5388,385.6207,568.0581,749.2002,705.4453,654.7524,788.919,594,694.5847,580.0869,401.8355,628.0205,877.9121,533.2453,726.7231,882.466
"177",176,"Factor #176",6.72,34,20.47085,772.4194,691.9429,585,667.1973,539,596.6779,954.2424,289.4701,602.589,436.677,256.1667,483.6744,1356.219,227.8343,386.0075,951,261.4352,903.5388,343.2112,471.0718,1163,705.4453,404.94,1068,593.9982,719,375.2336,193.1618,628,392.5088,637.0344,840,531.8961
"178",179,"Factor #179",6.7591,34,56.39516,3064,2801.274,2874,3582,3091.253,3013,1678,2803,3872,1431.286,3058.835,2136.274,2727,4214,3871,1991,2940,1725,5148,6443,4336,2038,3053,2337,4370,2018,1738.752,1005,2368.187,2888,4085,2355.63,3594
"179",188,"Factor #188",6.785,34,56.48542,3029,2619.863,2915.988,3184.256,4030,3061.904,1749.205,2333.404,2983.581,1330.467,2647,2144.106,2783.354,4203.336,3023.407,2021.924,2933.765,2548.789,4269.437,5129.637,3492.581,3358.092,2864,2423.353,3777.533,2141.205,1172.255,1939,2230.707,2909.404,3725.764,2289.616,3053
"180",180,"Factor #180",6.8241,34,57.71704,27452,19036,21899.1,26740.76,20797.45,20147.21,4649.15,14604.57,22900.75,9531.658,17643.37,22876.79,4845.751,11844.91,21372.98,3649.749,14720.47,10146,22581.72,28952.35,3954,34811,17031.67,11760.26,25129.58,7561.717,8403.205,7993.352,3957.727,21491.73,16186,10768,17036.24
"181",183,"Factor #183",6.8263,34,59.59385,3807.393,3147.761,3155.29,3115,3012,2784.736,2096.309,2085.666,3351,1585.747,2399.565,3427.035,2497.358,2382.469,3038.909,1961.52,2178.591,1888.494,3772.946,4582,4136.324,4185.269,2510.013,1973,3015.757,1881.881,959.1554,1485.694,1692.062,2497.489,3359.974,1811.348,2606.284
"182",190,"Factor #190",6.8287,34,62.95224,5532.168,4992.748,4480,4794.594,4993.321,4377.982,2670.147,3000.444,5339.03,2279.101,3834.607,5973.27,2497.358,2654.094,5091.883,2543.527,3254.799,2526.98,5332.111,4361.326,6451,6836.608,3634.36,2687.555,5004.812,1916.497,1321.761,2060.221,2665.483,4702.914,3903.688,2013,3438.032
"183",186,"Factor #186",6.8366,34,14.33687,28136.3,22898,23091.87,27562,20893.79,20147.21,11555.64,14840.42,23335.54,6211,18346.35,23182.49,7692.588,11844.91,21453.52,11049.47,14918.41,10301.04,22581.72,30547.59,36570.61,36155,17307.81,11925.72,25644.08,8896.528,9773.443,8953.727,10809.08,21994.25,22037.78,11526.7,17036.24
"184",197,"Factor #197",6.8369,34,8.596481,21279.57,19048.03,19313.04,21298.63,19243.86,18614.89,10284.97,13713.24,19746.19,8791.635,16082.81,21010.95,7007.318,11005,18872.67,10166.66,13147.54,9765.022,19592,19914.71,26139.67,27132.09,14319.39,11022.8,20695.88,7637.178,8581,8689.288,10348.34,18801.74,20222.65,10121.55,14838.86
"185",181,"Factor #181",6.8375,34,14.39979,28136.3,22909.22,23091.87,27576.01,20893.79,20147.21,11555.64,14840.42,22825,10053.59,18346.35,23182.49,7692.588,11844.91,21453.52,11049.47,14895,10301.04,22592,30547.59,36570.61,36154.21,17307.81,11925.72,25644.08,8896.528,9773.443,8953.727,10819,21994.25,22037.78,11526.7,17036.24
"186",178,"Factor #178",6.8375,34,10.60355,28123,22556,23080,27562,20882,20136,11426,14817,23346,10068,18314,23185,7697,11816,21458,11059,14895,10257,22592,30552,36568,36155,17282,11929,25649,8918,9746,8959,10819,21967,22046,11541,16845
"187",192,"Factor #192",6.8794,34,3.686407,25952.67,7454.169,21899.1,13695.45,18079.14,10525.98,5741.907,7467.216,8960.242,6399.968,6743.098,6321.956,2434,4490.419,20460.07,5189,5443.649,4026,21644.1,16385.39,25491.75,30457.78,17031.67,11925.72,11890.51,5603,6165.801,8908.282,5011.861,19339.64,13969.78,10754.48,9451.177
"188",184,"Factor #184",6.9175,34,3.273375,5994.885,7082.634,3646.773,4351.773,7796.104,8716.186,1319,3916,5189.212,3001.605,6174.175,3952.114,2296,4490.419,5164.954,4059.085,5097.736,2176,7247.065,9474.308,11341.77,10306.32,7854.751,2630,6555.303,1771,4448.601,4217.185,5544.841,6433.529,6322.936,5877.779,8750.595
"189",196,"Factor #196",6.9219,34,9.461734,7298.041,5889.661,6264.169,7888.726,11803.26,7682.451,3822.683,2942.172,6434.01,3104.105,6204.545,8055.525,3118.677,2436,4846.981,4303.586,5097.736,4719.86,8508.491,3832,10345.26,10652.33,8463.387,3753.836,8780.733,3491.693,4054.422,3884.453,5291.203,2981.294,4463.238,6157.433,10081.42
"190",187,"Factor #187",6.9606,34,22.36301,5021.505,3452.891,6137.072,5376.529,5769.996,6366.4,2026.619,2267.755,3614.02,806.8245,3097.023,3952.114,619.6629,2383.65,4804.707,1983,3042.298,2857.735,5239.481,4242.126,5857.054,6032.618,2225.546,2626.158,6555.303,889.1667,2167.221,2052,1704,6433.529,2417,2472.16,2676.322
"191",182,"Factor #182",7.0301,33,11.64338,1006,1666.56,2033.763,2730.144,2376,2938.812,2.872498e-12,1189.373,1748,613.3384,1122.092,1836,6.570434e-14,749.362,1586,0,1039.556,1078.103,1426,1767.275,2230.323,2184.728,1369.229,8.837166e-12,1785.984,1.243581e-09,980.6589,809.1976,205.9261,2854.161,1812.375,989.8496,2580.935
"192",189,"Factor #189",7.0347,34,4.457478,992.2934,675,982.46,3597.553,2158.195,1053,448,1188.293,1290.909,948.5813,867.7153,785.006,908.3606,961.3927,873.0923,1346,947.792,941.5958,1597.425,942.914,1947.625,1003,1850,811.1381,1962.759,454,1349.779,770.5222,1368,1652.301,2406.678,1175,772.8999
"193",195,"Factor #195",7.0359,34,4.580571,2237.24,941.9525,1104.217,3247.284,2158.195,1523,994.4916,1365.655,1587.291,695.2432,1052.385,1019.629,640.2907,946.5179,991.74,956.7991,971.3986,941.5958,1872.095,942.914,3367.795,1044.068,1451.214,884.8411,715.4044,792.4185,814.5874,809.1976,1354.68,2326.643,2506.779,880,1274.751
"194",193,"Factor #193",7.0422,34,8.713633,1374.665,1031,706,1480.71,2158.195,1882.651,454.1648,1040.03,1786.478,695.2432,1122.092,1415.224,516.7498,742.3901,1167.769,856.6634,901.0998,440.44,1601.641,1211.537,2132.966,1349.29,1608.605,1048.228,1785.984,763.3398,963.2123,851.0433,1211.532,1511.573,1375.079,1383.561,1020.742
"195",185,"Factor #185",7.0446,34,55.18949,1262.468,689.0107,974.7828,2051.67,2069.507,1564.261,537.5533,862,1842.161,561.818,963.1065,1415.224,378.0865,870.4172,1830.372,339.9318,819,694.178,1028.962,718.3992,1995.557,1178.353,1581.84,596.9439,1027.056,15.87579,883.3795,545,261.9372,1051.803,2012.596,913.8286,761.6621
"196",194,"Factor #194",7.0472,34,22.39537,1011.663,996.1166,996.4567,1251.725,2158.195,1653.47,582.7465,612.2258,826,619.6148,739.7459,1038.566,580.2998,816.8219,1035.624,911.9845,953.2422,615.1595,879,1028.776,2131.054,1121.18,1311.52,744.586,967,863.5265,521.5951,775.1781,645.582,1161.913,707.546,1363.964,1699.176
"197",198,"Factor #198",7.0763,34,7.652686,114.4176,29.85742,154.1421,305.0163,131.9227,120.6184,6.240009,704.6508,113.2364,9.882156,1320,200.9684,21.08946,413,456.7774,11.51072,532,49.19071,645.1478,54.30906,341.9108,191.3019,902,51.50895,577.8215,34.17903,379,464.2393,22.3533,1357,100.4833,15.90945,989
"198",191,"Factor #191",7.125,34,43.96693,478.5432,558.8559,514.03,610.5002,263.002,437,240.0598,115.1252,427.6748,336.5997,398.8428,700.6327,182.9979,334.0207,803.014,414.2115,410.9295,313.9033,502,742,735,1002.419,616.6146,304.1701,502,145.2237,326.5096,152.8533,212.4535,634.6888,537,406.4214,590.0556
"199",200,"Factor #200",7.1896,34,21.41983,394.641,269.6373,404.7427,461.6905,38.69677,89.46386,454.2762,324.5525,98.91539,552,266.5942,734.0519,427.1114,58.99759,158.237,367.6787,364.4894,593.573,583.581,34.82621,514.4128,78.02237,300.1046,374.7647,257.9081,486,13.55748,184.3656,489.6521,305.6233,7.388019,545.3072,7.463832
"200",199,"Factor #199",7.1931,34,18.65405,333.7607,257.3972,327.3563,397.0338,243.2477,405.77,584,266.3596,370.0719,246.6341,210.5187,337.455,737,324.7254,257.4161,1040,207.7081,492.0388,235.8718,373.0209,357.3578,195.4585,221.1543,417.4205,57.36576,262.6422,435.0745,154.2831,838.687,242.7542,427.6172,755.5128,237.8698
"201",201,"Factor #201",7.2169,34,333.351,6821,5959,6234,6533,7302,7848,3143,4845,7451,2434,3882,10384,3273,7730,6945,4247,5430,4882,7672,8322,7901,4533,4642,3991,7993,4072,10208,2915,5046,4754,9257,4623,7356
"202",204,"Factor #204",7.2221,34,300.723,6795.164,3818,6185.492,3276,7205.176,7760.925,4345.951,4845,7444.086,3342.683,3893.054,10384,3203.041,7730,6937.035,4164.133,3713,4758.2,8673.735,8321.881,7970.178,4591.493,4621.012,3916.308,5548,2718,10138.13,2652.361,4921.985,3044,9235.162,4527.06,7258.044
"203",202,"Factor #202",7.2441,34,284.7125,3834,3818,3873,3653,7299,4038,2917.793,3352.102,6729,3285.513,3778.348,10172.83,2216,7685.196,5664,2674,3788,2740,8529,8291.097,7629.185,3714.865,3049,2334,5210,2323,10138.13,2652.361,3099,3880,9015.833,4527.06,7180.94
"204",205,"Factor #205",7.2812,34,88.35301,3112.211,2528.447,3056.78,2904.745,3108.548,3394.18,2044.695,3203.874,3242.537,1904.958,2099.234,5038.088,1812.571,3180.262,3378.353,2037.765,3513.504,2208.14,4078.521,3717.044,2312.255,1885.425,3049,1759.848,3422.054,1810.991,4577.437,6310,2285.291,3880,3596.491,2069.909,4311
"205",209,"Factor #209",7.2876,34,129.6109,3611.347,3310.929,4127.22,3966.435,4063.257,4385.356,2994,3172.109,3488.879,2368.309,1962.652,5822.507,2045.952,4338.919,3335.529,2264.29,3555.861,2384.086,3968.978,4176.817,4228.651,1960.129,2586,2092,6450.594,2625.131,5316.531,1511.001,2979,2766.153,6433.813,2580,4350.364
"206",207,"Factor #207",7.3174,34,110.6592,3661.594,3255.982,2135.012,3966.435,3726,4583.397,2641.892,3081.767,2916.329,2322.971,1489,6936.449,1640,4788.941,2427.998,2574.575,2433.815,2788.79,5386.004,4565.356,3086.114,2940.079,3127.868,2092,5210,2192.169,5853.326,1152.519,3080.505,2573.953,6062.939,3048.218,4302.028
"207",211,"Factor #211",7.3425,34,19.2168,2271.567,2395.548,2105.776,1894.911,3112.821,3155.098,2145,2094.948,2541.637,1313.448,1489,2952.419,1038.216,4263.822,2424.435,2356.914,2519.246,2323.599,3474.998,3416.474,2862.635,1399.477,2461.663,2106.695,2840.951,1762.324,3870.702,1314.969,2218,2368.51,2372.772,2490.291,3197.131
"208",206,"Factor #206",7.4104,34,29.91805,2010.657,943,1936.638,1768.438,1935.965,2045,1851.963,1406.174,1475.267,1459.746,983.0763,1788.314,1166.845,1506,1083,1459.529,1960.115,1147,2003.076,1526.867,1620.024,930.6609,1934.036,906.8961,1902.703,1197.252,2834,272.8088,1279,1690.765,1988.039,1772.312,2911.815
"209",212,"Factor #212",7.4134,34,46.24919,1320.625,1396,1961.27,1771,1786,2547.529,1835.393,1178.78,677.4779,1634.115,849.0117,1029.902,555.6054,1326.18,1838.768,1171.194,986.2466,1669.709,1490.716,738.0506,794.3874,752.6261,945.6394,1287.547,801.6143,1623.358,3753.148,963.0161,1004.958,883.8238,2301.737,1942.991,2353.762
"210",203,"Factor #203",7.436,34,21.65866,1226,1348.027,1262.11,1299.162,1636.774,764,711,1065.274,1007.712,1325.037,849.0117,1483,519,1441.054,1075.596,736,1221.856,786,1490.716,984.4552,976.4334,637.4129,883.3512,1232.476,848.0362,738,1469,556.2981,856,1123.778,1551.728,539,2353.762
"211",208,"Factor #208",7.4399,34,18.76154,1190.271,1462,541,1509.155,1133,732.4625,700,1178.78,935.1569,639,959.5208,1114.763,600.8934,1820.22,1075.596,603,1221.856,1428.248,1325.251,801.9272,1037.287,679.6092,999.6641,1222.134,691.4389,777.5481,1367.256,411.8513,1114.619,883.8238,1136.947,1293.625,2353.762
"212",210,"Factor #210",7.4421,34,21.93247,887.2171,801.5495,728,1176.697,1465.728,764,881.6157,810.6578,838.4549,1208.968,766.4443,1029.902,941.2596,1207.055,906.5649,1009.835,1366.916,1114.677,1085.463,801.9272,711.636,831.3494,1212.425,1054.411,801.6143,619.8931,1367.256,572.3845,1114.619,1043.501,1136.947,1057.31,1171
"213",216,"Factor #216",7.4501,34,13.21686,419.0733,411.2387,484.7962,386.8796,467.4807,402.3547,283.1896,302.7722,844.1893,322.9303,211.5624,1049,220.1874,548.5778,809.4997,366.0872,304.2197,424.4881,920,950.8679,1085.017,1127.515,248.2289,305.3161,690.2802,276.7587,417.3681,140.8716,350.5498,332.0381,1134,325.2097,643.236
"214",217,"Factor #217",7.4556,34,2.79508,273.7079,218.4394,279.6507,291.3293,367.4963,280.1573,168.0828,762,71.65709,153.5584,1632,318.9692,199.6412,297.6938,275.977,279.0073,753.6658,249.7876,374.4133,256.9509,333.8778,246.1725,823,195.3788,375.9897,142.2554,691.8545,323.7639,261.7109,1373,253.2553,205.052,838.924
"215",214,"Factor #214",7.4797,34,3.740063,539.2865,443.6598,452.1612,502.8396,339.3155,372.9714,190.0304,338.206,1309,262.4721,311.0886,1413,141.4549,260.9503,1374,261.1299,283.7677,174.946,988.5103,1334,1492,1401,276.8135,345.1277,1578,217.5475,209.5755,257.6911,215.6038,334.6086,1134,222.4482,265.1006
"216",213,"Factor #213",7.4932,34,6.924497,664.4974,532.5131,493.7265,417.0112,811.6852,650.0009,612.6631,608.4961,367.8404,546.7439,490.9855,843.1995,206.2732,1207.055,292.6301,453.7397,439.9781,503,525.7624,554.8111,457.9001,266.5351,863.6956,345.187,406.3238,334.8216,1314.724,278.7953,591,617.6893,571.7753,508.8182,489.0443
"217",215,"Factor #215",7.5293,34,5.649485,107.3087,383.7401,222.3886,122.7045,344.8929,239.1441,31.68717,252.6737,505,35.95354,207.1174,1151.701,48.14582,96.23281,577.5421,50.02768,158.6505,150.5457,871.1041,702.787,1454.147,603,269.0689,299.2998,697,47.13167,99.96923,99.74364,152.748,236.847,740,44.57309,94.64231
"218",220,"Factor #220",7.5531,34,10.49735,105.6289,200.5081,275.3317,199.3408,337.9878,282.0938,74.83685,190.329,762.1374,80.52519,152.1643,422,100.1002,155.3005,543.9579,103.0173,232.5682,113.4335,321.4934,515,313.4577,612.5645,177.9154,68.81787,1252.346,50.74378,148.3849,254.9584,64.20896,230.0021,828.8447,100.8281,123.8649
"219",218,"Factor #218",7.6029,34,4.225997,194.9358,311.7739,435.9156,321.1359,247.0438,351.009,126.5674,1278,105.8807,202.5839,1038,68.8145,116.1802,341.2703,64.85798,132.6877,1147,137.6752,28.31046,21.91155,40.20651,62.79983,1808,130.3832,48.39775,114.3909,280.9627,972,150.2997,1237,16.34613,129.1683,980
"220",221,"Factor #221",7.6462,34,3.768945,499.895,716.359,443.9859,395.1712,116.9408,234.0999,983.6804,186.3684,626.5253,516.5418,197.8318,335.7887,352.0607,109.9835,511,855.2326,147.5276,783.2156,484.5151,779.0679,592.0232,459,149.517,653.7783,497.6495,285.6871,91.88391,139.6535,608.3866,157.9926,472.9632,702.0324,137.9529
"221",219,"Factor #219",7.6496,34,4.173826,317.2495,269.0548,435.9156,340.4932,355.6172,359.2646,151.6604,1041.816,67.48994,95.02521,714.6213,75.12132,120.736,314.6349,38.94545,123.8879,1121.207,133.7764,100.8606,88.05028,71.28321,116.6999,1081.89,107.1801,100.5918,124.7732,188.2999,745,143.3836,1282.295,25.79412,135.4351,1075
"222",222,"Factor #222",7.681,34,10.83405,457,441,451.0978,425.7634,367.7842,318.9413,441.235,476.699,310.9288,406,728.0443,299.906,379.2933,168.8891,296.0004,485.211,456.6346,488.8537,324.1977,340.3362,353.4821,428.895,436.8374,571.9755,277.7576,389.4873,56.75103,92.98139,437.5548,806.2185,245.6281,403.1319,361.6926
"223",223,"Factor #223",7.6904,34,20.70056,893,807.5497,601.7915,804.0226,633.2817,628,969,244.2033,662.9762,578.1934,291.9632,359.7619,1099,133.6618,727,1155,193.5997,1052.788,977.7514,852.8123,778,996,284.551,1136,808,1020.765,83.37256,247.7409,858.0396,274.5366,688,1169,235.4716
"224",224,"Factor #224",7.6979,34,6.722023,908.7604,778.4828,685.4488,759.5553,633.2817,672.6069,1025.456,257.2495,669.8432,621.0366,247.3705,357.9628,1123.45,58.22084,680.2781,1177.748,154.1912,1041.471,937,957,772.9442,981.5943,243.6445,1203.2,747.2739,1038.581,103.4086,231.5549,949.763,278.9223,614.1782,1230.416,198.0051
"225",225,"Factor #225",7.7001,34,22.38843,622.9572,592.2715,588.1694,627.6809,583.2807,579.524,898.9742,597.0304,355.1344,430.5735,637.8268,364.9113,1205.451,236.4396,336.8591,1173.493,471,946.8291,349.086,351.8629,396.5526,453.9604,576,1047.918,343.8554,481.9172,145.7347,525.8391,1055.599,846,358.501,1083.725,677
"226",228,"Factor #228",7.7272,34,38.61011,3523,4664.938,4710.26,5120.577,4536.604,4295.97,8298,163.7539,3470.711,3536.402,279.5092,5220.575,7370.951,35.98201,3217.204,8372,88.17647,9374.784,2449.874,2223.948,3763,2768.437,103.3594,8127,3707.434,3685.436,58.92187,18.82758,7659.328,221.3279,3374.156,8724.507,23.92054
"227",226,"Factor #226",7.7313,34,37.27374,5281,4636,4554,5084,4504,4263,8298,166.9195,3255,3503,290.877,5221,7308,37.67466,3217,8372,110.2321,9327,2450,2143,3823,2768,132.8565,8127,3707,3639,61.605,20.58362,7621,252.0753,3374,8677,83.11402
"228",231,"Factor #231",7.7513,34,15.89955,1917.425,1594.712,1495.751,1801.889,1636.472,1281.082,2890.479,266.6785,1197.81,1136.396,673,1477.093,2840.415,182.8347,1111.744,2919.356,256.2031,3052.759,572.096,997.3295,1390.481,930.7544,292.4592,3204.143,962.8507,1499.591,127.5002,120.7046,1853.145,493,1035.919,2391.334,354.5386
"229",227,"Factor #227",7.7738,34,4.439477,1167,3637.78,2526,2537,2606,3129,5768.218,164.6178,1107,3085.279,241.828,2434,6125.64,13.2523,2557.421,7962.132,40.49881,5722.778,1049,2223.948,3114.9,2235,82.95998,4947.336,1358,2659.995,58.36355,19.3384,3983,116.2402,2790.687,7445.061,32.28088
"230",229,"Factor #229",7.8166,34,5.256867,2111.462,1086.323,1119.88,2404.348,1445.153,2907.603,2692.956,142.2748,818,2114.134,119.066,1639,4415.022,12.99714,896,4983.88,34.54619,3204.215,1049,1094.891,552,528,14.04691,3713.031,1261,2142.966,14.14601,6.288075,4032.474,34.87127,1701.317,3155.125,12.01602
"231",230,"Factor #230",7.8263,34,4.312763,1966.757,814,1503.587,2340.042,2266.781,1368.661,2557.095,31.71443,1332.32,2156.324,191.0774,2119.9,3832.502,22.71764,1465.858,4942.035,88.15044,2995.622,894,958.2194,1484.143,625.7782,11.04313,2221,1420,2399.753,12.57097,4.630857,4040.161,18.87607,1560.689,5186.953,10.02628
"232",233,"Factor #233",7.9201,34,42.92243,467.7953,399.423,347.6256,324.9632,361.1954,374.277,1569.573,228.7666,286.0948,879,310.4665,297.5689,1370.886,143.5819,313.9299,846,191.4536,1158,388.9765,321.3578,393.7915,344.682,205.4496,1477.598,341.3405,795.2696,246.6842,104.7876,1724.869,222.9669,245.684,1324,220.6187
"233",234,"Factor #234",7.9238,34,31.24491,420.3688,376.8993,391.6568,324.9632,311.9988,481.6935,1958.681,154.3962,434.4076,873.3797,239.2548,335.1168,1361.9,150.4159,401.0296,2038.641,200.5038,1978.618,429.4499,437.7561,385.0474,318.9342,223.1742,989,372.1301,891.7828,148.5027,101.6181,1764,356.329,383.0828,1796.185,151.3103
"234",232,"Factor #232",7.9266,34,24.66258,448.343,352.125,376.5928,338.3394,295.2425,405.5293,266.9401,459.0537,433.2434,223.5421,707,342.1284,434.635,108.2967,391.048,404.3935,408.9249,467.7374,303.6394,326.0222,401.4221,566.1838,458,357.0887,312.5425,225.6356,271.7064,266.7122,322.1307,704,361.4944,341.4242,394.7841
"235",236,"Factor #236",7.9318,34,18.31499,489.2215,397.5351,379.5338,443.5365,383.4513,374.277,1877.518,223.0166,330.2831,833.9651,315.1604,369.316,1151,215.3595,644.3439,996.6184,272.1509,1103.687,571.4733,743.0302,733.6187,270.8383,259.9143,1040.18,386.1877,891.7828,181.2659,157.8907,1817.358,468.1734,383.0828,568,178.5856
"236",235,"Factor #235",7.9434,34,13.31198,599.4027,511,517.2014,577,622,515,529.6014,231.1681,863,216.2699,349.3537,584,769.8013,219.5259,941,526.656,212.2823,563.1822,916,705,1127,946,257.9569,493.7125,913,371.2259,140.9742,180.3412,178.7595,460.4413,923,515.8015,207.2966
"237",238,"Factor #238",8.0032,34,24.03788,762.5199,720.3202,923.4254,976.3999,1052.386,764,457.1207,484.12,1160.086,243.0384,523.4765,1251.272,406.8997,361.3076,1640.354,438.9608,589.0543,604.1426,1985.592,941.1029,1202,1310.003,593.9073,354.2402,811.8129,300.406,261.4495,355.1325,312.611,788.0754,981,455.3022,558.4353
"238",237,"Factor #237",8.0149,34,23.32084,781,728,923.4254,1367,1080,1100,100.5843,413.1392,1379,180.6466,620.2189,1515,148.6425,361.3076,1726,160.1307,580.176,139.4836,2171,2207,2378,1555,653.8533,225.1377,1833,277.9427,244.6233,346.4804,195.9228,816,1690,185.3359,675
"239",239,"Factor #239",8.0154,34,17.03584,785.2866,729.4628,923.4254,1308.764,1052.386,1064.098,82.80652,494.3042,1245.692,195.8973,697,1446.075,131.119,330.2135,1600.808,128.1605,589,94.86415,1647.256,1789.501,1993.065,1310.003,664,203.7626,1336.053,296.748,244.6233,339.1425,175.8883,796.8793,1492.424,175.7925,627.8348
"240",243,"Factor #243",8.1175,34,12.15565,4158,5767.476,4779.225,4815.153,2393,3598.635,934.6535,3962,7099,2897.375,2351,6721.775,188.2533,3335.23,5958.014,823.909,4101.018,415.3116,7279.865,5785.796,7727,6674.343,2288,911.4962,5266,1301.95,1426.164,4659.374,695.3563,3040,4823.658,629.9072,3598.485
"241",240,"Factor #240",8.1243,34,12.02015,5431,5735,4753,4778,3692,3523,935,4803,7099,2609,4385,6918,293.9604,3278,6264,847,4087,555.9325,7743,6388,7727,6801,3422,928.8919,5266,1246,1426.164,4636,840.9434,4512,5089,682.8545,3581
"242",242,"Factor #242",8.191,34,3.158799,2326,2296,2590.094,2747,2413.355,2526.901,793.6686,2602.441,3682,1595.309,3152.102,2716,216.4176,2851.943,3132.25,779.7748,2257.434,546,4493,3302,3748.477,3555.355,3026.255,815,2986.141,949.3898,1339,2822.88,769,3392.201,3129.284,681,2374.888
"243",241,"Factor #241",8.2296,34,13.03198,5189,4544,4608,5184,5345,5172,2631,4849,4185,3165,7946,4722,1479,3699,4137,2538,5251,2627,4545,3134,5450,5012,5502,2823,4593,2040,3588,2692,2806,8963,4544,2879.324,6425
"244",248,"Factor #248",8.2315,34,5.470935,2226.981,3824.507,2268.091,3437.633,5173.612,3073.862,1280.571,3221.29,4185,2749.751,3384.594,4930.744,1098.784,3599,2536.911,1744.756,2274.265,1179.196,2127.765,3148.893,2382.739,2893.46,3671.303,2849.839,4331.33,966.1956,3592.273,2187.746,1453.458,7408.731,3947.8,2879.324,6135.048
"245",244,"Factor #244",8.2347,34,11.15759,5213.285,4568.72,4632.814,5037,5369.475,4487,2650.017,3909,4208.018,3189.465,7961.919,4930.744,1478.558,3705.918,4159.783,2565.044,5640.269,2643.06,4565.695,4188.882,5477.916,5038.745,5521.885,2849.839,4618.444,2596.404,2980,4091.592,1632,8963,4567.897,2686,6439.372
"246",247,"Factor #247",8.2475,34,6.36049,639.5617,2023.25,1821.135,2110.882,2016.424,2043.61,517.2679,758.8797,1782,621.7397,2185.2,2493.144,117.0293,907.8012,2738.512,596.4933,622.5503,384.2191,2591.16,2335.657,1816,2940.11,1934.852,555.004,2132.231,589.6074,891.2482,2113.45,453.0178,2374.734,2023.28,490.832,1813.172
"247",249,"Factor #249",8.3013,34,34.73457,600.153,576.5157,1133.695,816.9035,885.6316,855.3986,809.5816,836.631,1541.876,2474.57,3094.625,4014.847,466.4666,3625.232,609.4364,774,4509.937,1082,648.6557,2203.873,1025.646,2890.425,3291.482,546.1073,4618.444,562.5647,3508.07,2306.568,2107.204,1639.88,991.9197,923.7147,2733.604
"248",245,"Factor #245",8.3034,34,9.540177,1193.988,1079.656,1469,1111.414,1186.489,931.9184,1253.65,861,1541.876,1080.631,2254,1024.063,683.0018,1479.915,1631.248,1139.269,2700.052,1097.549,1901.266,914.3322,1313.543,793,3469.811,1032.341,945.6083,926.8028,2295.097,1026.434,1253.548,1639.88,966,1032.487,1146.607
"249",246,"Factor #246",8.3341,34,27.10714,726.4845,679.3772,846,816.9035,702,785,932.4566,1010.609,1197.364,588.4406,2457.361,613.8743,737.0693,1160.327,1473.144,864.507,744.0237,796.1914,648.6557,762.7243,1113.468,761.3317,829.8307,927.7132,601.2723,674.5881,792.0642,590.5345,990.1623,1563.71,1065.546,815.4905,2333.69
"250",251,"Factor #251",8.3518,34,51.28104,408,364.2306,366.0079,402.1075,323.4879,449.3553,966,167.7231,193.6997,806.3213,148.7242,172.8798,946.4632,111.8649,206.6726,1077,172.5775,1258.001,204.4305,176.0809,174.1766,203.5788,150.4634,1176,253.3402,913.6022,152.3096,117.3249,1069.449,220.9058,168.8864,1217.184,147.8337
"251",250,"Factor #250",8.354,34,13.2677,334.7252,426.116,379.7548,508.0592,359.5593,488.3418,1313.231,70.69747,144.9758,947,105.6352,172.8744,1104.923,30.94496,175.8803,1249.942,55.08226,1358,181.4624,167.0721,186.7208,218.1489,78.7225,1207.621,254.8285,1004,58.96482,92.64147,1109.808,162.6959,186.1225,1339,61.64092
"252",257,"Factor #257",8.4375,34,15.52842,12783.62,12075.27,2642.864,4325.75,11914.14,3064.992,4139.327,14879.43,9821.282,3190.692,17180,9365.169,3489.275,8732.215,7586.29,5059.542,13941.09,4474.005,8189.72,7480.282,12962.74,14797.35,14943.99,3192.002,6428,2591.307,12155.66,7677.434,3197.666,18604.52,9121.286,4977.145,14125.12
"253",258,"Factor #258",8.4469,34,242.069,8301.122,7493.009,7517.075,9842.02,11086.46,10389,3822.617,9081.516,5938.013,2322.968,10930.02,6100.71,2430.744,8995,5825.759,4178.447,8990.662,3231.957,4859.954,5033.076,8190.868,8814.07,9781.274,4341.903,6499.57,1915.74,6278.752,4733.199,3061.114,10384.37,5963.36,4334.958,10192.87
"254",252,"Factor #252",8.4497,34,32.3153,13923,12051,12068,12413,12188.44,10531,5417,15653,9924,3758,17780,10639,3489,8826,9614,5489,15134,4888,8388,8674,16238,15325,16152,5643,10504,3167,12303,7675,4758,18583,9208,5370,15614
"255",256,"Factor #256",8.4501,34,14.81239,13948.51,12075.27,12093.51,12424,12188.44,10556.35,5416.686,15658.73,9821.282,3757.657,17800.64,10599.62,3489.275,8844.001,9518.825,5504.529,15152.15,4888.225,4933,8483.629,16194.09,15295.41,16152,5645.485,10411.85,3172.648,12322.9,7692.272,4778.325,18604.52,9121.286,5370.474,15630.53
"256",253,"Factor #253",8.4512,34,14.78985,13948.51,12051,12068,12424,12188.44,10556.35,5416.686,15658.73,9340,3757.657,17800.64,10599.62,3489.275,8552,9614,5504.529,12813,4822,8388,8483.629,16238,15295.41,16152,5645.485,10504,3172.648,12322.9,7660,4778.325,18604.52,9121.286,4521,15630.53
"257",255,"Factor #255",8.4572,34,63.38881,13948.51,12075.27,12093.51,12440.61,5757,10531,5394.068,15658.73,9821.282,3599,17800.64,10599.62,3489.275,8844.001,9518.825,4523,4242,3531,8246.002,8483.629,16194.09,15295.41,16171.52,5643,10411.85,750,12322.9,7692.272,4778.325,18604.52,9121.286,5370.474,15630.53
"258",254,"Factor #254",8.5594,34,8.497874,698,994.9263,923,2529.996,2057.023,3286,1121.074,906,1792.964,380.9568,2508.155,1480.538,691.6696,1748.855,1314,1298.322,3562.797,1209.199,1423.533,1412.743,3833.005,3155,4949.816,713,3406.317,456.5854,3160.484,1100.87,754,976,2692.685,1066.97,5490.574
"259",260,"Factor #260",8.6612,34,18.48086,3571.346,2600.278,1707.87,945.5994,1378.777,813,1351.928,451.7856,3396.214,881.7452,630.3635,3143.581,3312.865,380.7136,1321,2829.439,617.1718,4064,4651.407,5353.479,1277.408,3822.713,621.013,1252.78,1294.931,2641.098,569.1569,284.1284,1079.86,1321.992,3935.039,2968.811,916.957
"260",259,"Factor #259",8.6788,34,24.2349,3897,3413,4648,5833,5294,5764,2182,445.413,3396,985,596.6368,4026,3813,356.9562,4650,3245,571,4232,5001,5861,7246,4873,626,3738,5529,2792,526.3117,300.4927,4432,1361,5647,3918,899
"261",261,"Factor #261",8.7069,34,34.43463,2128.428,1902.291,2496.949,1523.176,1323.718,4952.645,1588.048,451.7856,2308,242.7845,596.6368,1323.533,1954.748,394.6628,1803.684,975.152,617.1718,3685.634,2153.484,2214,3783,2423.417,621.013,1800.78,3045.149,2641.098,176.2802,199.0796,4016.339,1321.992,4636.546,3376.48,893.1174
"262",263,"Factor #263",8.7249,34,4.520229,1074.195,866.051,1032.06,967,1959.324,831,752.6697,317.9475,1060.17,238.1248,456.1179,999.4359,880.1025,209.9139,1027.337,1186.335,412.8685,1366.282,1004.094,1122.977,1160.359,1209.499,525.2423,1632.586,1036.877,927.9028,191.0468,254.2673,1857.125,628.4278,880,794.1823,431.7592
"263",262,"Factor #262",8.7284,34,7.414903,736.0839,669.5243,674.0992,637.5989,451.7121,471.7239,149.9511,625,615.2439,102.9727,1075,567.8873,128.8422,23.62988,609.4654,97.47157,506,216.4881,730.9626,561.3679,760.4332,754.4269,786,128.3936,708.6103,179.4037,249.0763,461,90.30854,946,539.948,266.7553,666
"264",267,"Factor #267",8.8126,34,23.5148,2345.074,2367.264,2402.831,2466.05,2165.217,2013.296,2556.002,944.9866,3183.18,2899,741.3749,3022.246,2554.842,400.9722,3009.215,2406.42,955.8416,2616.839,2283.121,2943.641,2624.437,3151.738,762,2647.609,2076.296,1639.112,1400,490.1531,1995.777,639.4185,2394.35,2571.014,983.12
"265",264,"Factor #264",8.8156,34,22.08368,2513,2503,2561,2695,2395,2288,2765,911,3370,3000,767,3116,2898,398.702,3470,2608,987,2922,2743,5395,3043,3422,984.1035,2715,3513,1699,941,496.7501,2208,692,3246,2794,1003
"266",265,"Factor #265",8.8413,34,9.696962,2195,883.4536,864,818,2204.68,1949,2114.186,387.1858,833,2591.527,672.5756,2578.151,2534.973,87.83039,3340.217,2525,959.6901,2504.148,2132.064,2654.299,2708,3399,984.1035,1246,2796.455,1639.112,1236.522,508.8033,1973.471,637.9577,2815,2586,983.12
"267",266,"Factor #266",8.9049,34,12.87903,469.7821,554.1819,419.4965,770.6747,1903.953,1387.312,793.27,212.9486,596.9424,897.0663,251.4885,797.9314,835.0186,106.5421,898.0707,868.4498,159.2993,962.5052,784,1133.924,989.0135,998.1035,515.4307,945.5826,1160,660.9911,270.5083,270.2416,898.2337,158.1545,952.1786,856.8977,357.0329
"268",272,"Factor #272",8.9128,34,12.21526,378.2771,361.0232,388.0575,415.8512,236.7795,230.5323,429.9037,78.02066,642.2903,181.4062,61.17746,609,474.9439,22.06695,766,257.8542,63.56991,241.5834,451.6547,559.7456,795.5812,727.0325,73.05793,396.129,704.2044,278.3146,126.6044,49.97923,359.2298,49.61823,583.0425,395.8036,130.1304
"269",273,"Factor #273",8.9165,34,22.51712,576.4619,554.1819,497.4111,505.6295,997.7105,519.4837,793.27,383.4471,642.2903,838.2888,250.7876,609.7058,1054.844,70.85,465.3817,965.6611,460.9985,809.0459,526,2630.765,490.7531,808.3169,633.3876,925,573.2515,729.5482,416.2213,1787.897,612.311,364.7175,607.1265,940.5493,304.8186
"270",274,"Factor #274",8.9276,33,15.65553,398.3786,329.6725,440.0416,505.6295,1101.611,863.5762,930,169.8078,596.9424,838.2888,156.6539,0,1229.4,70.23114,523.5839,1255.372,211.7314,994,781.0068,787.2783,448.6706,571.3174,269.9517,1067.742,573.2515,832.273,475.2201,470.7333,1059.659,149.6379,607.1265,942,314.2784
"271",270,"Factor #270",8.929,34,31.20386,849.9842,700.6071,763.548,647,404.345,683.2744,891.9364,757.8077,358.8348,858.8568,259.1406,419.5493,1262.244,92.11511,332.3703,969.183,802.0279,911,290.8106,511.459,369.1872,348.3639,909.3819,1094.649,351.1848,823,307.2386,2652.515,962.2763,492.382,309.151,1103.806,847.4264
"272",268,"Factor #268",8.9347,34,27.92554,852.8158,803.1977,779,807.2339,771,757,1096,937,110.0342,859,264.832,361.1791,1370.622,81.25413,213.598,773.9233,819,1104.197,274.5271,83.43797,369.1872,289.812,925,1094.649,234.0607,822.7207,290.6461,2834,930.9821,528.9562,174.6264,1124.889,900
"273",269,"Factor #269",8.9409,34,35.04868,653,758.1949,721.1782,668,806.8841,773.4682,1171.693,687.2663,339.3932,776.6571,330.9239,406.4154,1401,67.52441,287.2873,1131,679.4567,1364.769,274.6184,240.4037,369.1872,282.9484,909.3819,1207,249.7794,870.6519,475.2201,2181.331,1274.205,455.0947,268.8656,1225,676.9289
"274",271,"Factor #271",8.9469,34,8.926918,198.2646,350.0414,345.7035,317.3294,437.2912,285.9744,1396,127.9465,150.4383,484.6941,45.60443,187.3652,1523.396,11.46646,106.2059,1328.951,120.7925,1532.848,109.7255,168.6469,111.3324,170.3433,142.4368,1207.24,92.21677,832.273,475.2201,290.8686,1304,62.62699,76.34911,1320.599,140.6075
"275",275,"Factor #275",9.0532,34,12.93849,202.4029,143.5459,272.0518,438,382.5433,406.0104,186.5661,171.6188,286.2571,53.31593,286.7019,264.0359,246.1723,101.6806,467.7874,167.2972,128.1641,210.5556,519,495.0685,493,239.4044,153.7943,227.9308,640.2546,188.8039,92.80273,274.9554,278.6997,346.3557,524,310.8379,194.4874
"276",279,"Factor #279",9.1381,34,14.2126,5141.96,4460,4745,5185,5323,5467,5685,113.1073,2148,3372,199,3025,5190,37.11163,2007,5896,129.7682,8132,3725.006,1417,3257.716,3058.392,126.1341,6118,1867,3713.887,65.11681,40.93102,8151,225.6143,4066.673,6220,129.7953
"277",276,"Factor #276",9.1419,34,15.63884,1004.927,939.9798,1224.36,1378.535,1085.517,1280.261,1206.608,538.578,1420.972,292.7643,955,838.0113,1093.418,113.3218,1305.989,1273.12,344.9465,1695.608,1812.068,2036.689,1709.981,1829.674,607.6359,1268.464,2157.111,673.4665,27.63195,60.33091,1622.76,817,1320.298,1249.038,300.7294
"278",286,"Factor #286",9.1428,34,14.93023,5158,4160.808,5308.134,5671.922,5312.358,5488.477,5690.402,134.443,9672.028,3366.779,234.1393,4121.853,5189.776,369.5343,8206.649,5896.714,195.3619,8128.128,13854.19,11896.17,5707.589,9193.03,208.8478,6118.098,16011.56,3773,58.38688,12.61288,8213.134,1000.366,8354.464,6219.624,117.0157
"279",282,"Factor #282",9.1579,34,10.50218,5435.153,5684.64,5812.076,6956.71,3978.7,6441.624,5392.693,2172.934,10681.41,3249.547,950.0701,4871.946,4333.403,643.7955,8957.811,4684.077,409.183,4300.815,13977,13681.82,5710,8363.476,482.9075,4037.485,18381.47,3098.147,91.46415,893.9927,5452.758,1137.741,10615.39,5102.04,399.7813
"280",278,"Factor #278",9.201,34,9.481931,9632.194,8625.741,8502,9193.586,7849.301,7162.738,6220,1620,16284,3369,7082,6150,5625,1050.818,16375.72,6449.051,2725,5963.898,19614,20145,22557,24164.89,3677.532,6941.696,20083,4598.779,934.2818,1278.145,5379.804,6300,14992,6209.287,1412
"281",280,"Factor #280",9.2044,34,9.455249,9632.194,8625.741,8525.507,9193.586,7849.301,7162.738,6572.947,3196.923,16342.45,4054.715,7094.406,6149.676,5929.887,1050.818,16375.72,6449.051,3139.25,5963.898,19670.28,20145,22634.79,24164.89,3677.532,6941.696,20083,4598.779,934.2818,1278.145,5379.804,6916.371,14992,6209.287,3471.274
"282",277,"Factor #277",9.2109,34,2.492089,9611,8603,8502,9170,7829,7141,6423,3190,16284,3962,7082,6150,5684,1022,16316,6244,3135,5800,19614,20145,22557,24123,3523,6643,17947,4559,935,1260,5194,6905,14992,6128,3465
"283",284,"Factor #284",9.2716,34,7.737068,1444.662,1103.294,7640.192,8682.331,7359.633,6845.032,3308.107,1236.26,6729.714,873.491,5336.143,4584.024,1327.861,932.9121,4239,5618.739,1704.767,5753.318,10871.08,3532.248,6854.277,11110.38,1588,2682.96,10789.23,1100.767,640,884.581,4111.907,5955.043,9449.341,2346.891,3315.851
"284",281,"Factor #281",9.2993,34,7.01731,953,1663.355,1241,1474,1408,1229,1421.021,766.0157,4503.297,1045.173,1325,954,1474.454,624.1442,1415.485,1687.223,1398.001,1624.895,5483.051,2963.819,5771.779,4035.091,1173,1811.631,6150.308,1614.848,344.5971,815.9937,1683.861,2325.287,6860.127,1894.379,1113
"285",287,"Factor #287",9.3054,34,18.65843,188.9565,166.1686,196.9974,213.933,232.5466,310.5458,810.301,58.41419,521.0877,803,222.7332,306.8663,2129,103.7558,565.5911,796.8969,187.5859,1036.271,613.5143,435.204,940.8881,876.7474,256.5063,899.8667,596.3943,1337,90.9216,39.97709,826.7586,267.5447,822.2046,956.0264,154.5048
"286",283,"Factor #283",9.3094,34,17.66859,974.5253,969.1906,4102.834,4509.69,4149.231,4802.333,1251.607,678.4466,3436.904,655.0497,2190.582,823.7117,1863.173,572.2706,6462.349,948.2884,492.6581,1312,5990.488,4832.075,6994.727,877.808,1597.264,1402,3851.694,1312.213,150.924,512.3662,954.0149,2567.122,945.1497,1035,1690.231
"287",285,"Factor #285",9.3219,34,34.82488,287.6158,305.8551,345.4052,363.8232,345.6563,382.7825,852,161.4798,692.4576,655.0497,159.6445,144.6728,930.7141,54.01852,419.93,896,87.75414,1060.238,436.098,594.1739,813.7631,835.6272,219.5663,989.3153,372.61,1028.881,43.00374,38.86337,978,290.4514,1087.185,1045.813,94.76496
"288",288,"Factor #288",9.4068,34,14.20829,676,609.994,446.8544,577,376.0307,576,751.7064,140.101,370.1412,309.1872,207.0873,496.2058,780.527,105.84,278.1869,855,95.21936,893.4936,232.3753,233.9804,380.6831,243.9727,179.4376,857.8072,424.588,398.3323,133.202,104.5236,725.4558,187.4675,190.7454,826.2447,176.9331
"289",289,"Factor #289",9.4094,34,17.19805,801.5381,714.036,694.3656,732.0014,621.5559,632.0486,734.898,250.6358,397.2222,459.1394,703.445,539.1784,944,351.7892,398.0165,770.475,341.6958,871.8891,350.9564,349.118,380.6831,432.2102,209.8823,733,454.1806,514.1227,368.8793,292.3497,712.4174,568.2684,392.987,759.232,577.3203
"290",291,"Factor #291",9.4191,34,20.38252,1384.874,1222.277,1258.529,1295.517,1311.524,1235.413,602.8256,1330.976,742.6328,459.1394,1804.807,945,433.9137,995.8147,730,671.3989,1501.682,642.4803,784.0098,799.309,978,896,1355.367,660.1697,901.7561,512.9769,1246.11,870.0731,698.6604,2354.872,501,649.4853,1670.855
"291",290,"Factor #290",9.4197,34,18.72074,1376.919,1227,1240,1283,1355,1298,533,1603,743,456.5927,1875,998.1258,317.8461,1007,832.8665,657.0917,1554,491.2271,784.0098,759.5007,978.2734,963.0586,1647,568.3523,915,410.1949,1269,831,655.8905,2401,891.7015,596.343,1695
"292",292,"Factor #292",9.4216,34,22.01336,1100.625,837.7161,1029.206,1068.513,1093.853,1071.029,622.8029,982.2654,507.4063,459.1394,1425.181,694.3942,810.222,720.3939,614.7032,671.2577,919.5302,856,589.1376,629.2001,630.4879,747.6672,856.2423,728.6166,660.5859,514.1227,954.0731,651.0345,773,1663.424,657.144,752,1245.61
"293",294,"Factor #294",9.5,34,125.9136,1537.683,1331.426,1486.677,1196,1522,1500.002,1158.367,1490.089,1243,1152.699,2086.609,1400,556.8635,551.7144,1205,1243.513,1137,1035.93,972.2516,881.932,1088,1652.532,1410.589,1153.423,1223.734,945.1125,483.6541,508.4129,816,2076.446,992,1130.339,1604
"294",293,"Factor #293",9.5151,34,18.80674,1580,1419,1589,1497,1360,1438,1238,1645,1324.568,1152,2852,1496.014,778,743,1326.301,1247,1647,959,959,929,1412.346,1669,1486,1258,1329,945,757,1089,1112,2943,1400,1246,2056
"295",297,"Factor #297",9.5168,34,21.24252,1109.078,1331.426,998.6236,1355.759,1384.328,1258.065,1158.367,988,1250.077,1098.197,1554.99,1001.872,801.7899,735.1195,832.7832,938.0849,1607.461,978.1577,630.9506,574.3829,1396.262,1319.433,1410.589,872.353,1132.393,918.468,781,664.098,815.6639,2961.745,1229.118,1052.587,934.4329
"296",295,"Factor #295",9.5357,34,19.06681,1359.039,734.2936,1616.511,897.6054,890.3472,922.6489,1195.337,1130.948,846.3731,495,1554.99,936.4391,796.88,714.8601,898.5267,643,1531.414,852.3955,765.3769,518.9381,956,1008.986,1039.547,585,1055.04,823.9088,799.1432,664.098,1054.209,2944.841,845.8453,794,753.6292
"297",298,"Factor #298",9.5787,34,15.9255,1190,1195,1072,1158,768,729,411.7246,48.71236,1912,379.0017,102.8612,2314,305.4215,19.71796,2162,418.7801,69.05309,265.8399,1139,1331,2170,2446,76.03459,472.2337,1980.85,268.1137,56.50859,44.54359,238.8404,129.0507,1759,361.3039,127.8995
"298",296,"Factor #296",9.5897,34,16.96372,187.835,423.8903,756.6531,661.7269,1216.462,529.2065,328.1211,806.1455,454.0542,474.4077,719,587.652,348.223,370.4675,613.8305,642.7712,1054.023,592.0968,89.38278,319.842,491.3798,721.0508,699.6328,429.7728,548.1815,510.6659,513.5889,529.1126,578.9537,795.9411,661.8067,844.0405,602
"299",299,"Factor #299",9.6284,34,16.03091,140.9903,168.5226,98.80825,150.1635,221.886,232.9828,434.0085,16.28699,43.32439,226.4739,297.1456,52.81666,389.5563,81.93277,131.0129,447,104.7636,427,102.773,60.78387,66.23994,138.3465,233.5485,408,198.3663,491,38.54239,121.2243,469.6782,74.52136,89.77532,460,199.0141
"300",300,"Factor #300",9.7666,34,36.69329,3414.383,2465.4,2624.478,1876.904,2825.84,2640.281,1547,1798.464,3390.925,1849,1733.406,3073.626,1356.82,1384.079,3083.537,1029,2024.926,1225,2287.167,4529.488,2275.065,2114,2143.441,1503,2854.784,1048.7,625.6857,2881.211,1652.186,2740.704,2670.196,1148,1806.205
"301",301,"Factor #301",9.7834,34,127.0919,20221,19916,18353,18510,17015,18250,5211,13216,10154,4891,11465,8621,4304,9077,7989,5328,13206,5039,7696,8460,8680,8013,14188,5296,7823,4016,4720,16949,6954,16917,9587,5505,12275
"302",307,"Factor #307",9.7843,34,127.0919,20248.1,19943.25,18382.19,18542.74,17046.8,18281.52,5253.98,13239.39,10154,4926.96,11493.66,8682.227,4325.312,9090.41,8045.609,5337.818,13206,5094.032,7809.87,8695.263,8756.398,8013,14219.07,5306.853,7878.916,4016,4724.624,16979.4,6961.383,16955.84,9647.367,5512.902,12306.1
"303",317,"Factor #317",9.7878,34,121.1349,15229.79,14781.34,11726.46,5849.206,15871.33,14337.17,5242,12353.7,7717.562,4807.849,11400.2,7538.238,3979.981,7592.696,4701.906,2500.782,13234.49,2020.842,7462.751,6064.908,7574.188,4643.001,13038.27,1692.763,5330.378,895.3499,4148.405,16433,2249.394,13265.21,7571.835,5501.081,11960.98
"304",302,"Factor #302",9.7931,34,127.0919,20248.1,19943.25,18353,18510,17046.8,18250,4964,13239.39,5601,3431,11465,8621,4233,9077,8045.609,5328,13206,4943,5227,8654,8680,6253,14188,5270,5275,3245,4724.624,16949,6954,16917,9647.367,5512.902,12306.1
"305",304,"Factor #304",9.886,34,63.96295,13697.5,12766.98,14922.1,15805.36,16518.68,17419.36,2629,10536.43,6396.899,4338.193,3437,4319,3316,8538.747,3471,4649,12689.32,4957.072,3311,6973.718,6504.053,6292.014,14061.01,2628,7157.664,3764.982,4703.409,16464.55,4704,16111.52,8690.172,3579,12306.1
"306",312,"Factor #312",9.9199,34,4.201674,4624.949,3658.396,5305.22,4831.054,6722.857,5685.312,2243.289,4399.792,1903.452,1047,2428.478,2119.716,1449.194,2387,1841.39,1366.566,5359.519,2026.63,1869.32,2403.143,1353,1110.616,5483.769,1731.475,2284.38,1774.705,1090.553,6179.181,1726.013,3493.763,2326.15,2273.383,4754.069
"307",305,"Factor #305",9.9563,34,4.849949,4033.079,3450.309,3550.607,4788.56,2866,4794.998,1480,2989.471,927,1280,2191,551,922,2499,1741.149,1352,4562.528,1974.453,973.846,860,1191,970,2844,1914.68,1652.571,828,980,2823,1131.633,3133.836,1698.235,1403,2762.846
"308",303,"Factor #303",9.9626,34,4.171215,2465,3450.309,3021.48,2715,3852,5498.308,1284,2989.471,776,1002,2874.126,1518.571,803,2430,1635.582,1070,3680,1011.185,871,1020,1490,640,3576.187,1810.085,511,680,1055,2793.158,1715,3394.329,914,1403,4754.069
"309",311,"Factor #311",9.9634,34,5.618546,3787.315,3144.518,3173.629,3593.767,2730.218,5376.306,1300.937,1859.666,927.4035,1219.363,1653.574,1035.257,1449.194,2376.255,1025.334,1366.566,3834.937,1333,1841.912,1065.334,1266.945,1196.044,4030.172,958,1251.835,1226.388,789.341,2793.158,1134.034,3316.379,1182.403,1244.236,4754.069
"310",308,"Factor #308",10.029,34,4.588132,1124.397,1647.103,1416,1581.342,2730.218,1470.376,767.409,1561.222,520.5819,638,1671.255,330.0111,509,1567.133,610.6345,1002.573,2409.825,698,582.8635,721.4555,524.4972,500.8128,2534.069,804.8738,535.838,639,732.6079,1713.901,1134.034,3316.379,506.6238,736,1701.82
"311",306,"Factor #306",10.0612,34,26.92188,1249,1194,1207,1307,2179.305,1440.026,596,1561.222,276.2335,627,1510.2,324.703,653.0781,886,302.4344,883.2412,1712,688,470.3343,526,309.3742,500.8128,2014.579,574.6757,230.4505,458.8633,717.9177,1460,920.7028,2393.437,248.8876,575,1780
"312",318,"Factor #318",10.0638,34,15.45393,1124.397,1318.442,1449.224,1637.288,2362.529,1328.297,618,1597.144,374.1763,645.5687,1530.17,418.2255,453.9139,904.2629,308.3556,496,1240.852,578.9373,484.2193,610.0116,295.3729,500.8128,1851.203,779.0422,324.5488,286.6803,682.0248,1833.06,762.4869,1387.343,369.8271,546.4363,1701.82
"313",313,"Factor #313",10.0735,34,39.18642,1271.474,1206.682,1254.403,1359.071,1651.157,1380.771,578.2054,1380.839,282.5645,310.7177,2428.193,311.5846,500.232,904.2629,308.3556,510.7364,1598,707.7128,469.5341,565.2175,311.6897,253.3958,1840,429.4049,381.0029,230.0706,685.0221,1610.765,734.1292,2243.04,477.9942,546.4363,1828.214
"314",309,"Factor #309",10.0762,34,10.67056,1080,1267.5,1402,1581.342,1111,1114,613.1697,1137.268,234.3373,634.3799,1087.855,311.5846,484.6067,1044.855,48.86417,673.8218,1755.585,686,437.9312,107.0149,260.4872,277.9522,2065.198,567.424,135.329,291.4255,685.0221,1667,920.7028,2393.437,235.3895,747.2652,1494
"315",316,"Factor #316",10.0769,34,14.85946,390.1354,427.2851,494.6328,556.1448,408.9584,416.3808,172.8182,1191.873,318.712,106.6623,1850.947,467,86.69304,660.3208,286.2913,163.6325,1211.595,128.2377,579.4609,324.3644,370.5884,212.8825,1067.492,102.8081,588.0333,130.9776,752,207.8188,157.3692,1816.505,412.5919,263.7398,1679.236
"316",310,"Factor #310",10.08,34,65.75295,368.2251,267.1098,548.0025,612.6553,517.1539,490.8217,204.9419,1358,318.712,169.3218,2489,480.8541,138.6841,680.8522,292.1143,199.0197,1428.744,193.0959,579.4609,334.5405,311.6897,213.9878,1386.875,142.3807,557.1702,156.285,767.8473,393.1643,214.0493,2064,412.5919,280.8291,1643.649
"317",314,"Factor #314",10.106,34,21.7938,1124.397,913.9181,1133.787,925.9587,1071,869.2136,606.8249,1118.099,81.13942,422,1119.663,93.57676,408.4847,907.6603,60.80979,452.7932,1100.087,682.4084,414.6891,328.0528,226.8924,253.3958,1807.726,507.3468,161.2029,286.6803,568.2945,1610.765,441,1447.627,230.1445,478.8993,1288.789
"318",315,"Factor #315",10.1885,34,5.470748,678.7411,1110.398,733.7562,883.449,795,727,471.2321,476.209,1233.832,373.0773,952.5482,1143.81,221.2668,701.0794,1430.331,452.7932,766.749,282.9012,795.3568,898.0724,1513.701,808.2545,1427.929,196.9561,1501.081,342.2719,322.8478,649,381.6653,1117.203,1221.26,362.0013,908.9217
"319",319,"Factor #319",10.1894,34,11.06863,1140.442,1126,1279,1244.085,833,763.0905,246.534,1226,2274,203.4387,1944,1998,160.7319,853.1863,2350,176.7793,1001,71.68778,1863,1661,2233,2002,1488,189.8939,2207,156.9354,419.8794,558.0834,158.7981,1385,1839.509,96.19792,954.8404
"320",320,"Factor #320",10.2132,34,36.08983,1049,1213.432,1045.841,1134,1150.017,1825.759,7680.653,919.9208,1586.586,6220.051,1342.581,1579.98,2141.039,853.1863,1458.008,6883.114,844.387,823.1791,1656.136,1320.556,1389.818,1386.681,1086.086,6579.469,1439.972,7149.497,3285.394,508.6184,6618.837,1049.609,1444.458,4543.992,898.1061
"321",322,"Factor #322",10.2416,34,67.4057,6556.799,5626,6112,6566.3,6120.433,6317,11807.31,3448.829,2353.907,9890,3281.784,3136.637,12798.14,4056.928,2259.704,11833.86,3393.212,11469,2425.395,2424.773,2539.413,2204.685,3449.18,11218.56,2588.449,10865.18,4869.121,618.4488,10806,3487.878,2449.945,12012.47,4073
"322",321,"Factor #321",10.2422,34,75.14888,6589,6154,6112,6610,6265,6317,11972,3490,2369,9890,3330,3189,12445,4079,2225,12008,3422,11469,2456,2760,2577,2252,3426,11259,2598,11193,5084,676,10806,3502,2470,12062,4548
"323",325,"Factor #325",10.2457,34,72.74906,6385.507,5513.212,5577.387,6627.907,6120.433,6082.369,11557.59,3144.439,2344.486,9419.171,3264.877,2743.989,12445,3952.197,2225,11704.58,2711.931,9349.541,2425.395,2070,2548.513,2204.685,3424.67,11253.16,2491.449,9874.644,4656.476,608.4742,8031.17,3474.646,2449.945,9989.219,4382.445
"324",324,"Factor #324",10.2516,34,56.2212,4994,5473.506,5937.116,6102,5588.01,5932.283,10759,2915.888,1949.584,7700.88,2913.232,2508.734,12445,3497.942,1828.324,9134.273,2956.391,8739.925,2043.705,2325.164,2570.82,2204.685,3449.18,7842.442,2315.297,9287.133,4886.99,388.9306,7983.138,2459,2116.274,8888.717,3514.559
"325",327,"Factor #327",10.2651,34,36.60654,4842.374,1916.381,4207,3112.655,3129.5,2019.743,11727.36,910,2268.154,8966.162,3171.869,2499.337,12270.34,1694.07,1517.294,8611.46,1639.776,7069.068,2422.129,1795.555,1869.24,1998.453,3263.652,8591.993,1565.025,10391.21,1601.569,618.4488,9463.563,1977.746,1494.495,5113.042,1635.128
"326",326,"Factor #326",10.2803,34,14.18912,3919.52,3649.243,4605.737,4939.973,3505.03,2485,10331.37,2167.56,1345.326,8823.961,2171.801,2361.271,10567.96,1196.45,1823.894,7070.197,1639.776,9906.046,1897.139,1235.455,1130.482,508,1996.07,8199.778,698.5381,10207.9,2494,552.2015,10000.89,2766.821,1320.33,8528.053,3527.842
"327",328,"Factor #328",10.309,34,9.821791,1513,2097.393,1542.77,3619.379,2212.876,915,3573.848,452.3569,679.9139,3258.7,917.4863,744.4297,8844.042,1008.257,809.7713,6508.246,1298.46,7752.299,967.341,1235.455,909.3839,916.6654,1225.641,6491.33,668.683,4252.145,1467.224,268.8911,5024.332,1730.759,1321.217,8888.717,1464.418
"328",323,"Factor #323",10.3876,34,18.43021,317.4187,1515.608,2192.886,2249.744,2829.173,2576.604,2730.852,98.623,83.25234,3826,85.27404,115.6042,8148.312,100.572,111.4211,7899.759,256.8656,7095.856,703.5769,55.43276,115.4495,57.6776,132.6499,6780.255,908.2733,3915,132.8439,82.01513,7287.492,86.89518,953.5966,4101,1843.462
"329",329,"Factor #329",10.4524,34,75.02198,254.8707,233.1784,248.1916,282.0478,284.779,340.873,1892,58.51493,102.2039,1342.866,136.7673,34.40751,2410,111.078,81.83676,2156,106.4998,1324,64.72395,50.95594,92.18081,45.60514,91.3725,1929,80.59728,1266.788,49.46821,27.04219,1639,46.50212,89.80325,1864.031,51.82583
"330",330,"Factor #330",10.4657,34,38.2059,441.5091,382.5614,414.1227,457.4678,373.5066,395.1763,1265.598,670.1651,321.3877,952.3167,968.8001,214.0171,2174.215,52.14257,64.72737,1828.878,747.6392,1119.131,47.79254,63.55055,348.4586,49.01439,1053.079,1570.038,416.693,1264.619,111.8963,229.1674,1555,52.94449,208.6252,1935,92.66444
"331",333,"Factor #333",10.4746,34,86.79626,397.6533,356.3837,367.7224,412.0979,350.6146,202.8217,1441.528,74.85398,259.7706,1100,1011.961,364.085,2501.907,59.63264,75.83744,1828.878,49.25558,1193.322,249.1661,65.8401,308.2983,317.1258,949.8386,1455.749,368.1741,1372,66.31504,81.51882,1279.379,42.10461,86.28155,1864.031,76.64731
"332",331,"Factor #331",10.5068,34,27.26689,1751,1686,1792,1944,1670,1679,249.5964,4709,1883,237.6684,7341,2301,247.0539,4877,1805,295.4887,4735,188.742,1551,1003,1982,1899,6715,307.7564,2271,241.8953,1801,3290,292.4201,5724,1836,260.4178,5675
"333",332,"Factor #332",10.5507,34,8.232204,1536.477,1510.865,1664.248,1211.69,1675.53,1678.981,243.051,2640.986,730,206.404,2526.52,734,125.9916,4653,1650.894,446.4265,2105.145,225.9113,1466.402,1005.053,1386.776,808.0657,2375.988,338.563,998,150.1805,1140,1438.77,367.5963,4796,1882.478,267.045,1718.71
"334",334,"Factor #334",10.6018,34,18.41585,1299,1152,1349,1279,1151,914,1915,134.9009,289.5227,1343,591.187,238.241,2306,274.3871,256.049,1834,541.1881,2212,77.92476,129.8332,149.9435,411.6044,463.6414,1955,253.9457,1077,241.7877,352.6999,1518,568.0827,222.4656,1712,387.3195
"335",336,"Factor #336",10.6237,34,13.28391,517.6806,497.9423,840.9379,793.9253,1048.221,1024.415,268.7915,534.1327,195.3321,195.3455,1267.998,655.2896,257.4417,963.2057,674.1495,268.6182,1011.068,327.4961,459.4017,398.6175,443.7968,355.5831,955,287.7786,441.1609,192.8412,183.9035,1438.77,288.6557,1735.464,898.4201,314.8536,1026
"336",335,"Factor #335",10.6357,34,4.39161,190.1067,69.6836,242.6509,156.6572,40.11642,45.81734,459.5329,469.9333,28.18716,375.0109,719,127.8818,331.4878,65.83513,25.27999,242.2147,355.6939,425.6486,12.57322,44.43553,156.8977,94.41803,545.1368,316.5329,25.07908,243.8124,55.63776,622,282.3781,729,44.90781,58.56643,444.2605
"337",337,"Factor #337",10.7022,34,27.22686,5673,5085,5598,5393,5734,5534,10902,81.70445,2656,6850,114.74,4616,11982,76.54689,1939,11906,100.675,14345,1905,2179.794,3235,788,52.8221,12676,3224,8012,39.98911,21.00697,11970,150.3386,3036,12530,93.18534
"338",342,"Factor #342",10.724,34,5.863358,707.824,749.9838,834.4945,941.3558,817.5456,930.6278,1049.705,665,640.8175,845.94,908.3192,893.4984,1066.949,536,658.2163,1096.291,749.3081,967.4917,795.8742,629.3199,713.2256,637.6892,649.5224,957.4698,791.7154,804.9225,572.1598,376.6494,1031.133,888.3643,702.211,1035.059,1137.364
"339",340,"Factor #340",10.7265,34,11.94248,1063.19,927.9516,1080.936,1579,1232.45,1215.897,841.7814,640.281,2762.883,670.554,717.427,5718.741,584.5231,446.9127,3121.276,688.1025,626.0422,1005.785,1821.193,4769.051,1936.619,3268.695,475.6692,847,4097.84,535.3986,450.8377,253.6593,952.3074,492.1755,3849.88,874.8135,117.7294
"340",338,"Factor #338",10.73,34,15.41308,1696.306,1663.775,1558.368,3038.692,2203.726,3179.347,2527.549,121.5891,2566,3732.568,156.9934,6492.003,2577.836,104.9334,3431,3583.606,174.0857,4830.334,1787.696,4362,3975.48,2994,119.7264,3429,4097.84,3131.254,170.2181,44.04987,5087.796,232.7489,4045,3363.943,230.382
"341",341,"Factor #341",10.7356,34,3.444098,329.8179,375.5734,539.7802,889.6507,783.7287,934.8343,977.8649,853,358.7079,806.896,952,840.5836,1040.455,716,399.2446,969.3829,850,1047.831,780.4022,485.3787,652.8344,532.1855,610,867.0855,718.79,817.3025,990,402,999.8853,948,673.0525,953.2247,1155
"342",339,"Factor #339",10.7432,34,18.68101,1151.411,1733.351,1289.358,1549.023,1483,1326.628,530.7752,62.41859,2795.7,629.8743,71.49769,6492.003,348.0695,27.31631,3241.995,686.4339,100.4166,1094.227,1835.828,4918.04,3975.48,3320.504,1079.993,847.5893,4385,585.7485,139.1171,73.17006,1061.939,190.8306,3860.947,827.8608,158.0995
"343",343,"Factor #343",10.7957,34,17.8467,15968,17535,14395,15609,12108,11471,4414,15873,11424,4868,15316,9960,1974,5514,11349,3860,13146,3066,7612,6523,11621,12037,15141,3817,7179,3163,5506,9819,4458,14932,7686,3629,10415
"344",344,"Factor #344",10.7975,34,18.26917,7778.204,12210,14395,14080.71,7560.914,9164,3948.252,12200.47,9875.901,893,15316,7278.223,1973.618,4965.465,8982.527,3860.444,10250.93,3454.791,7481.901,6347.199,10558,6176.976,4662.917,3964.825,4217.657,3150.348,5500.43,9161.955,4406.687,4899.902,7561.198,3753.685,8167.227
"345",345,"Factor #345",10.8578,34,3.952148,4001.102,3609.036,5203.323,4297.21,2918.826,3983.564,1740.861,3010.808,4662.964,365.8161,2326.437,3149.805,389.1059,3485.787,4625.474,2301.768,1811.134,1772.151,2010.725,4003.235,3191.463,7187.461,1843.121,1269.326,3251.08,1483.273,2008.221,1739,1821.096,3050.152,1715.676,2886.732,1756
"346",346,"Factor #346",10.8718,34,2.716946,1086.084,981,1265.729,889,1055,1153,623,723.4343,1780.81,142.5929,1019,1072.242,324.4826,46.46776,1535,1026,652.3864,1541,2011,1923,307.2014,3164,752.2062,729,2170,26.08345,62.79702,430.9148,1614,2197,1259,986,713.1741
"347",347,"Factor #347",10.9622,34,9.884248,320.7966,388.598,410.6079,442.2958,298.5408,556.0797,1152,283.4248,252.2213,992,273.8256,488.0245,1215.473,113.0445,210.0675,1528,391.6969,1058.444,173.9397,164.9652,357.7035,276.9043,331.7333,1363.094,122.5369,1397,362.2664,605.175,1595.139,410.3704,268.1878,1799,408.3835
"348",349,"Factor #349",10.966,34,22.15222,835.6859,738.2419,816.667,858,738.8515,693,1147.55,654.5847,597.5425,809.045,398.9961,803.5657,1167,273.5982,526.1246,1334.665,705.7701,1005.386,303.0074,228.2776,844.823,541.2289,834.0981,1279.726,527.0591,1259.66,834.0173,852.4134,873.1489,501.8443,557.2964,1367.641,815.2257
"349",348,"Factor #348",10.9701,34,9.316034,895,802,816.667,828.3713,703.7274,717.955,816.6984,807,641,219.0571,357.7531,1035,1387.952,153.4799,584,861.0872,755,600.913,273.2294,226.0577,863,726,908,793.7048,575.3391,633.3678,855.7108,1082,641.3205,485.6302,485.599,748.4487,859
"350",350,"Factor #350",10.9746,34,6.460541,870.3331,790.0554,816.667,757.8089,703.7274,619.8833,577.8563,571.3623,597.5425,251.4112,398.9961,775.6027,1383.228,273.5982,526.9878,629.5825,692.7692,634.7699,294.2366,226.3368,787.9183,675.1953,834.0981,751.6033,602,515.8401,855.7108,1052.585,666.0325,501.8443,598,649.5957,701.5101
"351",352,"Factor #352",10.9987,34,14.82054,802.4439,632.5443,533.7024,630.9939,490.0543,542.0779,1068.014,409.5826,335.427,1041.063,453.3005,558.9396,1139.274,157.436,272.1308,993.1733,433.8499,1012,106.9162,154.1128,281.0988,417.9266,444.531,1228,182.0375,1205.529,367.8958,533.5863,1063,442.175,237.767,1039.225,352.2116
"352",351,"Factor #351",11.0187,34,5.684949,1060,1084,1012,697,844,845,1721,534.574,486.9791,1600,629,791,705,215.0477,492.1416,1590,578.8242,1478,73.48609,103.7879,488,655.7441,430.2953,1625.336,491.6451,1117,551.0173,243.4413,1716,378.5923,373.9504,1473,393.0996
"353",353,"Factor #353",11.0212,34,8.134647,1060.053,915.0015,987.754,821.236,865.8617,808.3353,1720.843,392.1543,355.5978,1091.108,389.9465,790.7402,1028,198.5553,492.1416,1330.385,578.8242,1815.687,68.42408,109.9938,487.5727,656,564.2289,854.5341,515.7795,854.0106,551.0173,239.0502,1641.477,620.3772,343.19,1255.562,493.6418
"354",355,"Factor #355",11.0469,34,25.08434,117.6397,203.3102,186.0631,145.9664,163.6107,167.2462,255.2496,291.93,804,148.4086,114.1422,93.67427,173.1817,41.48052,479.733,328.6895,90.12957,323.3239,187.4789,459,151.477,253.5407,46.03832,304.1129,909,129.4603,100.6318,60.32762,322.8376,81.88536,623,294.1121,79.65196
"355",354,"Factor #354",11.0659,34,14.92518,485.3619,433.913,669.6767,836.8245,539.7104,741.7796,928.8266,19.1437,512.5305,558,208.4752,461.3715,875.2684,63.12732,456.681,1544.662,44.04083,485.05,143.08,63.61731,485.3336,623.7543,118.8878,698,331.0597,1116.565,400.5478,225.5124,1641.477,466.8593,457.0657,1091.151,172.7603
"356",356,"Factor #356",11.1153,34,10.47676,575,498,476.9813,439.5644,408,326.9687,27.10427,648,349.82,292.9447,662,296.9791,53.63439,235.7443,268.842,149.4856,555,72.38024,386.4772,193.9438,589.1954,623,553,139.4332,270.851,120.4346,286.1463,312.3202,88.54995,525,281.4261,115.9851,528
"357",357,"Factor #357",11.1947,34,30.00209,1019,806,890,801,674,547,119.5634,418.3742,1573,185.3217,994,1143.951,51.8108,75.95262,1567,136.3743,410.507,47.03209,1475,2369,1687,1727,412.8773,134.2658,1681,130.1214,130.0359,33.72033,109.8966,375.6105,1186.161,115.174,406.867
"358",359,"Factor #359",11.2347,34,26.8106,434.9288,590.5689,717.5409,714.2128,660.9405,449.4245,1568.752,270.0656,1217.799,985.8789,735.1781,1160,1917.363,78.44825,1326.984,996.0043,385.2798,895.2014,974.1254,1754.267,1308.156,1263.322,280.5476,621.9407,1542.036,665.8315,113.9481,56.8569,561.1365,330.7621,1167,374.8065,334.6536
"359",358,"Factor #358",11.2556,34,8.17971,240.6642,231.2118,218.1431,288.5358,223.3258,185.3513,348.4615,51.76298,1274.124,317.9076,98.96495,1161.52,372.4157,33.71959,1270,494.8825,48.24184,235.7455,880.8801,1054.668,1267.597,1124,63.24992,145.558,1604,376.9399,25.59163,40.36275,299.5792,86.19635,1190.79,238.8802,49.45491
"360",360,"Factor #360",11.2618,34,25.18949,490.1137,488,687.1862,681.2739,517,465,1275.242,293.2209,940.7983,793.5272,541.1314,828.46,1746.787,58.87307,719.8791,1097.065,303.3086,1108.232,900.5638,1315.433,1267.597,1044.921,248.289,902.8031,875.2989,778.2162,101.4907,104.4265,835.7866,323.542,1154.67,729.6811,307.022
"361",361,"Factor #361",11.2637,34,3.025389,511.0507,466.8066,390.3497,498.3287,428.2694,492,1018,139.7053,263.1836,886.1057,130.134,304.933,964.8931,72.91,78.27809,1122,108.5503,1167.383,182.0114,341.8582,283.9692,270.2856,81.2532,1057.472,312.952,869,114.1126,107.9011,1169.881,230.8273,309.5771,1143,173.8028
"362",362,"Factor #362",11.3197,34,27.37239,4862,4140,4184,4593,4387,4464,13309,170.0064,696,7183,56.06412,1099.74,18238,36.37957,866,12781,137.1817,13798,458,1300,619,947.5384,170.9684,13162,852,10262,564,66.06089,12193,156.8196,886,13350,205.2381
"363",363,"Factor #363",11.3272,34,27.6935,4715.912,4141.945,4186.54,3492.095,3453.874,4256.361,13309,96.43352,757.8739,6887.287,53.49531,1099.74,16925,36.50559,871.0036,10724.07,137.1817,13748.76,481.1747,1299.843,618.9115,786,135.7035,10353.25,862.9221,10262,534.0234,114.1755,12054,89.78625,885.8414,12601,205.2381
"364",364,"Factor #364",11.3615,34,19.58753,1033.956,1631.45,3469.951,2458.385,4386.62,2873,4383.23,145.2747,566,2593.014,122.4798,890,3238.867,98.61424,155.011,3938.077,47.98855,1648,481.1747,1299.843,618.9115,335.7317,223.5793,4238.813,817,3281.772,508.4374,139.6967,2948.625,191.9505,859.3916,4913.322,114.3933
"365",365,"Factor #365",11.3979,34,75.22208,1089,993,1426,1376.079,1255,1231.717,499.2749,1221,823.3308,646.8927,1053.813,746.2145,572,1016,810.716,635.3535,1386,444.9248,602,918,829,1006,1578,601.3917,721.7045,532.6504,3074,754.1977,503.734,1156.078,682.7264,705.1222,1657
"366",369,"Factor #369",11.4063,34,75.22208,801.5472,860.1371,1426.413,1183.449,986.5903,1230.153,470.8012,1112.948,823.3308,528,1003.11,816.5755,603.6159,682.2663,843.3578,604,911.2803,430.7133,590.8599,813.9139,782.454,943.0301,1378.267,580.3239,716.7976,538.4903,3027.401,748.1521,479.3805,1331.463,687.4462,658,1483.111
"367",367,"Factor #367",11.4129,34,71.06307,823.3777,917.9582,1004.323,1120.581,899.8039,1230.153,481.7696,759.3264,711,620.7029,967,999,580.1738,773.6607,837,603.9825,998.7289,423.1957,725.2388,890.4923,772.439,1113.752,1378.267,534.6331,1038.333,545.7099,3109.823,754.1977,479.3805,1511.915,835.47,685.3514,1355.56
"368",366,"Factor #366",11.435,34,15.9781,860,942,989,1155.335,781,1312,223.1559,418.5362,765,265.7507,519,1078.626,134.0875,245.8238,867,271.6209,533.0214,201.9985,735,828,908,1246,792.5131,183.6364,1038,176.8837,649.7396,429.0958,291.7128,1583,939,305.0232,654.0276
"369",368,"Factor #368",11.444,34,5.632151,855.3835,596.5798,922.1082,962.7261,716,967,126.7078,346.8533,862.8816,261.5992,692.0005,988.3133,139.4373,218.7317,942.1943,264.7353,511.5033,168.7504,660.5553,903.462,918.2422,907.9304,837.3778,171.1819,810.8942,175.539,188.0728,491.504,379.1317,1520,835.47,221.7314,567.9536
"370",370,"Factor #370",11.6488,34,27.33628,3226.674,3180.478,3099.406,2872.83,2068.247,1801.516,981.341,4189,2070.438,932.195,8522,2393.739,1151.08,730.2819,1845.171,1030.259,4040,805.9425,1514.369,1452.42,1592.883,1871.789,4949,898.2108,1739.188,629.4986,1119.126,1935.175,829.1079,9040.722,1788.863,759.9394,3505.547
"371",373,"Factor #373",11.6507,34,29.07112,3046.945,2143,3405,3820.669,3422,3382,2654,2517.027,4506.033,2371,4245.318,4708.358,2891,1205.861,4154,2726,2239,2196,4500,4535,4571,4472,3409.44,2309,4540,1668,1885,1338,2366,5385.936,4684,2843,2693.458
"372",371,"Factor #371",11.6641,34,25.64237,5272,5192,4596,4444,3821.944,3910.477,2152.933,4958.362,4691.193,2006.231,4952,3761.853,2179.354,2389.945,4248.239,2128.494,3931,1702.096,4818.405,4337.594,5440.621,5073.857,3628.006,1985.395,3978.765,1310.989,1912.895,1625.442,1941.751,5857.811,3650.79,2174.61,2941.639
"373",372,"Factor #372",11.6679,34,20.89356,5494.381,5565.493,4819.846,4705.608,3817,3896,1352.249,5186,4641.957,1357.273,5103.677,3762,1150.439,3027,4248,1293.665,4063.759,983.3326,4797,4309,5441,5259.079,4523,1355.398,3803,861.6602,1868.388,1895.984,1249.044,4654.751,3650.79,1294.297,3704.025
"374",379,"Factor #379",11.6709,34,29.85887,1656.826,1645.635,3434.09,3820.669,3356.631,3412.993,2665.04,2505.239,1203.901,2344.284,2942.526,4702.663,2857.071,1945.456,4187.787,2491.035,3610,2178.149,4537.056,4473.828,4607.488,4398.778,3669.128,2291,4545.26,1573.407,1228,1458.193,2366.21,5836.158,3511,2767.83,2693.458
"375",376,"Factor #376",11.6721,34,11.89287,1194.97,1301,3434.09,1839,3221,3412.993,2298,1703.751,4450.245,2375.817,2631.394,4702.663,2947.43,1182.841,4203.649,2734.938,2832.727,2165,4537.056,4161.311,4387.66,4398.778,3358.676,2319.181,4545.26,1691.417,1891.312,1483.897,2373.949,5285.034,4653.907,2831,2693.458
"376",382,"Factor #382",11.675,34,33.37719,1020.811,3917.857,3733.059,3741.019,3361.33,3393.278,2310.089,764.9598,3822.379,1825.487,4605.953,4364.417,2797.111,1586.021,3329,2732.433,3377.813,2178.149,4215.13,3962.795,4663.653,4108,3667.653,2302.092,3374.401,1573.407,1820.803,1774.38,2373.949,5857.811,3643,2673.793,3172.488
"377",377,"Factor #377",11.7357,34,4.599409,1192.437,1165.169,1363.135,1701,1958,2808.699,1734.654,1255,2030.267,1130.26,2622.608,767.4256,1986.407,573.9485,2728.611,2574.272,1413,1470.682,2290.954,2810.021,1033.291,2454.441,2593.298,1761.483,3103.997,1083.954,804,1327.007,2137.565,3881.454,3603.166,1854.345,1774.208
"378",383,"Factor #383",11.7668,34,16.97625,551.7218,494.8551,523.98,713.2033,893.5151,669.6944,859.4532,301.6845,316.3934,654.5631,915.6306,388.8876,1374.132,284.1345,766.7356,980.5278,445.939,1078,743.9088,499.5923,459.8918,913.9249,799.6332,1020.935,891.4292,933,309.2314,165.1972,821.3201,1200.044,1091.848,1032.81,911.8034
"379",374,"Factor #374",11.7812,34,18.07613,1115.353,1188.733,1400.423,1446.475,1805.706,1340.975,1309,1379.726,1236.284,989,2241.05,869.2333,1760,235.5287,777.6877,1483,1419.251,1107.064,1777.772,1692.846,1621.591,698.1337,1393.732,1288,2191.182,926.488,595.7383,836.8256,1246,3474.739,2536.355,1845,1504.888
"380",381,"Factor #381",11.8046,34,20.27187,803.5877,740.3357,844,1262.255,1503.722,1406.259,1224.566,1229.07,737.3331,995.8036,1936.031,731,1652.244,283.3691,867.1515,1516.312,1469.295,785.5879,902.245,809.3169,927.8069,818.3947,1435.155,758.7136,1060.596,655.2003,574.99,947.6807,1284.231,2342.204,856,1200.733,1423.797
"381",384,"Factor #384",11.8124,34,18.41273,341.501,379.6688,371.6723,465.3402,442.0556,416.3738,100.5167,40.588,186.1156,41.80785,63.21035,333.8895,118.1898,17.94456,509,27.12595,77.94786,96.62074,320.9767,563.4087,841,793,229.9306,91.63925,523.2566,94.1613,94.93322,26.13099,90.80447,387.4168,361.2009,96.48992,264.087
"382",375,"Factor #375",11.8162,34,6.404588,827.134,961.1653,659.3041,1310,1659.817,1308,1116,843,628.7313,721.0166,1683.664,789.2925,1196,237.6468,743.3671,659.9549,1491.349,723,472.3019,533.4205,703.5541,617.9394,1319,910,744.954,567,460.2163,947.6807,1119,2369.178,1030.547,1262,1390
"383",380,"Factor #380",11.8941,34,7.902476,1310,629.558,876.7613,1237.977,967.2843,1073.432,656.5149,1185.142,1022.558,514.6775,1273.649,432.7911,701,2058.362,938.4964,646.3092,1131.784,549,618.5797,458.7914,446.447,426.054,1448.078,623,410.0266,435.154,470.6593,585.1212,577.2654,1734.8,634.0774,650.0086,1146.656
"384",386,"Factor #386",11.9116,34,14.47314,1107.571,1195.242,939.632,1307.859,995.3052,985.7135,671,817.2193,1610.937,768,965.265,2005.949,634.2869,519.1782,1285.193,749.5277,810.9924,694.3856,965.4874,914.6788,1436.819,874.9782,764.0657,623,680.9754,806.9434,190.5316,592.5456,587,1044.44,1311.916,650.0086,557.2514
"385",378,"Factor #378",11.9207,34,21.78947,1006.441,957.994,1081.18,1044.581,996.2463,1234,633.549,1373.632,486.0368,539.7038,1290.911,334.285,708.3494,2037,475.6234,588.3803,1701,438.0437,415.663,270.3702,311.7698,448.2105,1527,475.55,333.3013,395.6047,1343.083,650,495.2817,2024.04,531.4642,677.7567,1349
"386",388,"Factor #388",11.9279,34,22.40213,2708.154,1629,1704.407,2678.254,1909.299,2951.879,874,2299.416,2169.529,1518,2339.402,2619.201,587.8619,1906.237,1983.407,906.4636,2655.674,725,1322.368,1530.878,2403.417,2875.669,2700.404,1366.53,2190.8,810,1502.801,2545.514,1248.679,3516.13,2152.898,1119,2981.565
"387",385,"Factor #385",11.9282,34,3.385829,949.9945,972.1632,984.5648,1103.472,995.5065,1095.714,836.3578,508.3926,1427.289,761.9689,975.1929,2005,556.3683,278.9941,1411,773.6107,556.8326,724.5331,1154.241,870,1359.298,1350.393,528.9371,776.2197,1420.288,709.8568,182.0393,476.6859,714.4668,1018.338,1427.774,776.4333,615.8198
"388",389,"Factor #389",11.9291,34,20.4293,1163.402,1307.176,1206.996,1517.799,1326.042,1372.158,827.9006,872.4816,1418,767.6288,885.8703,2019.701,570.2804,476.2026,1366.398,757.8678,449.7492,661.7456,1164.548,1281.835,1668.754,1653.951,939.9343,760.8793,1522.432,722.3422,386.2985,794.0192,743.8985,1529.633,1024,786.8666,963.2698
"389",387,"Factor #387",11.9396,34,9.288266,3575,3477,3209,3231,3328,3079,1253.701,3179,2580,2001.421,3475,2619,555,1736,2220.616,1234,3022,1145.977,2184,1745,2372.937,2876,2847,1364,2258,1363,1502.801,2617,1243,3910,2153,1211.406,2982
"390",390,"Factor #390",11.9721,34,8.382565,1148.144,437.407,799.5418,1135.543,759,1709.134,744.3836,1115.078,448.9058,452.172,1068.653,424.6851,490.2836,1770.612,1495.574,556,863.0526,812.3832,1183.348,350.2463,1495.944,1336.39,1591.061,796.8193,647.6006,555.918,895.3508,746.7458,839.1757,1874.085,1359.261,752.2239,1574.671
"391",391,"Factor #391",12.0762,34,24.4257,897,865.6914,866.6479,725.4372,970,840,1230,261.9156,724.4498,541,188.501,1242,1513,176.7976,709,1177,302.7638,1291,395.3352,578,762,504,266.8805,1088,785,862,87.02532,980.1554,1279.452,598.5884,778.0698,1127,194.5762
"392",392,"Factor #392",12.0912,34,15.09289,1002.879,980,952,755,1272,1068.056,325.5709,1346,844.772,263.7773,921,691.3521,232.7668,789,581.8028,335.5094,1348,521.6714,368.4943,252.6691,226.3568,216.8532,1083,475.6121,401.3716,208.7615,503,4246,1724,2951,1225,361.6882,1544
"393",393,"Factor #393",12.1691,34,39.28597,1833,1707,2324,2702,2133,2414,522.0293,523.4223,2997,424.9034,942,3823,310.5995,462.4618,3674,251.7216,663.1369,233.7122,6441,5267,6798,4031,679,312.749,3855,497,261.2648,356.4577,352.2183,1707,3958,306.0078,790
"394",394,"Factor #394",12.2653,34,48.24065,24671.45,24435.23,23458.33,21536.88,19439.55,17789.75,2301.947,1602,157367.1,1304.602,334.642,144172.1,3354.06,330.5843,52858.37,2340.135,1427,2368.2,147817.9,1563.139,1893.953,75684.47,2080.01,2275.701,130150.3,1752,1088,4307.001,1600.5,848,122338.5,2269.16,1592
"395",400,"Factor #400",12.2987,34,31.07895,72124.98,106524.7,102227.9,93728.33,84566.2,77363.28,9282,645.7076,616342.7,2016,998.5241,591568.4,10389,799.526,662887.7,9779.786,878.7792,8699,647602.6,696952.6,661137.8,472373.2,3316,9549.595,714045.9,6740,1018.917,635.0243,7180.051,659.7274,737244.3,10776.96,977.1627
"396",401,"Factor #401",12.3054,34,13.49939,193418.1,194484.3,200205.6,203893.3,199554.8,216777.3,9173.641,1153.448,689464.3,3298.879,2090.488,631626.7,13904.09,872,578160.4,9544.621,1263.749,12484.41,693664.4,562047.2,572898.3,497402.9,2936.115,9597.496,757378.8,6713.319,1015,862.302,7180.051,1189.174,620590.3,10584.12,1406.225
"397",402,"Factor #402",12.3081,34,26.15518,38981.97,39631.5,38405.87,36902.48,40207.28,39930.53,2297.408,1568,124074.5,1828.235,2666,119093.4,3208.694,872.4712,125109.5,2455.29,1449,2867.818,102572.2,131326.5,124227.3,103475.3,2128.986,2417.744,114798.9,2033.04,815.8387,886.3111,2048.673,2014,132986.5,2495.13,1581
"398",396,"Factor #396",12.3113,34,30.37812,193418.1,196644,206826.5,207849,200912.1,220136.6,9311.292,589.2644,811112.5,3298.879,922.9716,749950,15298.29,789.6638,817829,9913.588,860.2078,12669,820350,855948,855811,518570,3288.312,9609,821666,5230,1018.917,559.9288,7189,597.4323,862812,10813,1040.159
"399",395,"Factor #395",12.3119,34,30.37812,193298,196524,206698,207849,200765,219982,9313,594.1243,810774,2443,931.6254,749950,15302,790.8527,817829,9921,862.5439,12669,820350,855948,855461,518570,3171,9609,821666,6833,1018.917,561.4646,7193,603.9183,863228.4,10813,1042.262
"400",398,"Factor #398",12.4322,34,25.04955,39140.97,43553.91,74423.41,50727.78,86626.22,96016.14,2541,870.5398,223426.9,1613.132,1420.364,169539.1,4593.003,296.1718,570238.4,2865,742.6487,5309.22,209992.8,160256.4,424953.1,102097.8,1396.325,3334.683,371488,2160,406.2667,214.4643,3823,675.1708,433703.1,3496.161,309.6806
"401",397,"Factor #397",12.4534,34,6.98363,35178.09,42004.04,40138.26,40101.82,40087.61,52700.82,1803,914,94610.64,590.2234,1452,75120.07,4625.69,288.9821,166352.4,3009,756,3657,124127.4,111952,97391.25,93305.11,1440,2160,86208.69,1965,484,299.6808,2788.575,832,178392,2899,663
"402",399,"Factor #399",12.5191,34,2.554198,18657.11,20365.1,29681.73,29104.4,24884.07,23411.92,1453.114,152.9174,47588.36,590.6327,390.227,41406.26,2399,288.9821,60419.64,1883,742.6487,2303.518,50328.08,57454.83,55055.67,49388.76,640,1834,47799.62,1717,413.9263,299.6808,1587,910.5291,61235.1,2160.372,617.2914
"403",407,"Factor #407",12.6459,34,18.81124,6901.693,7037.412,8015.669,7288.078,10807.89,10100.7,827,272.6477,18540.11,541,795.7133,16072,1544,52.58626,24990.34,784.8804,239.0044,1479,17557.5,22114.71,20316.3,14523.63,278.7834,911,20556.5,666.1263,56.01191,159.0115,872.2919,690.0838,28497.54,1391,229.9665
"404",412,"Factor #412",12.6797,34,20.78705,860.6958,796.9057,827.7285,939.2134,802.929,759.7456,294.1459,654,1260.005,494.4096,1174.692,1137.351,633.1699,191.1653,1157.063,722.2935,590,656.1334,1042.033,1043.184,1053.756,1141.216,857.7853,786.0078,1289.806,493.0506,147.3721,346.4714,882.5822,1477.352,1187.737,867.7207,625.2784
"405",411,"Factor #411",12.681,34,10.24855,779.6928,1199.801,962.0282,1140.59,926.2063,939.1656,325.193,651.1521,1601.705,530.9881,1398,1877.932,698.1051,288.0336,1458.384,794.5858,543.2241,662.2332,1305.843,1382.211,1506.878,1459.827,858,863.0245,1409.583,829,250.5736,365.1746,630.4752,1500,1536.92,899.7578,673
"406",413,"Factor #413",12.685,34,10.40119,991.2236,1011.256,1005.536,1178.066,1083.605,1067.184,464.7555,653.7315,1692.707,588.6618,946.2444,1406.188,1051.909,137.9805,1754.427,791.2579,491.6367,864.7203,1241.86,1685.641,1406.64,1329.386,857.7853,863,1553.677,929.08,198.1473,342.8349,922,1407.846,1691.096,962,672.6146
"407",404,"Factor #404",12.6868,34,20.52044,6015,5523,8183,6276,6605,6739,806.379,371.7639,14335.59,3082.862,171.1843,12079.69,959.4735,58.55243,15773,806.0238,83.21254,947.3123,12516.58,15680.47,14955.36,13116,165.7675,1133.216,15107.41,583.3803,116.326,102.4268,792.8883,174.5563,18095.54,1163,102.4557
"408",414,"Factor #414",12.7209,34,8.31962,677.2508,496.6328,683.857,671.2117,491.7562,585.3095,1071.651,282.5805,575.0896,998.2671,258.1335,594.7458,2491,164.8635,549.6897,878.3685,292.9972,1617.746,466.0733,526.3991,545.2401,490.2057,232.2483,1031.517,383.7248,1344,180.721,85.65602,879.0695,307.3943,304.1194,1188.798,188.6808
"409",405,"Factor #405",12.7338,34,44.96645,9217.903,8651.655,9131.088,8941.503,10036.42,10156.57,13447.14,1695.185,11926,14217.33,1155.175,10002,9445.442,1864.112,12459,13657.16,1799.007,11995.16,10987,12752.21,11624,8519.809,1819.136,12639.17,12325,12175.14,2754.367,1114.047,13336.4,1711.359,14616,14050.02,2289.352
"410",403,"Factor #403",12.7344,34,76.72006,11444,11163,11060,11480,11653.07,12139,19745.01,2383.804,10017.95,20349,1639,10012.91,13761,3083,9901.341,20133,2613,16965,9969.462,8947,9140.949,8166,2660.15,18376,10295.04,18325,4224,1639.672,19261,2448,10614.74,20700,3529
"411",408,"Factor #408",12.7351,34,76.72006,11379.13,11080.45,10969.93,11364.12,11653.07,12021.35,19836,2383.804,8336.809,20251.05,1471.856,10012.91,11572,3031.164,8196.059,20133,2599.083,16839.03,8342.202,9088.444,7689.757,6945.521,2660.15,18299.87,8558.252,18325,3862.78,1639.672,19131.97,2424.409,8801.049,20596.26,3496.738
"412",410,"Factor #410",12.7354,34,61.46358,10345.46,10177.5,9253.313,9013.301,11453.65,8613.372,12638.65,2366.835,6610.381,18175.52,1636.695,6982.352,10957.64,2051.888,6287.806,8353.863,2218.854,9300.535,6525.536,8592.981,6750.362,6790.609,2695,13510.9,6220.358,8212.158,3775.498,1296,7294.535,2248.563,7588.451,8593.963,3496.738
"413",409,"Factor #409",12.7387,34,57.24067,10479.32,10438.47,10465.45,10310.39,11268,11273.9,16710,2222.836,5613.422,18691.06,1340.718,7608.898,11913.44,2820.207,6148.989,16772.74,2159.597,15849.47,5463.17,5592.342,5973.952,5312.821,2205.505,15909.13,5986.376,15222.62,3665.541,1536.892,17091.43,2233.496,5879.625,17556,2607.238
"414",406,"Factor #406",12.7482,34,11.58394,4761.471,4696,4250,3715,5588.039,4786,1195.284,447.7281,11315.87,1248.976,537.9876,8855.825,1339.766,545.3664,19020,1272.111,551.1197,956.3838,9336.03,11753,10558.29,8099.353,885.5217,1104.318,10382.12,1151.4,517.2025,374.9278,824.7909,468.1438,12681.49,1373.033,521.0929
"415",415,"Factor #415",12.7678,34,16.87672,1543.509,1447.443,1881.704,2576.467,1696.279,1902.942,1778.78,1404,2690.586,1793.584,1318.906,2927.889,1622.411,896,2943.35,1935.612,1037,1480.24,2249.005,2816.439,3767.554,3195.912,1854,1657.077,3180.185,1571.189,465.7193,921.6128,1428.136,1542,2669.376,1978.142,1356
"416",417,"Factor #417",12.8422,34,15.7339,3180.763,2472,2793,2632,3864,3870,621.94,41.86988,7861.009,303.34,69.23679,4979,660.9833,31.59352,9860.559,603.4665,63.23119,448.7311,8463.467,8308,6677.819,5090.818,109.4606,413.6971,6539.296,627.5631,58.90758,12.15552,692.4656,34.52558,6291.088,961.3497,71.67669
"417",418,"Factor #418",12.8482,34,142.643,555.6342,538.377,1428.711,6212,11035,13524,677.7318,326.5402,1452.983,1432.152,511.8636,1434.593,239.4136,8793,1530.132,647.1472,271.4637,617.6288,1532.018,1610.011,1428.775,1120.668,390.3209,653.4367,1558.879,340.4433,116.4077,196.8877,384.0203,367.8111,1955.111,803.4074,565.5533
"418",416,"Factor #416",12.8576,34,7.149012,721.4344,614.3066,1416.941,1044.649,1639.299,1483.29,1574,239.5491,703.1739,4787.086,253.3611,1891.189,1685.195,306.916,889.8699,3024,247.6064,2213.989,509.0776,1256.995,849.2045,335.0603,211.5466,1915,1828.791,4688.896,317.4147,144.642,4442,400.4788,2102.258,2896,279.3223
"419",419,"Factor #419",12.9056,34,9.174483,1526.875,1211,2149.824,1431,2220.745,3635.678,338.1029,55.96352,4561.637,185.7513,47.14518,3888.011,318.5123,61.01787,6016.693,293.6976,55.64768,367.2148,5047.592,5797.462,6601.585,3944.861,34.45093,321.1583,6014.405,228.076,28.23674,17.66671,234.8343,52.50221,7562.079,233.0811,23.97569
"420",421,"Factor #421",12.9241,34,3.615151,1736.696,1762.762,2017.402,1787.146,2052,2064.727,186.9436,24.93984,4535.571,54.89141,2.578733,4672.29,261.277,10.83097,6161.085,185.5785,17.60989,234.74,5098.01,4526.216,4939.95,3320,108.1206,272.1362,3914,143.1397,18.1761,27.18443,192.8542,8.409388,5381,169.7964,18.56229
"421",420,"Factor #420",13.0096,34,23.43406,859,1210.519,1298.831,1130.704,1198,919,182.1771,8.441264,2150,29.51949,32.4588,1978,229.9183,2.869317,2683,110.2474,4.017087,234.5606,3049,2184,2276,1969,45.66428,274.5239,2873,76.95535,21.37044,2.388536,32.87818,3.201568,4108.756,159.9424,4.174818e-09
"422",427,"Factor #427",13.0185,34,13.15153,804,790.4122,905.6867,871,610.8124,171.2271,43.38648,4.624966,83.34417,16.21248,4.912319,52.13464,25.25731,3.755984,100.606,119.9435,5.259859,53.36094,89.84866,102.0827,79.96176,76.88525,25.66315,98.86233,104.3716,7.38841,3.435151,4.400797,14.80717,14.30711,150.3169,11.80512,24.18438
"423",422,"Factor #422",13.0568,34,11.84009,913.6069,961.5578,1066.899,1125.052,1255.647,1345.366,182.0315,23.60126,2106,4.913178,8.681963,2115.345,133.4048,4.483724,1878.017,114.8794,11.4067,165.0065,1454,1424,2659.472,1624.602,2.458321,109.7916,3069.662,4.273241,17.91662,7.888535,36.34752,2.745668,1864.434,149.9443,3.20332
"424",426,"Factor #426",13.0896,34,10.04817,273.4256,812,1008,897,463.0991,167.9948,4.041255,2.781382,35.90611,3.481281,4.020399,35.58283,19.48481,3.248005,44.28799,36.76264,1.404515,3.731381,38.8519,50.522,65.95396,17.17409,2.722258,4.164465,39.32184,2.914634,3.688264,2.855588,2.182318,2.455535,47.42504,3.272687,2.534742
"425",425,"Factor #425",13.1229,34,12.84368,443,731.6711,844.6318,471.5383,709.2532,1051.03,69.6907,4.818358,1617.466,13.00262,32.8706,1165.548,10.32328,16.4085,1524.316,71.29225,9.147623,7.706853,887,2035.255,954.8841,791.381,13.28416,36.11874,828.0262,7.20643,6.044568,4.825927,4.819117,4.256916,1873.959,75.61023,4.443549
"426",424,"Factor #424",13.149,34,6.773009,456,729.5365,775.9619,471.5383,683.5574,605.7801,23.04342,22.63176,632.271,8.690111,32.21392,468.2666,16.24403,10.61887,1182.283,74.02778,7.198009,58.8602,788,2035.255,782.9791,635.7759,10.54482,74.87485,692.4502,52.5037,7.326054,8.825695,23.82892,13.48027,1016.67,5.006424,7.449591
"427",423,"Factor #423",13.2087,34,7.480706,326.4016,353.1089,199.9794,291.2473,340.7034,549.6327,60.37206,220.5339,513,48.71704,246.5815,725.672,47.57223,60.03018,784,94.27709,161.1597,87.15815,865.8159,938,840,535.19,214.8853,90.6414,614,92.29309,44.15114,106.639,53.61445,259.6574,821,87.59608,136.9234
"428",429,"Factor #429",13.214,34,26.39592,382.9313,484.606,534.3087,467,375.296,421.5868,150.1719,534.9352,641.56,120.3701,497.1232,560.3306,322.5324,166.205,742.8266,125.3388,477.171,189.4394,637.699,633.0368,557.7459,458,587.3462,235.0082,523.8273,71.68703,103.4295,313.8847,221.6635,572.3645,813.1635,260.6778,313.9389
"429",428,"Factor #428",13.2166,34,15.35413,438,484.606,494.3945,467.3314,304.1755,321.6727,47.84011,659,459.2305,61.92763,666,313.704,75.98127,169.6922,530.9737,74.01208,477,161.5017,331.5093,270.2421,331.8432,532.2546,596,147.2002,306.2956,54.65719,132.3422,323.4342,73.22898,651,317.6491,150.1359,309.7253
"430",430,"Factor #430",13.2179,34,11.80057,249.338,225.5068,300.6774,305.6433,159.1394,221.8847,232.8655,239.5869,133.7654,150.7186,284.8048,67.47948,568,99.29501,238.5885,478,218.2517,404.4222,94.12669,82.35431,207.4355,312.9168,219.1205,378.3648,206.2268,479,54.96843,214.7908,352.8459,266.8342,123.2471,428,158.7301
"431",431,"Factor #431",13.3481,34,38.84843,538,464.1958,488,483,579,488.2471,1250.828,112.5312,277.4529,1019,87.93559,259.3276,1105.651,83.45079,246.3699,1211,115.3042,1275,168.1238,238.7741,242.4121,409.2122,80.14559,1379,256.7826,1099.152,209.6896,154.8289,1287.753,149.3376,314.1726,1406.648,135.34
"432",434,"Factor #434",13.3516,34,23.65611,391.1195,339.6447,337.5212,376.9264,395.092,347.7918,816.7677,49.64582,611.0766,596.7072,51.16095,527,700.1771,55.63264,629.9127,736.4754,64.65318,518.139,143.7498,255.3108,868.0103,2065.519,28.53647,877.6736,799.8738,521.1581,110.0958,97.19328,817.2058,89.00587,669,795.2839,112.2877
"433",433,"Factor #433",13.3582,34,15.36321,493.016,481,441.9456,381.7993,512.3959,409,1270.955,132.7527,402.1237,1057.413,110.9075,382.9841,1048.162,93.14462,412.2712,1031.137,116.8331,1331.483,304.0639,283.6151,482.6447,1010.093,111.5053,1374.19,395.732,1099.152,237.4943,199.6224,1287.753,142.4066,473.0107,1130.483,164.5235
"434",432,"Factor #432",13.3624,34,15.05591,308.2677,322.6885,367.7422,401.6303,386.2622,374.8629,986,148.2077,220.1405,1021.755,140.1005,225.8668,1121,40.9578,258.7315,984,129.6774,1339.864,449.366,261.8826,243.5504,289.1629,142.9981,1086.71,206.2124,1242.383,130.7699,241.3951,1149.359,176.6914,343.9124,1130,153.9502
"435",436,"Factor #436",13.3628,34,12.91183,130.9563,99.14933,199.5705,186.3631,197.7304,209.358,623.2128,19.16483,525.1559,1057,8.258285,139.3751,485.1035,34.67696,476.4297,530.1743,15.70863,871.7972,773,481.9708,346.2538,329.6557,10.90439,568.1574,421.6528,1469,44.58155,28.89174,640.4856,11.65155,571.0722,583.8914,11.47485
"436",435,"Factor #435",13.3635,34,7.150364,260.6738,207.2976,257.7899,318.3778,257.6495,234.9685,339.8919,34.82307,541.4333,500.6205,11.0608,610.9599,298.3256,23.4286,643,306.2181,29.38039,458.6896,397.6676,321.1496,902,2070,22.58921,270.3054,828.1292,718.1512,52.70014,57.44053,343.2452,25.60589,659.0483,284.0429,54.50119
"437",438,"Factor #438",13.444,34,4.1322,249.5482,209.3709,286.5719,259.412,127.0462,160.5305,482,6.243362,461.3019,277.6839,13.0709,547.0813,681,23.80061,431.626,614,6.9518,525,399.0681,420.2038,395.032,289.8995,4.866701,560,384.9743,418,22.64055,8.866631,496,4.726864,405.7952,519,23.40101
"438",437,"Factor #437",13.4472,34,21.02407,1079,1129,1080,1161,896,963,52.79369,38.68675,4055,45.84726,46.40831,4880,94.14262,4.954055,4179,82.77947,4.08816,63.3045,4345,3218,4773,3124,21.33068,73.12326,3806,37.14454,5.719611e-09,17.57644,41.85021,32.4407,3831,40.18793,9.879485
"439",439,"Factor #439",13.5319,34,57.21292,254.6631,290.8325,295.4571,316.873,306.2036,346.7881,1327,321.3816,439.7608,12.87848,487.2719,741.7136,668,927.9387,407.7137,1364,385.9836,1269,148.3907,158.075,546.4447,27.58938,558,1421,380.197,411.7724,33.67528,281.7403,153.2252,83.22451,557.5334,1644,870.6467
"440",440,"Factor #440",13.561,34,7.368491,28.07976,47.33085,29.31377,103.3781,102.1331,95.47463,48.65027,406.0888,246.4492,15.34475,1068,242.7022,16.8595,66.63901,226.0959,29.02765,346.2264,24.12799,256.1624,226.0677,199.2059,189.0842,292.0334,13.99344,245.1388,17.09742,29.57206,366.6373,3.668156,1081,120.0445,53.77924,327.7692
"441",441,"Factor #441",13.6121,34,43.89436,3545.257,3293.284,1387.16,2095.769,1915.81,1891.898,1900.252,1012.276,15636,2553.625,510.2326,14677,539.5893,185.917,14779,389.984,242.616,853.923,20511,22052,23303,11531,260.2499,394.5967,14912,614.2765,668.133,263.7106,486.9323,211.6459,16326,152.2669,1.326289
"442",447,"Factor #447",13.6624,34,30.11627,2712,2547,3528.909,4224.544,4132.166,4374.826,2632.509,1333.663,13106.61,3120.505,1105.981,17264.37,1656.527,1761.127,13243.36,2575.262,1561.526,2479.591,9738.121,9932.026,16963.03,12703.36,1432.676,2160.264,13436.65,1813.38,2658.999,1087.659,2482.854,1383.303,11273.2,2468.753,1613.475
"443",444,"Factor #444",13.6672,34,60.34953,8454.276,8237,8092,8253,9814,10587,7052.03,3827.638,16800,8212.944,2964.342,25918,4300,4690.577,15114.37,6716.117,4064.957,6510.53,13802.69,14985.6,17670.13,13256,3632.645,5635.673,18796,4763.76,6860.056,2876.127,6670.275,3715.792,18828,6904.174,5314.46
"444",448,"Factor #448",13.6679,34,36.9715,8454.276,8212.824,8267,8193.887,9991.436,10510.44,6885.643,3868.778,16874.19,8116.931,2942.075,25996.8,4299.509,4690.577,15728.9,6716.117,4064.957,6510.53,13802.69,14985.6,15179.04,11722.74,3520.974,5408.989,18550.77,4614.449,6861.554,2830.916,6670.275,3570.759,18913.31,6799.193,5045
"445",443,"Factor #443",13.6684,34,34.26156,4146.133,4183.694,4615.206,5043.498,4989.708,5429.416,3543.13,1883.332,14353,4149.238,1450.654,19345.59,2256.341,2458.233,14556.87,3554.373,2157.215,3530.492,12590,13853,17796,13243.05,1997.685,2972.944,15528,2567.905,3730.537,1509.548,3471.5,1980.809,13882,3694.725,2466.807
"446",442,"Factor #442",13.6687,34,42.52923,8467,8212.824,8227.69,8193.887,10073,10587,7052,4001,16874.19,8261,3023,25996.8,4267.105,4818,15954.05,6716,4208,6523,13802.69,14985.6,16333.11,12828.13,3705,5639,18889.18,4764,7156,3218,6690,3809,18913.31,6904,5481
"447",446,"Factor #446",13.6701,34,45.01461,4146.133,4183.694,4615.206,5043.498,4989.708,5429.416,3482.11,1847.99,8139,4087.833,1429.676,19345.59,2217.029,2421.111,14556.87,3502.34,2128.05,3482.25,12590,12777.09,17796,13243.05,1962.561,2929.996,15640.09,2535.131,3676.004,1489.129,3421.177,1951.337,13904.72,3637.149,2436.247
"448",445,"Factor #445",13.6759,34,51.23333,8454.276,8212.824,2894,8193.887,9884.757,10510.44,7052.03,3868.778,16620.26,8212.944,2964.342,25413.95,4299.509,2592,15728.9,6716.117,1438,6510.53,13442.9,14985.6,15126.52,11731.5,2336,5635.673,18550.77,4763.76,7156,2876.127,6670.275,3715.792,18913.31,6904.174,4685
"449",455,"Factor #455",13.839,34,11.12961,1941,1944.928,2022.878,1688.242,2133.6,2200,2291.325,2363.604,1834.135,1630.887,2709.195,2605.749,1909.46,904.4297,1921.534,1419.062,2446.48,2088.465,1534.498,1603.164,2341.599,1978.968,2469.323,1975.294,2354.111,902.0001,489.6135,1814.389,2497.055,3306.779,2034.765,2355.808,941.9784
"450",454,"Factor #454",13.8466,34,3.476056,2243,2411,2450,2474,2245,2309.904,2324,2473,1921.41,1720,2321,2605.749,1909,1723,1892.072,2157,2481,2682,1414.085,1263.86,2244.789,1998,2517,2224,2205.728,1725,570,2173,2551,3340,2022.529,2429,2687
"451",452,"Factor #452",13.8479,34,17.11834,569.2613,683.1075,824.0433,537.1409,859.5673,634.8081,466.0762,290.1982,1647,347.0534,187.9049,2561,239.4741,267.8124,2091.334,377.5869,471.559,517.5009,2486.282,2656.095,3431,2116.849,290.4956,432.8107,2354.955,124.4532,233.369,273.4522,287.2583,234.838,3097.151,390.27,281.9674
"452",449,"Factor #449",13.8518,34,16.75183,996.8509,671.5072,1226.528,883.7095,1031.833,995.8656,198.246,801.3912,1407,643.4444,1017.79,1794,746.2178,657.5257,1532,859.9398,927.8456,1067.532,2284,2666,3341,1509,944.6795,883.9614,2826,645.0089,208.3624,845.9064,987.9373,1259.751,2221,868.61,993.0853
"453",450,"Factor #450",13.9072,34,10.16339,337.9015,366.6687,395.1017,448.9638,339.7451,369.5155,246.6824,98.03033,1204.967,120.8608,86.70152,1686.379,126.5867,184.9737,1132,287.8853,81.63701,101.3528,1397.482,1504,1684.437,1414,121.0342,180.0078,2130,77.7342,180.6851,111.4254,142.4323,107.6111,1484,390.8956,101.4292
"454",451,"Factor #451",13.909,34,15.43001,400.033,360.5945,414.4433,323.0817,441.896,388.7007,161.2965,30.8391,764.3053,81.99252,56.61616,1772.973,160.4957,102.738,1153,137.4371,162.7588,186.8148,1300,1543.485,1864.041,1473.569,222.0878,97.86926,2130.126,76.42557,49.97504,170.0693,252.3928,162.8859,1442,176.1604,218.7519
"455",456,"Factor #456",13.9113,34,6.372185,613,756,741,751.6215,729,748,309.1433,186.0761,354.1246,328.244,214.6922,855.3936,226.3,258.9026,553.2747,380.0447,218.7102,286.9882,391.3931,413.9215,527.7029,622.1456,420.7268,346.9614,676.6773,307.5526,302.071,266.1944,306.7896,528.0777,589.9675,385.2923,516.1475
"456",453,"Factor #453",13.9175,34,2.983773,97.62172,300.4385,344.0918,452.341,452.5315,509.1044,121.6151,31.94103,960.2301,52.38158,31.49948,1731.403,48.43124,126.4219,1215.335,90.84438,26.62844,90.53981,1430.844,1117,1518,1473.569,51.76181,59.07437,2130.126,67.69928,12.50681,15.01774,36.85221,30.92172,1560.702,131.2952,36.38978
"457",458,"Factor #458",14.0129,34,14.11435,1265.546,1531.887,2232.104,2423.456,606.2451,827.4477,1123.903,19.32014,484.0698,6121.937,4.694781,531.9781,2435.505,7.683962,544.5206,7407.452,10.71715,791.0892,634.8044,784.7692,610,547.0256,7.362991,4589.657,801,8069.224,9.502975,183.2105,7770.617,10.3287,646.9254,4876.631,37.4805
"458",457,"Factor #457",14.0219,34,17.788,4001,3705,3513,3841,3598,3649,11718,9.461587,722,10353,0.5886035,272.5174,7629,11.17576,698,11767,4.680102,9304,599,1962,354.8957,583,21.10957,11985,744.1674,13510,24.75912,395.5965,14847,2.945096,725,12639,90.16454
"459",459,"Factor #459",14.1919,34,4.941266,828.3932,707.5288,692.5588,763.2316,187.2894,185.1415,2414.983,994.8228,254.9443,2038.196,1499.199,298.0292,1996.627,201.3028,181.0963,2660.935,1172,2913.416,398.8519,529.8827,141.5215,283.7876,1061,2366.764,213.7186,2456.922,135.6681,3538,2515.156,1429,184.4712,1550.794,1418
"460",460,"Factor #460",14.2404,34,14.59312,12634.88,11488.06,13786.6,14218.48,7523.825,4337.08,3835.59,27310.28,2768.458,2813,45555.72,3869.125,3302.846,10152.4,2144.556,3327.589,27088.96,4426.74,5052.889,8494.992,4661.24,5661.922,26933.14,4109.166,7577.876,2971,4452.748,1981.726,4213.361,71978.44,1416.425,3201.367,26375.27
"461",464,"Factor #464",14.2404,34,14.3079,18240.99,20073.96,16336.7,12389.75,12780,22022.58,13010.55,14995.44,25995.09,6647.825,8350.883,8803.248,20222.94,15930.93,26115.18,14267,15978.73,15793.2,52972.73,34951.42,22495.16,17392.62,16971.16,11266.6,17884.59,22009,18093.74,1896.927,14272.3,15359.55,19055.52,12362,18240.4
"462",461,"Factor #461",14.2494,34,1.83094e-08,21999,23850,25595.4,26352,24304,25559,23466,15381,26947,13158,8221.237,10641,29146,16143.94,26115,24655,16581.31,25638,55526,37311,28561,20565,17373.22,22285,27165,19581,18743,5263,19479,19206.15,24217,23364,18873.47
"463",463,"Factor #463",14.2578,34,14.54141,16305.37,15591.73,15681.27,16435.15,15896.82,15997.44,9336.793,27489,8314,6160.288,47163,12115,10284.72,5129.395,10733.96,9430.275,27632,9650.383,13249.74,12483.54,12359.41,9631,27349,9475.554,8897,8808.112,5414.528,1819.297,9088.27,76391,11870.4,9608.29,28448
"464",471,"Factor #471",14.274,34,724.6883,15661.55,16972.42,16485.12,16278.13,15724.34,15334.27,16889.56,17843.63,2454.889,3136.77,23375.86,4863,22474.27,15404.69,4612.448,17685.98,16721.71,19215.17,11503.12,6776.016,6947.301,9519,17303.53,16810.6,6842.635,16516.86,7955.919,3662.335,10454.74,29144.72,10000.38,17346.99,18209.21
"465",468,"Factor #468",14.2763,34,27.44995,17693,19042.03,17009,13241.92,11315.31,11700.74,798.72,48930,384.2801,701.5462,107351,349.6386,331.1826,50359,403.8272,1055.359,36697,1643.532,4218.254,1189.878,671.9876,267.4379,43299,1064.429,1047.611,1238.553,31836.13,198.2325,937.0477,55476.48,1449.838,1398.83,34278
"466",465,"Factor #465",14.2771,34,16.08339,21281.2,21907.3,14172.91,14266.67,8312.031,8503.662,22477.61,14618.38,4267.635,4260.277,23575.72,5182.807,29969.48,12498.37,4035.652,11265,15210.8,23152.72,21508,35989,7342.36,3544.07,15093.92,18228.76,5561.182,4679,9660.129,5265.34,14454.25,15637.47,22173,24163.91,13585.03
"467",470,"Factor #470",14.2822,34,898,5200.579,5183.998,5294.725,5290.188,5317.486,5359.02,1254.352,10814.57,3321.158,3304,20514.92,3438,2039.249,2838.254,4566,2322.431,10733.7,1974.442,2418.143,3245.349,3390,3730.167,11372.96,2468.173,5148.479,1875.346,1937.771,1245.306,2344.625,30130.43,5455.53,2782.682,12292.52
"468",472,"Factor #472",14.2918,34,797.2696,3458.136,3418.301,5311.215,4158.179,4462.083,2724.14,1137,8402.415,2884.295,3315.015,15678.41,5042.407,1379,2898.64,3295.217,2200.583,4370.921,1106,2477.281,3245.571,3479.654,3362.311,10904.53,1734.752,4526.901,1909.769,2672.59,762.0881,1773.288,30184.96,5452.887,2011,8111.92
"469",467,"Factor #467",14.2966,34,46.10851,17693,19028,17009,13232,11305,11700.74,244.9094,48950.79,495.7025,279.8026,107380.4,518.8973,571.9941,50359,402.3308,122.1403,36697,165.2398,810.3346,746.5929,677.5301,355.2735,43299,127.9019,736.4273,183.5119,31811,142.549,34.9461,55453,1541.227,1490.361,34278
"470",462,"Factor #462",14.3143,34,138.7578,14659.85,16268.77,25023.78,25358.79,24325.99,26386.01,15378.4,11892.82,2284,8947.436,31672,10324.4,26470.04,20338,2133,13085,8439.198,21754.32,21508,8475,22495.16,19933.59,8986.536,21667.81,2240,6361,18093.74,4879.326,10606,15009.18,15411,18108.36,18319.81
"471",469,"Factor #469",14.334,34,148.5535,1597.648,14091.58,1283.524,13241.92,11158.8,11692,2699.601,16499.53,1009.668,2780.388,37590.36,1420.859,4602.79,25570.24,2133.077,9045.433,26074.52,6698.299,3672.692,5437.422,10615.79,6626.021,2995.103,5369.011,2557.033,6414.655,6211.289,676,5998.385,56631.98,11689.22,12622.5,31923.52
"472",466,"Factor #466",14.3579,34,8.921601,3239.307,3161.365,4311.277,3101.907,6018.714,6298.042,726,7161.798,1674.693,487.9453,23990.06,550.9488,929,13641.2,2133.077,1013.234,7087.966,813,3272.491,2311.997,3407.182,2144.505,7492.217,700,1955,2896.296,7113.047,791.7598,1102,9924.408,5767.791,807,9144.603
"473",474,"Factor #474",14.4351,34,6.13051,142.1223,121.501,137.2961,142.8949,140.0635,131.6287,95.39123,238.845,259.4834,48.67339,305.8948,248.0856,64.61929,309.6321,357.8872,71.67598,247.7506,71.89596,356.08,736,572,702,315.1292,42.09834,328.4282,52.7375,309.4712,44.93795,51.4841,768.4704,361.3407,72.42343,291.3181
"474",473,"Factor #473",14.4674,34,14.36956,1725.325,2558,4083.206,4175.719,2732,2518,182.0451,7663.483,248.8163,107.955,10660.03,263.6031,165.289,10988.59,189.0836,128.7359,8447.151,127.1234,92.67144,39.58539,54.76456,78.09217,10552.07,266.7841,61.59824,89.05668,10499.77,558.0962,103.7393,10562.32,91.20364,88.18322,11349.12
"475",476,"Factor #476",14.5522,34,10.51882,1210.066,1195.276,1012,1492.793,1329,1811.517,17.40865,3254.736,38.18307,11.32822,3660.197,52.9004,20.95775,3275.179,7.48463,101.0487,3290.943,42.29003,6.549462,10.74325,23.74925,7.618705,4142.829,49.85235,3.30366,80.3579,4558.894,321.0423,37.84801,3350.693,10.0119,63.80298,3518.332
"476",475,"Factor #475",14.5546,34,4.592158,70.13231,146.2256,101.0267,72.81684,81.64363,100.9295,600,225.3623,122.2171,39.7053,299.58,8.797295,891,250.4091,8.447115,543,250.5452,607,44.65948,66.09683,198.8176,180.793,264.8085,569,159.4124,515,138.4286,17.5365,390.3836,433.3903,124.8379,593,313.0283
"477",477,"Factor #477",14.6284,34,49.68529,604.7696,486.5316,810,678.9773,952.3839,780,23.0689,1351,18.68468,26.319,1561,37.34695,16.07864,1651,77.01693,21.89694,2334.377,27.1979,5.963184,63.70252,19.24723,65.58148,1496,22.75651,112.2557,24.18997,2058.717,112.4546,54.73683,2492.411,120.4069,13.94205,2417
"478",479,"Factor #479",14.6515,34,688.6173,301.8511,513.0576,358.5174,863.4337,861,897.3432,325.4237,824.9552,592.7278,667.9877,409.0089,685.5615,444.9076,945.4328,1334.541,680.4872,1018.333,772.7359,823.5213,934.7276,1240.624,1105.47,1368.415,659.4182,1185.155,672.7079,733.4566,658.8686,788.5997,816.9253,1883.792,794.3469,1786
"479",478,"Factor #478",14.6535,34,791,539,513.0576,714,863,860.9509,933,325.4237,466.4045,688,700,559.9996,870,558,664.0671,1506,680,718.6778,773,1066,1345,1261,981,1033.197,919,1616,719,589.9425,713,950,362.9766,1882,794,1300.924
"480",481,"Factor #481",14.7788,34,6.661467,374.6437,428.223,506.9745,601.2895,421.336,492.9459,270.4185,134.6469,1515,135.923,253.6223,613.2636,358.3034,133.5477,1485,323.5683,169.1746,286.5913,1471,1677,1225,1565,201.4845,266.1447,1567,180.5196,120.7159,35.08741,219.5307,199.4249,1251.354,310.6625,134.8381
"481",485,"Factor #485",14.7976,34,19.27456,1088.027,946.3955,1000.538,1092.136,772.3995,840.9746,228.319,1002.968,1390.439,183.7886,1567.83,662,215.9593,481.704,1243,275.106,1260.264,264.6337,1184.795,1252.619,1192,2270.553,1474.362,224.9518,1470.347,180.5196,608.3603,582.8996,194.1929,2586.671,1244,306.0615,1410.833
"482",483,"Factor #483",14.8037,34,15.21351,1714.523,1488.052,1184,1663.359,949,989,276.0833,1395,1836.982,260.1262,2183.569,1684.162,80.84306,729,1762.732,287.1031,1727,123.6568,1531.209,1283.061,2262.636,2427,1977.444,227.1977,2056.659,97.40534,859.4276,843,194.1929,3668,1396.863,295.1828,2002
"483",489,"Factor #489",14.8088,34,16.775,4612.068,4295,3971.872,2194,2473.508,2916.418,355,1578.225,8498.926,886.6651,1359.741,7443.856,467.6986,2085.763,8137.807,405.0018,1084.003,398.7719,6423,3764.275,6201.422,8169.395,1456.439,449.7195,7213.855,439.2423,1346,383.1248,520.7899,1827.068,4300.948,772.1603,1171.34
"484",492,"Factor #492",14.8103,34,14.10085,4612.068,4275.263,3971.872,2194,1579.747,1886.489,354.8884,1383.952,8498.926,481.6814,2205,7443.856,621.9944,2085.763,8137.807,405.0018,1719.043,627.2364,3933.949,3764.275,6201.422,5764.349,1985.468,653.2224,4827.537,305.1832,1178.7,754.6286,520.7899,3298.509,2597.88,298,1911.078
"485",480,"Factor #480",14.8347,34,13.69037,8211,8294,8700,8282,7605,7691,802.0969,2549,19037,963.8362,1924.736,19885,685,4334,19383,896,2289.479,642,20301,16455,17983,18196,3530,706,19857,672,4162,427.6259,580.3066,1698,18404,1127.193,2973
"486",484,"Factor #484",14.8399,34,13.07997,4746,2262,3860,3353,7552.266,7637.238,802.0969,2438.006,19037,963.8362,1924.736,19832.96,767.7649,4199.777,19383,896.0754,2289.479,642.3054,20057.21,16104.1,17950.32,18196,3430.951,705.6885,19714.36,789.1235,3994.222,427.6259,580.3066,1615.905,18268.52,1127.193,2846.138
"487",490,"Factor #490",14.8466,34,8.982651,4078,7377.672,8284.383,3353,3302,7164.367,300.7234,571.6941,18906.12,963.8362,544.9176,19522.97,767.9823,4199.777,18892.79,896.0754,2289.479,642.3054,19264.45,15487.67,17933.47,18031.04,3430.951,705.6885,19182.7,789.1235,3994.222,422.8927,578.5339,1615.905,18004.08,1127.193,2430.727
"488",496,"Factor #496",14.8862,34,16.15599,2029.934,2061.747,2425.213,2105.352,2535.886,2526.023,892.7832,730.2445,14428.58,820.9278,918.0004,6530.36,598.3151,1051.115,19253.02,1023.23,880.9644,883.0872,12725.78,14770.89,13786.95,13737.57,852.4785,907.8736,18178.86,909.8024,1050,648.2683,665,1168.735,6411.955,1082.823,890
"489",495,"Factor #495",14.8906,34,24.30799,1003,1091,1320.225,1047,1444.967,1273,937,785,1815.594,852.6771,912.6518,2680.989,645,562.8687,1766.801,1016,886.611,969,2544.707,993,1044,1721.771,882,950,1941.762,946.5935,768.0487,744.9193,1051.629,1135,1677,1082.823,938.1165
"490",497,"Factor #497",14.8932,34,28.54724,1799.131,1862.41,2028.022,1793.909,2153.879,2246.553,919.347,743.3287,3967.965,822.4042,918.0004,4954.606,645.1962,874.9,4039.669,1029.441,886.611,974.287,4597.903,3834.491,4299.336,3781.555,827.7971,968.983,4253.357,980,821.71,744.9193,996.9528,1176.655,4906.014,1083,928.9079
"491",482,"Factor #482",14.9416,34,7.360335,1903.51,1926.489,2810.479,864.6305,3242.083,2183,281.2527,345.254,2803,77.55112,230.93,6530.36,348.6101,488.877,3581,391.7882,489.309,261.1298,6730.267,2285,2712,2571,716.633,315.8825,5099,327.4092,651.9647,156.964,391.7036,306.8628,8291.882,625.7445,728.9195
"492",486,"Factor #486",14.9665,34,12.29104,926.7439,1247.737,1406.692,1696.693,1377.368,1840.342,53.00663,253.2365,2610,96.08214,235.8325,3865.735,210.549,547.8801,2991.032,249.0971,362.0977,166.222,2724.025,1880,2739.197,2571,411.9487,178.4216,2516.915,142.4598,326.2488,61.6335,150.5021,145.9612,3283.29,203.0775,513.6825
"493",491,"Factor #491",15.0159,34,5.374429,750.3093,731.4052,872,705,610,624,173.0026,58.84588,1913.132,207.8929,153.3941,1673.173,126.2934,469.9005,1458.951,206.7455,67.41231,86.44971,2521.362,1863.521,1228.601,1325.634,123.709,209.4076,2704,150.9465,269.64,24.63752,104.543,93.48775,1969.901,134.3384,72.97607
"494",493,"Factor #493",15.0232,34,7.946321,398.6474,558,636,579.2339,537.7817,1072.929,185.1282,111.9499,786.2814,319.6468,322.3606,2178.771,215.5174,343.4101,1144.641,358.1912,130.9504,331.75,927.9223,859.4652,1228.601,1325.634,190.2183,361.0151,2134.896,208.1108,279.1459,28.04396,200.7345,196.3174,1765.611,178.7109,135.2061
"495",488,"Factor #488",15.0318,34,5.919698,669.2652,779.7709,460.0724,744.7619,946.0844,1093,32.5368,23.15946,1946.273,16.85505,22.53754,1438.611,33.43615,371.8089,1305,8.038857,23.72903,32.1222,1183,1505,1533.272,1533,160.2236,77.12925,2229.454,40.73337,217.7389,29.68269,74.47832,49.32311,2364,142.0616,198.22
"496",498,"Factor #498",15.0319,34,3.806049,412.4,313.1337,321.982,310.6201,360.2352,374.4044,740,171.2266,41.18324,672,614.247,51.89608,1123,13.46766,53.04447,724,196.8128,713,33.60634,56.87867,29.80282,65.7181,204.9572,784,44.51533,621,89.72403,22.05708,426.9735,332.8978,44.93367,867,213.7272
"497",494,"Factor #494",15.0819,34,17.42591,416.6057,410.1988,386.0256,500.6724,463.9329,548.6248,18.36111,34.09191,690.26,17.38213,40.99622,804,32.80978,39.54445,1334.037,12.19355,55.59587,24.40018,1183,776.6322,609.324,553.3323,44.16655,48.91382,1016.094,26.76758,81.09216,9.277232,17.71602,22.64653,1345.693,30.01695,91.28662
"498",487,"Factor #487",15.091,34,5.182915,362.0396,390.8402,232.4145,302.1213,509,426.3626,16.34213,13.55142,682,13.81938,16.48933,700,5.665768,203.4335,1573,6.613216,17.88267,3.964628,1324,734,634,662.629,27.16628,6.760053,719,23.92608,98.21185,6.079201,5.296665,12.63101,1232.743,46.09376,53.16099
"499",499,"Factor #499",15.2729,34,9.80703,110.8256,74.11403,50.28296,46.00763,38.65728,66.84899,663,36.81734,15.06562,271.6951,79.95726,71.62267,1600,5.217299,21.34609,595.4046,18.90846,745,96.78319,95.30974,136.5314,25.97397,11.78556,599,74.13296,524,63.90707,15.05222,523,44.80796,32.59578,529,11.01164
"500",514,"Factor #514",15.4843,34,23.11913,6435.883,7261.777,4910.239,6377.259,5508.099,4261.478,1675.513,8885.433,3156.109,2964.325,5454.803,2315.282,713,14119.48,3522.426,963,8848.768,1177.368,5994.047,6000.062,4378.214,4824.339,5564.365,1668.613,2928.297,3101.763,16100.57,7185.981,1995.633,3842.028,3457.492,953,8050.519
"501",519,"Factor #519",15.5075,34,26.7888,2501.172,2285.159,2157.318,2174.725,2120.945,1865.244,461.6906,3447.353,5201,710.3532,2174.201,6022,245.5491,5176.025,5338,261.5186,3128.244,306.8736,5615.811,4903.665,5940.983,4281.183,2307.026,472.1676,6010,846.0144,4744.657,2701.117,730.622,2001.643,5124.06,328.0451,3366.814
"502",512,"Factor #512",15.5112,34,5.860535,8278.66,8251.94,6783.645,7186.53,7184.275,6067.197,1884.85,14199.06,4776.113,3218.576,6140.274,2092,897.6704,22880.28,4966,1667.864,14152.09,1794.744,7128.416,7665.78,6125,6386.138,10997.42,2140.163,4927,3250.096,13535.62,11527.53,2288.474,9082.699,4797.272,1548.723,13258.97
"503",510,"Factor #510",15.529,34,6.155052,8823.288,8573.211,7520.379,7443.521,7844.672,7179.853,1785,14120.61,6941.196,3237,6399.718,4713.368,844.7111,22293.3,5326.732,2356.336,14152.09,1767,8253.696,9137.857,7576.094,8105.595,10796.13,2125,6055.841,3461,18773,11427.3,1963,8929.647,5545,2324.824,12925.27
"504",504,"Factor #504",15.5493,34,5.833258,9649.557,8528,7667.279,7271,8709.956,7967.897,3051.323,14266.26,7936.196,2989,8622,5146.91,837.4939,23957.59,6635.509,2397.118,14114,2248.745,8322,11034.33,8002.591,7716,11776.49,2400.604,6867.195,3439,18773,11548,3620,5538,6533.422,2482.824,13981.54
"505",507,"Factor #507",15.5851,34,11.37747,10753.12,9817.15,8657.449,9902.352,9162.435,8689.329,5602.445,14472.03,9083.673,4872.031,9470.446,6260.125,2247.552,24473.48,7245.255,3240.482,14114,3437.929,10689.61,13165.06,9068.009,9051.77,12563.73,3044.76,7570.161,3902.601,18767,11548,4225.949,9930.447,7042.402,2686.357,14011.94
"506",517,"Factor #517",15.6104,34,11.31675,11367.52,10447.73,10212.49,11761.14,10247.32,10263.94,6184.501,14472.03,10826.49,4760.807,9858.513,7824.619,4771.181,26565.46,9558.699,6498.866,14152.09,5645.763,13062.58,13400,11174.13,12163.75,13049.54,5824.235,10376.78,5147.888,18761.93,11548,7865.371,11394.13,9277.502,5564.857,14899.21
"507",501,"Factor #501",15.624,34,15.2204,11199,10289,10154,11680,11028,11148,4703,14424,11028,4552.346,9083,8118,4427.767,27004,10175,5956,13784.05,5352.456,13618,17168,11415,12707,13081.31,4438,11402,3991,15687.51,11519,8398,11856,10686,5016,14572
"508",503,"Factor #503",15.625,34,17.56676,8973.102,8783.26,8752.607,9452.56,8857.146,8981.71,9939,6666.43,8599.932,7152,6519.32,7352.933,9145,12299.23,8091.793,10049.15,6652.713,9388,8287.935,12653.01,7927.929,8997.344,6442.774,9699,8114.109,8032.484,5648.578,4352.005,11193.54,7634.705,8211.42,10287.3,7616.234
"509",506,"Factor #506",15.626,34,20.51102,11286.38,10447.73,10296.31,11761.14,11192.05,11148,9744.456,12841.01,10635.56,7151.659,9703.072,8018.434,9142.152,24123.73,10175,10049,12363.12,9387.667,12529.1,16276.41,11482.63,12612,11913.21,9699.418,11171.71,7864.748,12422.04,9573.005,11193.54,11814.1,10463.01,9914,13513.14
"510",500,"Factor #500",15.6285,34,14.18065,11199,10289,10154,11680,11028,11148,4703,14424,11028,4448,9803,8118,3356.906,26901,10175,2489,13742,4241,13329.65,17168,11415,12707,13028,4438,11402,4448,15268.25,11361.07,6612,11856,10686,4338,14851
"511",505,"Factor #505",15.6313,34,14.13642,11367.52,10289,10319.13,11853.77,11192.05,11317.02,2492,14472.03,10837.16,3909.735,9803,8118,3280.99,27015.08,9981.148,5313.566,13784.05,4428.738,13329.65,16276.41,11415,12698,13081.31,4637.784,11402,2375,14813.16,11357.89,6784.768,11935.42,10686,4111,14639
"512",516,"Factor #516",15.7462,34,25.0463,7397.522,6719.825,6783.986,8783.801,8215.154,8360.93,740.351,8301.165,9635.298,498.6475,6005.409,6384.624,257.4894,20233.08,8704.133,1247.94,7017.771,455.7552,13822,13161.79,9268.909,10913.73,6543.305,541,10425.58,484.7432,2530.246,5989.308,1927.266,6637.879,9434.477,876.1914,11932.97
"513",502,"Factor #502",15.7546,34,24.31715,8096.431,7742.127,8436.995,9937.879,6445.001,8269,442.9898,9891.73,9959,211.0366,6396,6429.334,83.0099,9021,9818.102,578.3832,10481.39,455.7552,13822,15924,9923,11126,10899.02,655.2212,11037,436.3778,2375,7332.572,1450,10021.89,9995,2726.737,12908.48
"514",511,"Factor #511",15.8054,34,18.54711,3840.802,4600.438,7185.222,8632.861,6445.001,8445.647,442.9898,6495.802,9959,211.0366,6220.274,5088,77.10418,11406.55,8953.73,579.4891,7017.771,455.7552,13541,12615.25,9733.201,9586.592,4170,648.9219,10704.99,385.4263,1945.821,4370.103,1545.206,8198.594,9818,535,5124
"515",520,"Factor #520",15.8613,34,33.42379,326.6455,284.8907,334.9335,316.5233,155.7276,337.3542,1082,40.8039,160.5295,590.2962,141.3047,116.2144,1035,50.03969,246.3509,960,52.271,1009.239,377.5262,319.9292,238.3943,221.3682,155.3819,775,311.6888,633,88.5846,89.50931,1064,131.8004,235.2423,915,122.9338
"516",509,"Factor #509",15.8932,34,24.10448,3843.192,4380.359,4046,5007,4280.608,5150,5.637563e-09,3101.663,7881.542,434.2375,4047.006,4114.991,59.43649,922,8188.548,1.826251,3026.864,2.033604e-08,12945,11367.51,4646,7452.892,4224.589,78.96269,8129.32,136.4698,245.8822,1081,263.6748,5971.826,9259.011,384.4205,2157
"517",522,"Factor #522",15.8959,34,14.8051,1386.125,1533.898,1413.304,1179.147,865.6869,1206.207,3829,358.8333,393.6706,6222,138.9246,135.2874,2011.975,416.6176,281.2134,3436.434,319.5377,1525.633,369.8052,274.4168,159.4525,193.8602,392.1411,2805.594,307.4287,1484.633,310.1939,355.2789,1681.35,284.5702,247.4302,2900.29,338.1521
"518",521,"Factor #521",15.8994,34,19.41531,1386.125,1533.898,1413.304,1280.709,865.6869,1182.87,4029,352.3568,393.3118,6222,270.1299,149.5256,1994,416.6176,270.9057,3494,319.5377,1625,368.9054,193.504,157.3651,154.8779,380.3377,2839,279.9083,1525,310.1939,355.2789,1705,268.2931,242.6919,2921,362.3861
"519",518,"Factor #518",15.9013,34,6.327322,3014.497,3402.883,3466.094,4063.721,3435.776,4729.615,489.7479,1669.774,5071.105,2036.863,2463.172,2569.414,695.1236,608,6566.251,1405.755,1401.206,590.6565,9799.831,5843.165,4856.484,6170.063,2110.691,455.6063,5834.854,433.9725,148.7076,871,480.6311,3550.771,6108.964,718.5354,1995.497
"520",515,"Factor #515",15.9131,34,8.58048,3014.497,3191.392,3420.402,4895.4,3507.251,5033.235,91.20336,855,5536.684,522.8777,2591.511,2569.414,205.2577,659.3336,5032.866,213.0799,1230,138.429,8090.091,5843.165,4765.914,5333.552,2641.554,213.7608,6360.104,209.6413,246.1283,914.5988,419.0425,4280.784,5165.542,230.1738,1995.497
"521",523,"Factor #523",15.9213,34,10.8303,861.8516,1046.592,1004.773,901.451,681.7163,767.7666,768.3893,96.73028,281.02,4182.843,127.3945,100.2002,1378.518,307.4561,201.9912,2563.844,177.6586,1136.569,306.8574,135.2516,72.86715,69.84444,133.5529,1780,223.711,623.9175,247.7003,259.3821,842,146.6376,116.7465,1132.949,282.5742
"522",513,"Factor #513",15.9275,34,24.70616,2122,2227,2465.878,2790.792,2623.948,4857,448.7776,1527.188,4551.992,720.3069,1203.936,1665.699,268.3329,452.8218,6566.251,364.8789,1714.426,216.6221,6782.384,8260.561,4978.13,2947.601,1102.151,368.931,8081.513,116.5193,246.1283,998.3617,136.7701,2091.823,6693.293,122.7975,1947
"523",508,"Factor #508",15.9704,34,34.36637,1548,2125,2259,3189.474,2343.597,3371.702,86.86899,855.5022,4060,79.63244,2176.704,868.2779,44.7295,452.8218,5078,1.58588e-06,1139.223,32.55272,9799.831,5570.837,1745,3496.21,832,154.7087,7001.21,20.29812,172.6318,575.4864,106.476,1844,6588.891,1.684433e-06,1947
"524",524,"Factor #524",16.0819,34,7.705922,1701.155,1708.396,1620,2166.719,2158.781,2135.724,349.1155,35.22022,1570.47,137.056,930.0327,1173.251,192.0049,100.752,1667.885,423.3923,278.0683,180.3969,4524.266,2731.429,1120.229,1747.057,59.41807,277.0185,2242.948,280.7624,31.22046,187.4492,314.4145,1153.586,2176,296.507,255.0879
"525",525,"Factor #525",16.131,34,3.181478,694.5642,667.6244,807.2757,880.8757,742.2059,730.1886,1316,148.675,2471.386,1062,90.03463,4161.906,1084,155.1148,1175,1645,137.2882,1406,2343.193,1774.743,2510.633,2274,130.7678,1525,2570.919,1409,127.5191,154.6544,1271,162.4556,2626.78,1628,186.5228
"526",527,"Factor #527",16.1504,34,8.927071,5431.895,5431.136,5392.454,5684.418,5086.664,5203.859,516.3463,401.2734,19358,426.3399,400.8211,31119,278.6713,440.4004,18869.84,508.3672,288.7982,461.5462,17016.78,13205.36,19533.54,13871.21,446.7224,441.5924,20136.22,519.5788,364.2043,147.331,474.9451,415.82,18349.69,475.921,478.3216
"527",526,"Factor #526",16.1515,34,16.23363,5432,5431,5392,5684,5087,5204,503,401.2734,19358,483.331,470.5265,31119,282.9101,447,18995,552.1587,349.943,510.3298,17016.78,14673,19534,13871,447,475.4699,20073,558.5166,364.2043,158.7131,519.9125,489.8592,19099,521.2323,478.3216
"528",528,"Factor #528",16.1885,34,4.521075,1100.325,710.0279,1337.939,1689.457,1217,2201.052,36.86153,36.83005,970.9955,49.21824,88.92133,1680.425,44.09356,63.7596,2839.998,70.16483,34.32346,30.89087,3262,1962.821,2493.817,990,58.44081,36.22789,3139.763,61.12,30.45049,46.18942,51.77364,297.1913,3032.734,61.55361,65.41301
"529",529,"Factor #529",16.2375,34,3.954919,753.0954,690.0778,736.2915,850,704.3387,840.8462,534,236.8014,1111.649,662.2026,188.7286,1624.638,496,325.9706,4274.338,597,294.4008,572.2137,1147.305,1406.853,1215.266,992.7138,305.4007,542,4714.931,712.2238,453.6468,278.7437,656.2694,187.9404,4607.359,655,298.1875
"530",551,"Factor #551",16.2513,34,5.243598,933,776,697.2595,1064.255,1319.505,1229.106,1023.667,228.7545,292.7763,1623,437.075,289.731,482.3559,78.03397,308.3431,944.8344,189.2821,1489.319,266.842,142.9285,305.7544,207.135,151.3635,519,574.2706,2238,152.7757,63.50719,1284,712.54,389.4867,507.8054,195.1478
"531",565,"Factor #565",16.2672,34,7.366337,493,542,537.0923,653.2351,1093.456,950,706.8254,67.84498,130.0443,1475.073,284.4937,161.6241,482.3559,22.1858,166.8127,1127.86,22.85321,1282.428,160.6835,168.7177,119.128,169.6082,51.30161,1016.042,303.7398,1838.208,142.4952,5.055523,1779.032,392.1457,236.0647,375.2873,76.68237
"532",556,"Factor #556",16.2735,34,23.4123,999.7127,880.582,844.3192,1108.78,1273.926,1145.857,978.4148,247.905,146.131,1697,441.5343,75.11253,482.3559,71.94602,237.9187,1544.413,167.65,1462.482,247.4267,105.8348,133.299,18.00672,162.0156,973.696,110.3837,2462.78,171.9639,77.70476,1430,652.6162,196.3391,980.0084,214.6591
"533",564,"Factor #564",16.3178,34,29.31288,489,680.4538,588.7555,776.0098,1074.663,1070.697,672,51.61532,45.25759,1591.945,194.9406,78.56926,429.2634,30.17184,97.33262,1441.076,40.18774,1288.205,49.69847,11.32769,7.716559,6.043214,5.539604,598,4.872142,2157.132,6.87576,4.393676,1744.011,344.7974,4.983044,852,23.42962
"534",542,"Factor #542",16.3226,34,42.51603,1375.798,730,901.3492,1108.78,1408,1248,1092.437,191.3952,15.98512,2029,359.7113,1.789528,482.3559,59.5623,93.87795,1385,128.228,1947.602,14.99694,4.747062e-11,3.712666,53.7181,89.02089,727,72.24061,2670,61.30247,36.69712,1925,378.4789,26.26763,1676.337,118.869
"535",546,"Factor #546",16.4091,34,35.92731,1459,754,973,1518,2314.383,1969.493,2719.045,125.6207,36.00384,2704.525,213.6034,15.67164,1567.403,75.15503,26.80651,1490.564,43.01396,3333.134,61.64594,31.77185,20.70156,13.49421,135.0667,1246.016,48.99383,2584,151.9811,67.8887,2130,378.4789,42.07903,1676.337,79.69428
"536",544,"Factor #544",16.4128,34,37.58496,1248,1521,1330.041,1418,2083,2161.939,2827.914,79.31555,8.041555,1728,153.1868,12.11145,1567.403,56.01618,15.05908,862,76.91468,2546,18.60297,12.24883,7.238296,6.057313,94.48588,1347.521,25.37961,3139.253,57.38761,22.75649,2117,287.6209,11.89324,1241,78.7487
"537",566,"Factor #566",16.4287,34,7.868901,143.8622,147.1657,128.1397,140.8053,166.1589,249.2114,139.5861,210.5856,34.4983,107.9534,157.0264,75.6835,96.28665,644,57.04722,107.0733,258.1894,164.8848,99.01999,43.2316,25.84813,41.82707,255.8738,106.6656,45.36726,207.5522,2092,43.29047,160.5725,186.4796,114.298,98.96846,225.2592
"538",543,"Factor #543",16.4684,32,39.3056,1810,1526,1509,1814,2321,2530.571,2177,126.9462,19.45586,2770.208,90.8235,16.15243,967,77.28929,18.90629,3183.797,76.96044,2870,20.88074,0,30.84804,0,87.51989,1163,17.24479,3062,66.31857,72.06043,2238,185.5334,19.84403,1422,80.67454
"539",549,"Factor #549",16.489,34,39.27939,2258.453,1761.944,1864.845,1852,2376,2503.803,2194,126.8137,17.95333,2770.208,109.3133,37.13544,930.1073,77.42524,16.78736,3194.287,90.50034,4342.498,5.413965,40.20956,18.83839,6.775131,88.89034,1621.867,14.27781,3471.882,67.98649,79.01091,1970,253.3021,14.10158,3014.744,97.42832
"540",567,"Factor #567",16.5225,34,44.52458,210.1084,105.9736,360.313,371.9132,397.3937,315.0589,79.73173,154.3127,375.7362,81.28121,107.9409,285.7886,46.73276,99.35444,452.4708,83.21671,132.4253,131.0322,685.0277,602,689,390.8032,249.5741,99.01565,573.0618,82.51233,34.45572,131.2882,71.89023,372.2711,552,59.95765,169.9593
"541",535,"Factor #535",16.5369,34,16.51311,2036,2094.207,1732,1994,2262.582,2322,2311.346,63.69843,25.66528,2316,120.0215,40.80134,2513.962,77.55876,39.13857,2675,93.4112,5831.541,34.28157,1335.297,37.24118,491.0635,72.153,1621.867,30.18661,4487.51,53.66678,35.35732,1317.098,190.5899,34.99099,2544,98.26069
"542",568,"Factor #568",16.5387,34,3.332568,56.89203,72.99337,18.75713,11.31896,12.23316,72.55384,658.186,13.78718,16.67113,113.259,38.70051,23.70452,917,9.052728,6.806256,829.3739,25.77575,263.0917,10.92669,7.337333,8.236859,3.505138,18.04509,878,3.450858,8.14448,11.71851,36.56378,620.9163,4.064918,11.38745,608.6074,11.88016
"543",569,"Factor #569",16.5397,34,4.91804,231.4735,127.2458,361.7465,371.7733,405.5093,128.2121,110.5956,94.71466,375.7362,149.8479,31.89326,451.5174,37.17947,26.60968,455.5678,108.2424,31.62564,163.5255,456.9413,647,508,446.2496,18.38098,67.45461,520.8353,194.529,9.424271,11.23481,108.5884,372.2711,552.1946,113.0913,156.0858
"544",553,"Factor #553",16.5915,34,14.55802,2585,2311,2416.687,2241.269,2539.106,2687.856,3668.019,124.0533,84.97482,2893.782,144.7077,78.80302,2494.238,112.366,89.49542,2617.285,82.36472,4166.829,143.0317,3528.584,112.4837,1606.485,150.4245,1454.808,105.5925,3875.837,60.15634,66.63882,2577.038,220.8224,77.78228,1833.413,236.8214
"545",562,"Factor #562",16.5951,34,44.75695,2699.757,2204.255,2032.624,2458.237,2706.339,2460.533,1963,229.608,197.3339,2734.443,340.656,262.483,2827.533,260.5098,206.9236,1767.93,280.5455,6103.515,76.36967,3451.391,252.2112,1020.977,387.1348,849,267.4129,4286.262,85.77834,177.7475,1519,134.64,225.3936,1215.938,602.1854
"546",557,"Factor #557",16.5957,34,6.40758,2379.017,1943.256,1891.073,2184.289,2563.16,2271.953,1963,138.2702,130.4822,2298,113.4783,113.8396,2635.248,137.8528,124.4257,1827.525,115.123,5462.004,204.5087,1442,161.0677,1294.666,173.4036,1539.572,167.1817,3359.77,12.42012,96.55466,967,61.49166,120.2175,1845.289,344.4825
"547",533,"Factor #533",16.6304,34,22.38771,2611,2641,2897.527,2594,3165,3019,3399,107.2978,41.89985,2980,116.3145,67.38781,2184,90.21359,58.10235,2027,56.68603,5794,684,4734.198,12.16135,1644,127.174,1935,3.063412e-07,4265,57.37389,41.68773,3267.072,160.6259,3.557328,1979.838,68.84703
"548",570,"Factor #570",16.6481,34,29.12375,199.1588,191.937,167.2092,92.88266,92.13718,124.6772,80.60808,881,19.09587,50.17841,610,8.614021,98.52867,1356,26.87688,66.997,767,97.77258,20.18631,36.87276,13.2296,20.99627,670.2082,48.16261,16.98836,99.36276,1628,39.08603,62.39726,370.3606,13.26101,75.36523,603.3017
"549",547,"Factor #547",16.6646,34,16.1234,2649,2641,2897.527,3148.045,3169,3038,3957.018,75.41955,8.430008,3988.796,68.42032,2.923798e-11,2585.895,48.77809,1.726854e-10,2541.278,54.77823,8125.575,2112.508,5110.015,18.81168,1498,30.54739,1418,52.62526,7454.525,68.74503,32.31008,3220.136,155.929,69.92957,1979.838,237.3923
"550",561,"Factor #561",16.6681,34,18.26616,2361.861,2451.616,2178.068,2329.715,2509.432,2255.054,2988.932,39.14184,9.792762,3309.925,36.37212,16.14502,846,50.20876,18.8362,1860.038,67.41798,5098.599,1684.973,3018.02,8.398085,1177.867,18.68061,1653.872,30.84822,5722.439,84.42264,30.48481,2141.028,49.01566,28.70068,1384,26.73148
"551",538,"Factor #538",16.7363,34,18.91138,3793,4272.126,3376.708,4337.936,4214.188,3793.429,4021,43.56356,24.08917,3739,116.3711,2.407186,4659,135.3464,16.28964,1294.05,69.28104,7700,3508.666,5038,4.433858,2534,141.1169,2473.461,4.315117,11159.26,68.15032,102.7618,6108.963,118.4821,1.458226,1912.253,84.25508
"552",548,"Factor #548",16.7685,34,25.09723,4099,3942,3864.675,4250,4878.515,4479.162,4768.173,569.6684,160.6693,4844,199.0138,108.8365,4247.44,797.3352,17.44888,3071.879,94.59037,7904.512,3600.316,5420.648,143.3403,3109.531,761.3875,3376.45,81.78181,11652.34,129.259,370.2485,3297,126.0568,56.14643,2780.002,211.234
"553",560,"Factor #560",16.7782,34,5.769498,2251.933,2100.455,2086.223,2281.894,1857.38,2040.569,10196.66,2823.193,922.4524,12038.03,2625.038,808.9212,6200.239,4181,893.4119,11065.12,2182.182,7952.414,633.3484,1469.27,815.3801,1049.767,4159,7570.839,490.7662,5889.411,3327.538,1899.814,9592.632,3173.489,719.1781,11080.58,3500.757
"554",530,"Factor #530",16.7944,34,28.24659,2270.169,2139.411,2180.283,2327.819,2105.391,2142.297,11032,3545,907.0649,12548,5030,851.3487,7720.823,4114,893.4119,11210.32,3378,10608,322.449,1469.814,874.4822,1044.947,4467,9231,490.7662,11332.03,3649,2215,12414.8,3599,719.1781,11234.26,3446
"555",541,"Factor #541",16.8034,34,100.0167,2157.483,2145.71,2185.173,2330.903,2121.247,2256.76,11191.27,2877,922,12673.69,5130.336,788,7720.823,3620,614,11101,3674.594,10608,793.4647,1525.921,1062,1066.218,4530.514,9231,1008,11332.03,3668.002,2196,12414.8,3599,719,11110,3509.24
"556",537,"Factor #537",16.8079,34,100.0167,3194.009,3074.019,3037.014,3282.774,3309.7,3495.736,11032,3522.549,996.8616,12673.69,5130.336,933.3006,7460,4197.267,858.1172,11101,3674.594,9600.537,2431.401,3386.52,1059.597,2187.071,4530.514,9231,1071.473,11055,3668.002,2270.497,12237,3661.874,913.8027,11110,3509.24
"557",539,"Factor #539",16.8201,34,19.62482,4322.081,3993,3635,4250,4746,4714,5981.146,946.9721,747.5881,6474.675,887.0429,292.9561,4501.568,1275.556,284.946,5494.787,1095.601,3.975842e-09,4115.205,6948.47,325.892,3641.016,1268.459,4383.553,740.2002,13475.22,981.4699,111.4599,8875.166,1115.041,476.7196,5470.42,730.0616
"558",545,"Factor #545",16.8462,34,53.6952,1768.386,2132.086,2172.391,2278.329,2102.227,2237.006,5688.036,2929.78,996.8616,10378.25,2947.005,940,4981.316,3581.023,915.3625,8635.36,2933.163,6630,778.2577,1488.037,1015,1060.246,4481.173,9231,1071.473,6818.235,2575.344,1052,7226.127,3312.83,779,8522.299,2200
"559",552,"Factor #552",16.8497,34,46.68596,4818.912,3933.67,3817,4476.721,4513.174,4714,6798.654,2101.336,1254.807,6199.617,1903.486,779.259,4626.143,2827.67,609.9356,8951.011,954.0136,1.317943e-07,4203.237,6948.47,598.4486,3548.061,3235.533,6399.546,1788.958,14221.81,2294.898,843.181,12237,2481.034,1523.711,8227.389,1785.931
"560",559,"Factor #559",16.8866,34,100.0167,1301.575,1255.663,1432.715,1811.36,1500.986,2089.778,6044.756,937.3616,821.5115,4396.512,1468.206,757.1803,3997.747,2735.785,881,6720.745,921.5257,5458.518,738.0053,1245.139,867,1039.58,3020.566,6238.855,1007.161,7096.186,1309.546,1452.141,6950.185,1199.43,875.8998,7347.219,2144.328
"561",554,"Factor #554",16.9018,34,72.3758,1048.864,962.5835,1244.394,1598.725,1341.905,1873.89,5328.378,985,693.373,5290.691,1446,740.1298,3813.445,2462.042,790.9617,5733.327,868,6439.646,694.2746,1225.813,868.317,1038.144,1002,4766.329,1035.116,3150.601,1157.781,1107.323,7498.379,1340.851,877.5518,8522.299,2053.615
"562",534,"Factor #534",16.9244,34,29.39981,5148,4449,4827.991,4905,5554,4774,9169.748,213.1695,2156,6212,438.98,3682.803,4196,141.5153,1765,6507.406,287.2698,1451.773,5489,7439,1671.943,4325,550.6454,5264.014,3389,14187,147.1061,250.8031,7437.938,109.7616,2567,6725.441,490.6859
"563",558,"Factor #558",16.9272,34,28.22246,892.3813,770.401,1087.37,954.8958,1294.311,1547.696,5334.615,523,645.3259,1345.191,1238,721.6542,3861.339,1834.941,785.027,5287.201,481,3786.636,686.3908,1112.271,868.317,994.4212,1264.02,4552.182,1034.252,1522.325,210.3278,1034.769,7226.127,830.8996,879.4216,8522.299,618
"564",555,"Factor #555",16.9344,34,27.18845,5392.729,4449,4791.39,5169.666,5757.482,5900.745,9169.748,22.14123,2273.838,8200.127,142.6672,3514.854,4805.03,61.36849,1937.859,6424.911,126.5536,454.0798,5489,9269.879,1355.127,4696.303,234.1818,5264.014,3830.635,14635.88,62.16863,96.39756,2.55618e-10,69.98565,3517.285,6450.247,239.9869
"565",571,"Factor #571",16.9944,34,5.501865,409.723,756.7516,849.3564,964.7141,1096.737,857.3014,1103.734,63.30917,447.9224,1188.915,521.7308,521.8908,1549.875,572.4867,567.9116,1765.245,102.51,965,575.5723,599.5463,584.9821,717.8821,516.6199,1789.662,761.5837,806,120.2429,142.9471,1443.103,430.2783,874.3552,1559.222,679.0383
"566",540,"Factor #540",17.0144,34,33.72766,7477.943,4917,5547.548,6424.988,7483.587,5680,11449.08,33.513,2266,10643.83,116.6472,3686,7033.497,91.85826,2372.52,7816.273,38.29045,801.1264,7199.891,10914.22,4085.416,4987,254.6752,6280.143,3389,224.3914,46.50214,53.31298,9.238882e-09,126.4356,3895.563,9410.507,189.8037
"567",572,"Factor #572",17.0335,34,10.897,330.2517,327.6697,431.1513,489.5381,626.4891,520.1302,266.4936,320.8176,105.8995,258.2016,456.9692,110.749,203.015,692,142.3617,174.0421,423.2983,139.3305,245.2951,351.792,98.0255,180.5389,464.9619,207.6896,169.2264,188.1821,2321,129.9755,152.5485,429.0996,100.4636,248.2932,576
"568",563,"Factor #563",17.0574,34,33.71339,8388.132,6195,5940.459,7879.989,9099.269,5780,11752.94,54.15551,3633.268,12856.59,108.5868,4014.964,7078.706,53.5755,2993.672,9742.566,30.71548,171.788,7536.922,11947.44,4095.036,5733.158,71.13465,8021.251,4715.89,709.4155,59.95768,25.54048,449.6153,62.61801,4282.366,10728.11,66.01116
"569",550,"Factor #550",17.0749,34,26.13972,9549.531,6195,6626.358,9219.541,10194.64,10368.85,11397,53.88143,3633.268,14452.17,105.9518,4457.744,7721.313,51.62578,3359.832,11878.77,42.60843,38.45518,7099,13437.91,4095.036,5577,70.74601,9427.061,5001.255,784.3208,43.87215,20.76218,222.2576,70.56314,4652.631,12211.48,66.65251
"570",531,"Factor #531",17.0793,34,26.15868,10175.31,7105,5330,8775,11198.75,10923.3,11397,55.75897,3031,14756.75,105.8255,4869.161,8232.564,54.4247,2601,13100.48,43.17668,8.430057,7739,14279.24,3938,5577,72.6587,10316.29,5039.955,709.4155,49.48507,21.12344,121.9697,70.12237,4186,12880.39,69.41579
"571",573,"Factor #573",17.1297,34,368.9573,844.5279,668.1411,1833.968,2896.304,6092.706,6723.459,1548,1082,1351.828,2493.629,1286,3027.028,699.6711,3931,1377.975,2367.655,1195.892,1710.807,642.1377,1090.842,1014.177,501.8851,1765,2345.373,1961.906,192.7743,28.76185,285.0538,450.643,448.7385,2291.558,2813.94,3155
"572",574,"Factor #574",17.131,34,58.45599,682.142,593.8725,646.8343,685.9834,1096.735,1395.207,874,26.86999,392.0112,1397.788,94.94394,584.7273,1366.76,679.5117,364.4895,1489.566,80.00483,1024,860.9466,990.5937,300.8028,471.4609,209.0628,1324.393,501.7172,801,385.3205,37.88006,885,81.78738,562.4937,1093.438,557.2625
"573",536,"Factor #536",17.1481,34,32.47257,15221.13,11125.66,9079.858,12344.67,14681.33,14236.41,6.855319e-13,23.3254,4294.581,16192,9.206894,4680,13381.11,9.775089,3187,13245,43.17673,62.12596,11566.6,16046,5148.391,6680,13.94767,11123,4841,801,46.13347,2.757081e-05,26.50702,58.34618,4937,12546,60.00653
"574",532,"Factor #532",17.2213,34,27.47886,18344,15303.4,12749.31,16682.94,19044.71,19035.68,1.906893,4.096272,4502,16036,2.059011,4247,14002,14.13473,4284,2.772048e-07,18.39507,39.83454,11466,16169,4929,9940.996,4.326774,15636,5120,2107.745,25.23404,20.37542,52.25583,21.05039,4968,1.459828e-07,98.11023
"575",575,"Factor #575",17.3169,34,14.03973,1159.34,1096.201,915.8723,1198.951,1266.204,1086.17,1840,122.4548,579.4998,83.29468,117.7538,1137.973,91.59547,460.0251,672.7855,2039,10.56554,426.3603,977.878,693.9303,386.1321,519.221,1.210846,1980.966,712.8714,225.3043,524.177,37.09908,811,2.786272,615.6422,1986,0.9675159
"576",580,"Factor #580",17.3469,34,15.35928,24854.88,20457.37,18961.36,24442.11,25178.35,24911.44,272.318,255.801,5474.28,3061.927,33.35791,4457,2.430422e-08,141.7243,6132.555,138.8054,431.2847,487.7888,16072.96,1398,5878,13458.36,242.4796,11874.26,6698.509,2601.271,106.9813,282.7956,311.9741,716.7041,7103.12,236.5481,68.14077
"577",582,"Factor #582",17.3478,34,16.64517,1715.421,1571.966,1377.335,1539.781,1470.161,1445.434,588.0411,956,1510.256,624.8664,1242,2112.113,181.5508,184.1366,1435.863,591.9166,900,343.231,819.9563,835.7861,2302.937,3242.279,1021,584.5514,1621.361,382.837,239.891,665,582.8243,1853,1453.933,516.8414,802
"578",579,"Factor #579",17.3576,34,16.47562,27989.8,23590.02,20472.54,26346.28,25227.09,24843.55,14.2823,67.76538,5585,2866.15,78.11132,4534,4.227444e-10,38.59285,6200.294,47.04474,40.29178,407.769,17294.3,1070.545,5878,16789.51,76.85782,8.143687e-12,7034.457,2534,54.50522,56.03225,194.5939,107.5,7275.88,36.61795,55.38751
"579",576,"Factor #576",17.3656,34,16.19,27678.01,25479.09,21184.77,27040.44,25100,24703,11.26992,18.32569,5585,2638,22.84886,4395,14.91986,36.18962,6037,33.1619,38.44748,464.8943,17373,609.4239,5878,17087.87,44.25872,3.205403e-10,7181.79,2573,55.12609,31.76523,128.3381,63.36056,7594.154,22.43122,24.51396
"580",583,"Factor #583",17.3741,34,15.88217,1233.823,1165.807,998.134,1259.125,1198.837,1286.604,450.4367,35.65472,422.7835,363.0781,84.52758,651.406,721,119.1015,540.6625,673,60.59912,602.9614,1096.294,909,936.8179,776.8764,52.74728,694,756.2742,534.5662,146.9418,61.07923,816,208.2609,972.0135,917,60.52141
"581",585,"Factor #585",17.4124,34,20.54376,931.6506,927.483,770.0839,906.9623,425.9207,1.760564e-09,17.20066,136.5719,4.313457,20.75524,13.47791,76.79945,22.17575,2063,73.53711,23.738,11.35437,43.06585,650.0329,40.40217,86.89785,464.9188,20.12433,34.63101,76.69902,128.2573,2934,54.47569,26.39402,13.77431,89.05496,24.11484,52.19425
"582",584,"Factor #584",17.4185,34,23.92142,451.2653,1022.038,803.1432,954.6843,492.32,4.722536e-08,31.71382,261.5242,49.32439,44.69577,85.06227,1.003265e-07,35.78165,2059,48.80188,27.06247,11.10942,46.84715,656.6601,21.71765,5.505552,481.4746,62.66356,16.27608,73.50649,125.2152,2934,54.50002,28.1021,30.58046,77.93861,46.0199,55.52305
"583",577,"Factor #577",17.4287,34,24.96393,29163,27885,27828.42,30267,24804.65,24884.17,304.0851,3.581221e-09,8331.997,5031.246,3.455598e-09,4677.758,6.928358,28.48213,7120.6,7.269554,41.98674,244.7711,17373,849.4072,5717.47,21739.4,57.88222,25.03635,9730.261,350.8423,67.62251,54.93903,266.4299,39.51363,7621,26.86649,53.5383
"584",586,"Factor #586",17.4522,34,58.39864,1061.809,977.2743,1008.432,898.3445,50.76278,95.06167,7.704914,678,77.41915,73.21163,150.6303,30.81073,11.07941,538.8589,55.37693,10.48004,674.5075,27.37611,393.8697,3.090937,2.440421,730.6663,621.0242,6.146153,81.16082,11.11854,875.2035,227.2598,7.061741,16.69365,45.97232,3.815227,694
"585",587,"Factor #587",17.4876,34,58.39864,2050.004,1182.266,1548.066,1395.241,920.89,281.2016,34.03223,488.6243,2205.828,348.4238,274.4336,1244.15,56.00486,478.9496,1319.135,69.33634,571,29.75643,1.103036e-08,8.271253,239.0892,2370.136,844,33.02033,64.73546,232.8161,543.1825,666.4593,68.27945,239.781,29.1153,84.11663,392.8228
"586",588,"Factor #588",17.5149,34,37.34579,10948.96,16123.07,23421,8656.827,3310.958,4452.657,4.505381,63.84967,9535.008,5801.938,35.15775,4461.771,26.75271,29.40542,7629.34,121.3467,49.99924,130.0829,1333,39.59739,6036.901,20446.07,106.363,7.581955,9463.198,436.9159,51.51829,77.16322,18.85974,28.67723,9947.786,2.651747,48.81274
"587",578,"Factor #578",17.5201,34,16.80537,5364,27738,29224,30015.2,7404.571,6448,267.856,69.82864,11826.36,7257.727,42.70318,4953,0.6767545,55.79025,7922,60.67008,31.47253,134.6616,5866.501,12.81108,7970.993,26612,118.3757,60.7269,12469.3,556.8487,84.14886,39.5985,175.4163,16.46282,11934.99,0.6079059,9.602849
"588",589,"Factor #589",17.5653,34,6.586149,1945.225,1307.294,2310.474,1854.329,1868,1185.231,384.6287,198.1782,2887.945,694.0242,75.07776,3101.521,202.0212,197.9462,1475.12,462.6797,299.1457,279.0514,1287.869,2354.779,3236.563,3644,657.7336,478,3607.876,414,497.1456,666.4593,221.059,239.781,3014.505,364.2098,490
"589",581,"Factor #581",17.569,34,25.19498,4227.359,12514.64,21322.28,5111,2255.725,2639.174,332.9986,233.7276,13813.63,7257.727,96.69642,7781.87,183.3986,214.6557,13023.01,278.2711,208.3272,272.8299,536,1723.913,11053.64,26578,541.2183,319.015,17546.9,167.0474,273.9394,478.3673,384.2817,153.936,16462.72,282.6423,284.3919
"590",590,"Factor #590",17.5724,34,21.78346,1689.64,1096.56,2458.323,2417.134,1176.275,935.6333,398.2656,276.1939,2711.165,412.7142,120.3174,3872.966,247.4361,278.3689,3101.968,521,303.9709,279.0514,1902.632,2661.744,1470.156,3602.33,419.4582,520,3431.639,326.6958,418.4234,441.4101,247.4621,208.9343,2773.722,467,413.8993
"591",591,"Factor #591",17.6407,34,4.104731,7.205924,8.820992e-07,400.5166,277.0215,351.7214,374.8886,107.6626,1205,665.7431,132.3606,119.4203,836.6041,76.98627,41.05293,676.774,79.90508,854,61.38929,736.9625,1247.38,1294.813,360.2148,784,15.21118,1050.428,72.93161,27.09488,118.2907,71.90563,91.8562,944.2849,102.639,882
"592",592,"Factor #592",17.6609,34,23.84062,770.1072,6068.712,5091,4745.384,2595.545,3343.08,247.4825,290.1199,19186.51,7223,552.88,11240.6,147.1405,49.62273,16584.17,309.4488,192.7445,272.8299,525.7537,5168.51,19792.39,2654.885,363.5996,62.84884,22027.78,174.1874,33.97187,52.50328,666.2039,361.468,21367.79,109.756,237.8099
"593",593,"Factor #593",17.6849,34,5.942822,570,1522.794,1299.113,740.1653,759.0518,903,160.6548,464.1013,8776.414,2614.43,1008.971,5928.004,285.8931,8.100358,9152.974,248.4284,887.0867,294.4607,6318.151,12118.47,12723.97,4606.253,1010.698,417.9694,10961.74,508.933,180.8884,429.5196,384.9166,1513.551,11323.04,434.2326,1111.082
"594",594,"Factor #594",17.6915,34,18.67516,226.4072,225.6222,240.9911,340.2171,292.7551,352.3174,547.577,85.69486,1064.597,533.3956,200.7562,1537.435,614.9943,34.92673,1159.049,586,99.72011,501,1103.233,1934.855,2045.042,1134.918,119.0563,544.5545,1730.957,720.6604,67.69818,104.827,566.4037,168.5228,1568.622,687,123.1811
"595",629,"Factor #629",17.7381,34,29.80682,1304.562,1030.09,1196,1124.499,1647.386,600.1643,763.7961,739.6465,21570.05,3166.754,1783.199,16209.96,1175.171,77.21732,20508.6,996.0415,894.7517,830.0937,6930.848,14183.24,22639.25,5367.804,1245.997,952.3262,27406,1557.076,24.37739,469.4911,1256.846,1854.074,25281.63,1221.619,1393.76
"596",602,"Factor #602",17.7507,34,35.05219,2518.203,1855.145,2199.939,2444.502,3216.42,2640.942,1448.583,1373,4599.867,2411.872,3063,4933.43,1978.068,125.0681,8109.003,1609.591,1865,1412.977,11771,24192,22020.3,8427,2127,2322.81,12515.22,4715,25.82383,760,2429.65,3065,13814,2182.833,2337
"597",608,"Factor #608",17.7569,34,35.24663,2607.009,1886.345,2362.261,2559.061,3263.169,2788.028,1593.898,1381.389,4686.141,2646.591,3063,4992.803,2193.857,137.6366,8194.148,1854.188,1864,1592.295,11715.21,24023.25,22020.3,8401.891,2124,2747.202,12621.99,4814.623,45.40601,874.459,2688.91,3065,14245.46,2489.815,2378.431
"598",624,"Factor #624",17.7668,34,35.47257,2425.555,1855.145,2420.07,2559.061,3284.312,2766.722,1760.343,1379.157,4586.008,2273.757,2904,4815.902,2300.325,148.5263,8176.206,1854.188,1817.278,1510.692,11078.28,18719.84,20488.17,4003.247,2077.248,2909.972,12612.28,4723.639,61.33899,852.6381,2875.065,2957,14223.3,2709.593,2428.991
"599",620,"Factor #620",17.7768,34,8.206573,2425.555,1817.823,2199.939,2413,3284.312,2788.028,1169.925,1263,3890.681,2204.636,2882,4265.333,1978.068,101.7912,6301.591,1854.188,1844.917,1510.692,7654.307,14758.18,13058.98,4922.717,2077.248,2135.526,11131.62,4814.623,52.00969,590,2325.641,2982.044,12448.96,2345.978,2497.33
"600",630,"Factor #630",17.8146,34,26.59682,331.8879,401.349,7.5305e-09,10.93262,415.4752,366.1651,982.2529,171.7105,26980,5.669874e-10,392.3264,25015.65,659.812,20.94663,27373,1234.352,230.5681,520.4542,927.2765,1347.534,29657.21,635.2673,269.6077,1045.579,28406.48,675.0611,44.46952,88.33641,920.8071,410.1387,24173.58,1014.927,328.7972
"601",599,"Factor #599",17.815,34,7.942228,2179,1921,2506,3125.897,3620,3144,2004.765,1286,4273.597,2740.147,2888,4224.375,1771,101.5884,7466.015,2516.619,1865,2086.972,8657.666,14590.6,15389.58,6741.679,2113.216,2910,11078.6,5207,14.25094,630.2718,3413.011,2963,12979.58,3209.191,2443
"602",614,"Factor #614",17.8476,34,7.904928,2693.015,1960.18,2460,3088.507,3420,3081.509,2042.211,1222.262,2877,2680.415,2561.771,5802.529,2573.644,38.78457,7189.408,2762.259,1725.098,2498.17,5787.287,9608.024,7502.646,5130.375,1995.929,3712.556,7941.373,3643.789,87.00138,567.1389,3338.162,2242.701,10707.59,3461.28,2416.667
"603",595,"Factor #595",17.85,34,15.91635,2723,1961,2527,3088,3620,3126,2053,1267.365,1995.834,2723,2566.701,3906.101,2631,91.49573,6506.059,2709,1781,2602.405,6077.961,9967.206,10689.79,3642.667,2004,3647,9058.888,5207,80.53159,533.2019,3439,2518,9874.662,3305,2532
"604",609,"Factor #609",17.8709,34,8.552919,2767.842,2024,2533,3125.897,3534,3203.586,2261.025,1263.085,2164.408,2745.681,2569.267,3934.981,2400,32.30452,5783.83,2763.572,1693.513,2606.775,5223.493,8710.674,9299.711,3443,1813.251,3800.115,7423.982,5216.421,7.490802,534,3486.419,2553.119,8622.993,3478.828,2277.726
"605",597,"Factor #597",17.9162,34,15.53966,2163,1968,2491.525,2728,3232.834,3037,2272,1229.876,2037,2743,2605,2338.316,2316,98.46091,4636.313,2704,1613,2529,3877.327,4205.183,7319.513,3642.644,1883.016,3626,4274,4717.343,87.00138,443.2142,3492,2378.647,6079.819,3587,2287
"606",617,"Factor #617",17.9478,34,10.73679,2343.044,1551,2322.491,2379,3228.263,3085.901,2272,1204.648,1870.964,2365.625,2521.184,3278.373,2448.726,67.89897,2516.995,2860.039,1585.451,2556,2474.205,4109.766,4778.306,3337.224,1647.015,3615.779,4090.517,4515.657,84.98224,419.9144,3434.718,2323.014,2669.74,3563,2146.873
"607",596,"Factor #596",17.9663,34,7.746395,2223,1731.095,1881,2171,2838,2600,2179,1304,1305,2756,2605,2175.711,2316,97.04785,2364,2770,1611,2608,1423,4553.032,3679,2323.035,1916,3593,3813.736,4702.026,38.82218,418.7712,3439,2349,2702.481,3463.873,2277
"608",598,"Factor #598",17.9694,34,10.03276,2175.204,1731.095,2322.491,2080,2466,2715,2157,1226,1311.414,2756,2624.463,2671.168,2316,97.01566,2087.471,2801,1611,2608,2109.109,4442.952,2293.429,2322.021,1662,3750.264,3165.826,3440.466,37.78873,294.9298,3467,2309,2701.992,3463.873,2260.203
"609",606,"Factor #606",17.9696,34,28.86207,2175.204,1731.095,2066,2294,3235.458,2650.199,2100,1226,1097,2756,2624.463,3085.181,2291,94.9832,2062.181,2860.039,1612.6,2608,2109.109,4442.952,2918,2323.231,1656,3750.264,3600.435,3438.957,40.90204,420.5849,3462.24,2405.699,2701.783,3463.873,2260.203
"610",603,"Factor #603",18.0713,34,3.718406,1403,1549.563,1726.905,1999,2198.194,1974,1831.149,641,712,1874,2506,1771.398,1590,46.02042,908,2417.653,1402,1690,975.8811,2257,1408,1201,1154,3284.522,1739.383,2928.366,47.46783,156.6552,2950.353,2245.879,839,2629,1908
"611",605,"Factor #605",18.1176,34,19.20063,1390.689,1182.922,1276.349,1627.157,1755.121,1988.309,1804.066,732.763,521.6315,1519,2159.664,744.0145,1428,234.2613,607.0503,2045.573,884.9721,2140,337.7145,962.8194,1400.443,714.5691,1077.31,2453.282,636.8822,2555,296.8251,355.9947,2299.664,1947.742,616.5742,2372,1277.16
"612",625,"Factor #625",18.1282,34,7.075447,1401.937,1154,1350.969,1744.88,1812.591,1599.505,1228.662,785.7161,659.8437,1373.881,2090.205,888.9612,1583.581,32.47235,950.9392,1578.687,800.9191,1411.345,911.7246,1334.453,1065.82,1020.518,1061.279,1819.064,938.0221,2392.638,38.58324,152.1163,2102,1934.923,695.1119,1884.439,1170.435
"613",623,"Factor #623",18.1329,34,12.71847,1382.899,1260.614,1409.556,1563.876,1791,1910.576,1507.098,754,597.0742,1373.881,2139.355,785.6411,1594.625,105.7359,717.374,1709.502,883,1703.604,342.708,830.6055,849.6891,975.4346,1077.31,2299.563,391.7313,2228.076,68.65774,232.8856,1988.214,1853.189,695.1119,1938.301,1170.435
"614",619,"Factor #619",18.1338,34,11.28937,1686.066,1527.534,1540.943,2278,1993,1831.468,1536.959,608.5769,3167.219,1431.987,1824.107,5638.209,1346.88,88.95046,2958.357,1576.804,628.9143,1583.654,2367.612,3753.878,1204,3260.161,978.896,2161.745,2851.534,2243.476,90.16635,192.6107,2025.14,1709.585,3074.392,2068.924,1050.273
"615",611,"Factor #611",18.1379,34,27.14808,1389.107,1297.654,1418.998,1660.18,1812.591,1993.113,1359.533,514,640.5123,1389.653,2176.948,859.7451,1425.478,213.5396,742.4571,2041,890.4603,1671.235,422.7867,914.692,1196.404,975.4346,920,1873,560.6676,2392.638,74.57369,216.9365,1970,1897.177,648.8684,1778,1134
"616",601,"Factor #601",18.1487,34,17.57104,2178,1812,2227,2326.162,1935.872,1892.534,336.5002,104.8528,3231,505.876,278.6815,5706,306.1256,62.71992,2990,586.1371,112.0552,496.7609,2432,3772,3121,3072,137.0482,467.0808,3231,883.1617,46.38043,62.52094,546.9413,268.0583,2969.52,564.5017,127.9669
"617",631,"Factor #631",18.1488,34,7.690475,556.8394,517.1552,724.7366,801.028,749.9755,787.1328,566.4574,17.57743,1801.38,90.55166,721.7974,1971.706,433.2131,45.11715,1786.606,702.6525,278.0507,662.2987,1698,1845.298,1827,1704.711,370.9645,864.6634,1787.162,603.2799,45.83275,62.21615,789.4055,659.491,1740.549,858.5839,328.3468
"618",616,"Factor #616",18.1509,34,24.53107,1446.334,1113.379,1144.304,1635.948,1700.045,1857.759,1005,490.334,682.0896,1371.231,2124.169,922.2074,1277.786,32.64204,751.1935,1610,857.7541,1368.344,278.4038,911.5787,888.9225,905.5261,1073.493,1538,518.9814,2236.292,40.00937,151.291,1984.947,1962.985,417.8564,1884.439,1341.902
"619",604,"Factor #604",18.1593,34,4.629272,1014,869,1187.343,1212,1759,2025.356,1121,477.7952,280.455,1384.388,2071,448.4095,1218,22.69373,662.8546,1677.092,743.7545,1367,141.9629,973,777.5509,855.3184,1077.31,1538,433.8704,798.5733,17.31674,147.0159,1882,1780,645.7024,2313.043,1028
"620",612,"Factor #612",18.229,34,3.640646,839.7753,868,1131.088,1095.416,1279.909,1849.183,629,200.5768,414.5179,843.0406,1336.952,240.0601,919.3108,24.26872,452.1078,1345,436.9235,934,288.6779,643.1381,800,528.4305,728.8717,1292,474.1814,826.4853,16.48749,117.1135,970,1804.847,508.5396,1209,744.7533
"621",618,"Factor #618",18.2874,34,3.71441,842,686.2868,893.2026,1198.786,1239,1226.615,773.939,280.8209,445.0087,810.5227,937.2264,192.4468,791.7302,54.2151,722.5036,999.3174,256.823,694,331.2682,408.9521,755.6143,577.7917,396.7342,946.3064,617.9021,827.959,238.7678,118.7281,970,1317.871,562.9715,1106,254.894
"622",627,"Factor #627",18.2899,34,6.449986,830.867,689.9331,798.9734,1044.379,1273.272,1183.119,578.018,507.6553,517,727.805,759.2198,516.7021,393.4613,147.1872,605.4504,877.5,483.8183,621.1279,661.2913,767,1083.158,978.1128,677.1204,872.741,549.7145,830.1354,609.2985,139.135,998.6996,1116.591,580.0545,1082.585,572.0188
"623",632,"Factor #632",18.2947,34,11.74007,839.7753,686.2868,824.1054,966.0388,730.1065,726.4163,355.5916,526,816,176.5386,740,669.1567,168.5783,156.8624,849,370.6819,523,179.5648,1016.069,852.8572,1083,1226.649,692.3298,416.3036,1109,163.9231,756,112.4974,280.2896,894.8827,722,408.9881,581
"624",610,"Factor #610",18.3138,34,3.739815,767,750,898.96,1214,1216,1252,495.4972,179.445,446.8209,495.4195,644.3736,256.4925,515.144,37.68925,673.7861,803,186.8333,665.8557,268.5664,640.777,527.7555,500.4112,287.2839,991.1726,636.4698,519.5589,82.75879,115.5921,905.824,1293,522.7603,784,254.1729
"625",621,"Factor #621",18.3446,34,24.80746,920.8438,759.4112,902.7565,1173,1273.272,1267.116,389.7136,182.9737,597.6927,219.075,757.6077,245.2007,439.0868,22.53342,607,584.8124,143.4702,505.5362,258.8968,874,504.8689,374.7057,321.1727,906.2616,617.9021,477.6237,44.99574,61.37141,819.3946,1090.57,563,804.3071,394.1176
"626",613,"Factor #613",18.4031,34,38.66322,1069.123,589,1085,1173,1602,1299,239.0055,90.35315,714.5521,243.7903,497.3118,472.1068,451.0948,55.67135,707.7428,736.81,139.6211,428.5032,404.3797,1242,753.2562,508.307,284.136,755.321,704.0282,450.7736,42.23419,68.80566,742.0654,1092.334,674.4018,837.7286,383.2614
"627",600,"Factor #600",18.4041,34,756,720.0595,761.7562,855.2757,773.3355,705.1253,494.6673,784,839,1386.801,2309,527.8767,1330,965,1084,1843,1151,772,1203,631,814.1142,694.5037,1285,872,1056,1572,1315.523,675.2598,736,1014,519.8831,1504,1220,883
"628",607,"Factor #607",18.409,34,398.479,1027,830,1152,1295,1602,1284,435.6434,303.4005,1036.549,1223.262,398.2239,727,320.6037,511.4055,1032.623,814.8187,409.398,608.1985,389.2059,1277,776,782.1619,536.7683,868.7901,1186.411,824.7349,367.2844,420.5747,834.4986,1120,1062.915,837.7286,469.8546
"629",633,"Factor #633",18.4125,34,198.1009,285.2098,198.5346,319.4884,112.4265,222.3357,181.8662,352.5016,268.1687,1486,876.2356,89.44429,574.7523,179.4807,357.428,1847,248.5225,241.3381,496.7257,112.3536,160.5872,320.0989,529.5092,322.3676,419.3286,605.6752,546.7371,371.2111,237.549,346.8253,180.8694,425.9552,492.9858,231.9275
"630",628,"Factor #628",18.4154,34,703.6046,736.5835,482.6853,585.2186,658.1873,628.8046,619.8363,563.0311,778.5635,1379.325,1334.413,451.6216,1391.351,501.9068,829.2172,1387.863,492,772.1344,856.646,569.0389,788.0935,750.8469,1180.357,782.298,918.6696,1469.245,1218.636,646.0287,568.6708,997,469.371,1360.792,1219.731,614.6372
"631",622,"Factor #622",18.4565,34,87.10872,966.8806,742,1270.528,1234.205,1337,1421,395.2184,177.2312,240.4403,373.1701,420.4611,590.6767,428.058,190.7292,786.8487,479.6902,157.9291,450.2231,422.497,845.2176,769.8132,548.3847,138.6673,563.7834,165.4687,732.6251,150.5022,109.6443,484.5023,1134.12,688.4908,695.721,409.4923
"632",636,"Factor #636",18.4803,34,6.815599,606.648,507.7076,548.4321,725.5016,800.9623,739.4802,551.1304,95.32061,164.9778,400.2871,131.5521,214.913,664,66.08277,226.5617,627.0436,63.33163,599,129.7712,380.6197,332.0087,177.0783,91.44806,645,264.3082,745.3368,98.12046,22.02234,573.0766,394.0327,233.3714,674.4775,93.57694
"633",638,"Factor #638",18.4834,34,7.23074,292.3837,273.2084,240.5822,324.0434,181.0117,266.3461,563.2594,53.83757,155.0739,417.3358,21.788,320.988,634.6477,69.47214,59.4976,632,32.85104,581.7194,93.97165,46.66126,192.663,140.9817,47.72436,535.9031,141.1643,653.479,87.32141,13.41643,470.8737,38.85504,193.9281,686,57.00646
"634",639,"Factor #639",18.4843,34,7.801791,56.19726,87.89283,138.3732,81.40501,67.43662,48.68,39.92666,22.23437,537.1693,49.4473,26.47684,626.7381,35.25332,60.87488,583.4728,17.74262,47.04109,34.35054,525,536.2378,787,419.8565,28.43898,33.32953,604,57.9173,56.81042,16.63697,38.62704,32.55848,606.3333,42.84879,62.23262
"635",637,"Factor #637",18.4854,34,25.12587,870.5093,773.7866,849.9976,1116.884,1424.469,1349.785,400.7347,110.3475,580.0806,370.065,181.8939,380.0028,368.7662,27.40575,645.5927,434.4812,103.582,401.1015,486.332,798.6916,503.9129,463,160.7033,377.2534,409.6401,542.5521,16.89685,37.44584,582.6822,572.5702,606,494.929,156.1995
"636",634,"Factor #634",18.4882,34,28.15874,102.4718,25.17914,104.3556,144.7683,172.2626,171.8803,155.0456,30.22833,18.68826,260.3347,44.45878,55.70981,190.3249,28.94866,19.14561,344.4469,48.40364,390.6454,53.02997,118.0007,44.16373,40.89651,47.65698,196.3884,34.28224,2151,54.41188,28.85096,2433,59.67034,66.21298,382.1449,43.86322
"637",615,"Factor #615",18.4903,33,4.042529,924,790.7602,840,1159.881,1209,1050,399.8428,46.89362,236.0643,365.2107,177.8904,159.0639,435.1041,35.00099,290.212,436.6889,63.21395,455.6667,422.497,803.0225,369.0884,465.2702,148.5315,544.7853,251.5678,746.1534,39.98478,9.51505,426.9849,379.6969,684,657.4325,0
"638",626,"Factor #626",18.4938,34,5.434966,911.5958,773.7866,849.9976,1116.884,1345,1302.209,402.5942,89.36274,151.7715,366.8514,175.8544,256.8279,439.0433,20.75726,226.6127,436.6889,77.72128,458.4725,454,662.5345,393.2983,412.9698,155.2314,504.6789,240.0834,589.8292,11.01396,33.59254,601.1614,379.242,614.5925,559.0553,136.0906
"639",641,"Factor #641",18.4982,34,7.505266,818,719,698,997.16,1438.109,1235.617,395.604,82.78505,257.9166,352.5643,177.8904,132.7481,265.0827,63.23694,352.7431,431.8666,107.2562,447.081,415.9192,803.0225,402.0012,261.3533,161.1814,240.2811,140.9021,463.1728,39.32755,37.70235,582.6822,373.7215,557.0333,494.929,162.2059
"640",635,"Factor #635",18.4994,34,28.10271,147.759,8.94216,111.4039,191.2914,214.9257,199.9082,157.995,29.1789,31.25186,351.2081,21.61082,43.35508,101.1833,18.27855,49.02653,344,7.349155,390.6454,67.54609,20.25271,58.19297,42.82728,48.24206,403.8104,44.43102,2129,40.06791,28.8916,2588.755,14.438,50.12907,302.9816,35.44418
"641",640,"Factor #640",18.5743,34,24.11479,1143.843,1453,1059,1359.108,795.9344,700.9064,22.60584,31.28141,1547.476,39.04089,47.05822,1410.741,144.6032,14.62495,1195.266,52.26635,37.44892,135.5642,1192.977,1557.563,2217.315,2078.892,42.41915,26.66381,502.184,186.7526,9.718217,13.34087,148.9319,145.2029,213.7416,88.2384,81.56884
"642",643,"Factor #643",18.6057,34,21.16305,27.5225,20.77083,28.00878,26.81332,47.97731,25.60354,110.3599,127.8826,6.272339,244.7207,135.8597,6.592368,106.7808,57.77333,4.780602,506,139.0746,148.8162,10.96121,34.46534,6.196852,7.656178,145.8065,705.1483,7.439855,540,50.31915,49.49302,3928.397,219.8844,11.74432,428.316,43.76615
"643",642,"Factor #642",18.6175,34,24.3005,1694.394,1492,1297.742,1333.239,845,941.2291,20.49452,33.77774,3044.956,35.69164,58.74374,2274.549,83.82075,17.14517,1364.529,76.65682,49.97323,38.41594,3858.981,6230.532,2217.315,3274.98,48.85732,71.65975,1923.189,201.9459,3.437063,61.32829,118.2183,118.7652,1046.277,128.7021,38.20086
"644",644,"Factor #644",18.6637,34,9.876812,2211.498,2513.379,2508.166,2202,1675.314,1440.528,31.69842,17.42195,2701,11.19945,31.04803,3412.116,84.91078,45.17269,3043.95,51.09716,61.39172,7.371415,5186.524,6904.771,4152.343,4469.023,87.53445,14.83323,3381.702,43.5809,18.80016,13.98324,58.47,48.09219,2108.989,14.05555,23.80766
"645",645,"Factor #645",18.68,34,21.15718,17.25071,20.75018,23.4406,29.10801,17.26871,27.89856,2233.814,53.95607,12.18548,164.6176,63.82521,3.379547,417.7888,25.128,10.0777,1608.156,44.47309,38.59245,58.48821,30.90715,1.700356,9.624647,56.44015,1881,17.75069,235.6499,35.1658,37.09023,6542.462,39.30713,7.712413,1558,57.9578
"646",646,"Factor #646",18.6871,34,25.04892,2812.402,2631.89,2793.253,3161,1542.138,1194,22.22954,56.14201,3044.956,86.05332,70.28118,3487.875,91.70474,29.57318,3043.95,33.66055,24.87958,20.73375,6068.107,6575.55,4847.213,5932.581,50.67955,24.51957,2996.971,85.02311,42.32484,37.16589,77.64141,59.49799,1947.838,26.28575,30.52575
"647",655,"Factor #655",18.7838,34,58.45639,8677.177,8859.592,9263.257,8965.115,8077.766,8271.35,3540,7582.56,11793.66,2338.562,5080.807,13753.97,1566.981,7793.707,11483.56,4794.24,7235.032,2325,8691.486,4792.897,10589.49,10748.2,7914.027,4998.88,11541.81,1992.571,8752.271,6199.8,10423.48,6222.426,10889.43,5453.651,6186.35
"648",653,"Factor #653",18.7868,34,43.91516,8933.175,9046.225,9649.595,9248.697,8323.058,8529.684,2381.477,7905,12149.41,2398,5287,14210,1442,8141,12231,2466.812,7551,2276.587,8948.834,11743,10853,11018.94,8492,2752.572,11866.66,2214,9174,6503,2151.111,6391,11215.88,2398.361,9100
"649",654,"Factor #654",18.7882,34,43.05398,8933.175,9065,8564.85,8033.167,8361,8578,2362.003,7837.789,12249,2350.432,5244.539,14168.93,1566.981,8092.311,12157.5,2454.498,7472.755,2276.587,9013,12177.13,10536.12,11018.94,8441.898,2753.531,11554.93,2214.015,9035.828,6423.285,2113.384,6425.624,11320,2373.816,9009.884
"650",657,"Factor #657",18.7893,34,25.14963,309.9416,235.6663,289.914,213.2436,207.5741,241.8235,3540,57.66964,270.0307,409.967,53.29073,689.3663,1501.589,41.28798,320.1056,4942.356,14.60869,3238.113,199.26,150.0431,440.0555,266.6049,32.32664,5321,353.7597,7.075639,57.86057,27.68893,10310.06,39.08361,308.5379,6851.492,22.16292
"651",656,"Factor #656",18.8028,34,31.05061,1690.678,1784.445,1868.71,1131.545,1557.018,1660.811,6529.381,1464.972,2155.099,652.9133,90.74008,2768.947,2076.703,1540.689,2307.837,4600,1277.174,4118.888,1731.404,1850.972,2155.694,2132.474,1507.311,6269.598,2118.914,122.581,1698.687,1173.568,10191,291.3651,1868.401,5864,1660.74
"652",651,"Factor #651",18.8194,34,21.51722,6216,6040.589,6177,7216,4762.528,4163,1097.427,897.0134,7966.783,2110.679,621.4022,7279.647,630.7125,938.2525,7327.752,1034.526,872.8664,935.8645,9784.349,12795.92,7871.234,9249.503,997.4099,985.6988,9031.69,688.826,1044.753,687.6526,891.6359,750.8077,6318.486,1025.926,1000.23
"653",650,"Factor #650",18.8487,34,16.62335,6429.059,6368.465,6266,5930,5167,4280,2106.851,336.6716,8082.074,3881.457,315.4936,9380,756.8253,208.2171,7453.401,1565.207,397.4414,1406.704,11232.8,14744.39,8802.734,10481.72,406.8271,1483.578,8912,1175.515,402.4616,912.8174,1375.057,570.6867,6857.313,1342.122,334.1709
"654",652,"Factor #652",18.8729,34,19.16655,3961.35,5013.581,6268,6344.953,3467,4348.839,2348.543,327.0278,7272.099,4206.923,315.4936,8089.582,915.7525,92.32956,7370.347,2435.026,390.0188,1718.846,10657.71,13981.23,8660.45,10905,396.2779,2265.835,9698.773,1440.446,388.682,207.9605,1796.847,226.7573,7012.476,2325.118,153.152
"655",663,"Factor #663",18.8916,34,40.22852,1648,2043.245,1625,1950.182,1626,1798,6820.371,347.2703,2169.053,10850,208.9553,1679.556,2874.713,280.8006,1403.527,6794.841,315.3875,4786.704,2869.432,3703.038,2124.585,2518.567,245.283,6207,1632.545,3451,370.5737,375.3627,4315,195.0656,1307.269,6583.272,364.0593
"656",660,"Factor #660",18.8932,34,26.09773,1287.929,1398.51,1420.319,1394.273,1350.785,1531.343,8534,249.5231,2336.526,8019.644,140.0673,2384.015,4174.038,198.7482,2340.381,7619,229.3864,6990,3328.546,4149.702,2403.495,2888.2,188.6144,6662.124,2703.124,2537.074,288.6864,295.2334,6998.831,152.9844,1980.534,9389,250.8506
"657",661,"Factor #661",18.8981,34,19.29233,75.1315,56.84514,120.0647,121.6378,144.2129,103.766,10602.42,25.72595,167.3798,547.2556,1.150951e-08,91.00417,6533.485,40.70073,186.3336,8241.235,35.28535,9516.355,80.63325,197.2538,121.1218,76.77694,2.717815,6327,536.4384,52.34686,42.46797,55.38925,7127,13.70982,267.2471,10249.1,84.86997
"658",659,"Factor #659",18.904,34,14.37122,125.3495,175.5026,1.417023,339.6964,219.1959,303.4378,10068,30.62893,235.0341,720.1686,4.127391,155.5115,3815,36.45406,253.7468,7812,51.52756,9989.278,315.7477,870.1136,371.5239,757.1919,2.410043e-08,6327,717.8304,205.4148,36.7005,61.89709,7127,8.645777,373.4598,10282.78,53.62829
"659",648,"Factor #648",18.9276,34,15.40671,1904.457,2867.551,4689.66,4090.432,3492.874,4014.917,2252.017,42.58817,10444.86,4033.978,7.463643e-07,10803.46,974.5378,193.3791,10484.06,2347.621,8.216333,1653.676,14302,19004.88,9047,11138,18.7131,2182.98,10247,1388.49,43.76562,201.5363,1728.904,255.5587,10237.73,2230.423,353.9081
"660",649,"Factor #649",18.9831,34,10.3046,100.0629,1701.21,3316.094,2808.887,2598.377,420.3737,88.2056,45.74942,11270.99,27.64495,26.36889,11613.93,1022.16,41.57901,11031.77,29.26563,9.044911,60.36637,14380,19004.88,11641.43,11138,19.11015,19.44845,13544.31,1403.703,2.29447e-09,22.59218,1814.252,3.970713e-08,10282.48,2349.47,6.749216e-10
"661",647,"Factor #647",18.9938,34,10.53211,84.66793,874.1741,2089.122,157.6387,1868.374,2301.732,77.54881,48.85074,11903.1,29.88905,30.51479,12103,23.08998,36.7288,11043,82.98526,35.31068,52.99889,14380,18905,11862.67,11138,21.70313,35.85424,13587,3.563716e-08,36.70564,13.46593,51.29975,4.342292e-08,10703.94,66.23938,59.18172
"662",664,"Factor #664",18.9954,34,10.21187,566,609.4064,655,748,590.0423,614.6708,2041.684,24.60333,448.8574,1255,15.01855,430.9866,1987.584,11.33736,469.2122,2057.489,20.32641,2011.755,564.4866,600.0811,466.9606,397.4619,31.51243,1870.034,541.8164,1677,43.23343,27.01701,1609,15.76653,401.0231,2148.418,28.05609
"663",658,"Factor #658",18.9997,34,13.34204,39.00394,52.48659,22.98427,13.53598,64.28633,69.11615,11838,1.049887,27.92141,2.864614e-10,6.300856,42.13611,10301.83,66.69298,4.760496,8359,11.04415,13913.61,42.40117,28.16809,77.28652,24.02398,7.356265,6180,62.79259,1.647179,40.28423,6.85447,3495.906,22.6687,28.64011,10718,0.9505065
"664",662,"Factor #662",19.0081,34,15.81361,11.95226,52.25449,21.84217,12.49416,61.89316,69.05561,12369.45,2.172208,28.02384,3.24567e-09,12.68987,41.41667,10513.53,56.56501,2.845494,8359,10.79494,14136.16,39.11435,23.82539,76.13473,19.92104,7.660802,6729.998,65.49888,0.8160739,40.25912,6.881167,3218.321,28.37958,27.89467,10603,1.489876
"665",666,"Factor #666",19.0978,34,23.78641,90.00364,41.44282,1.391283e-06,2.289901,7.092231e-08,1.061025e-08,21.07831,30.64776,14222.69,0.06540821,1.394798,13686.67,34.99227,28.09071,14298,1.541564,1.26909,24.38003,12875.6,12990.97,14838.24,7891.002,0.7844408,0.137643,15869,24.44318,25.76281,19.01286,17.94169,4.46438,12104,11.892,4.898046
"666",668,"Factor #668",19.1021,34,23.88154,16.16621,25.72417,2.011231e-07,2.571885,4.914916e-09,5.005625e-09,22.51605,29.90576,14326.51,2.43466,10.10725,13686.67,51.6332,26.05474,14298,16.78137,1.478235,27.94093,13353.91,13619.76,14838.24,8405.388,1.390563,3.587358,15986.63,20.28249,11.86578,16.03534,16.66043,9.686504,12104,33.89179,1.905183
"667",671,"Factor #671",19.1026,34,23.74938,112.6417,41.44282,113.0738,2.159255,51.27669,7.663455e-09,20.5361,28.32387,14326.51,3.889215,7.926364,13686.67,50.91548,6.807601,14298,1.722632,40.64042,24.1868,13353.91,13619.76,14838.24,8405.388,1.048407,1.412485,15986.63,20.78281,16.77573,15.88406,14.37079,1.836098,12104,33.79342,0.580312
"668",665,"Factor #665",19.1251,34,23.83886,23.02205,4.050587,0.2478895,43.47231,9.566884e-08,20.06639,15.52274,31.56723,14224,0.5914767,1.938373,13478,27.65638,11.23048,14298,1.815249,0.8011603,8.697978,11869.38,9475.164,15182.03,5571.693,7.832776e-09,2.445432,15869,7.683383,6.008891e-10,29.14986,1.411606e-09,2.824058,12100,23.8704,1.011818
"669",673,"Factor #673",19.1926,34,27.20611,37.33989,1.603724,0.6308129,12.28087,2.569232,1.099483,10338.93,160.4691,20.47741,0.08303599,212.4367,10.82928,13168,46.91874,28.63553,2689.721,160.1497,18109,2.110302,1.0933,19.29607,15.84345,135.0388,3188.241,7.495634,0.9668359,46.79205,11.22886,1.052485,34.5154,3.378566e-08,2845.492,152.1396
"670",667,"Factor #667",19.1938,34,17.07579,70.27212,139.7795,120.1918,218.8322,29.05907,105.9747,70.62662,49.1702,14326.51,82.45536,25.1229,13870,45.93557,97.77773,13942,0.9003651,36.43116,70.35011,158.597,387.2605,15582,142.3372,41.03629,2.514313,15738.67,28.9021,127.7185,16.92127,1.457255,13.94663,12208.48,4.396733,19.7443
"671",669,"Factor #669",19.2093,34,14.84258,97.22855,174.6617,125.0709,242.2397,76.92732,138.6723,171.7306,54.87473,14222.69,150.3146,39.36795,13868,78.28505,99.59757,13934.25,9.933903,43.54514,169.9768,152.1402,384.7798,15606,123.2965,45.52556,80.6367,15567.82,94.81652,128.6926,20.1698,88.57901,21.57023,12129.84,6.304701,30.24171
"672",672,"Factor #672",19.251,34,32.0988,180.841,92.95916,82.42397,110.2497,39.31373,98.5392,703.9391,1909.048,430.6528,405.0079,2979,378.4881,670.934,179.5288,119.2273,436.1732,2015,885.0151,425.4762,184.0913,161.7589,131.6535,1842,259.1346,108.5312,343.3236,182.3568,460.4102,583.8904,2519.788,77.64244,343.8097,2208
"673",674,"Factor #674",19.2537,34,32.6615,591.2403,563.0733,622.8162,671.2714,609.3901,637.8664,1740.068,107.3554,462.4295,1447.664,195.8032,760.1034,10944.36,47.29571,503.7153,2344,105.0457,10771,341.8945,400.7556,708.7155,386.2804,172.2517,1810.418,557.2291,1128.847,46.0303,25.76063,1350.996,160.4401,513.4473,2842,161.8686
"674",675,"Factor #675",19.2568,34,20.27938,1204,1200,1294.025,1354.288,1262,1278,2973,181.6649,964,3020,393.9647,2032.463,1902,104.2601,1007,3146.246,173.6922,4142.635,772.1786,787.91,1682.275,816.6696,231.7925,2988.535,1589.028,2240,100.5888,74.02359,2795,332.276,1497.506,3136,334.6172
"675",670,"Factor #670",19.2568,34,29.61137,219.7175,304.409,299.2551,341.4188,267.2334,187.8055,521.0979,1.820885e-07,5976.068,519.011,215.5043,10211,318.5294,109.2403,2414,500.5097,138.2079,520.7106,317.5121,412.4098,15539,4.074513,91.3019,536.3435,7772.828,389.4226,132.721,43.27025,525.6575,286.015,5432,539.5686,173.0544
"676",676,"Factor #676",19.2638,34,18.78313,1203.902,1200.087,1294,1354.288,1233.758,1255.693,2886.897,317.3213,1103.619,2137.522,632.6563,1509.902,2317.292,159.1797,1212.625,2619.129,286.815,2961.884,772.1786,787.91,1285.439,750,413.4262,2988.535,1276.06,2250.924,66.95068,410.5557,1759.46,627.8845,1276.697,2191.747,433.1824
"677",677,"Factor #677",19.2787,34,19.18236,393.4979,366.5777,463.3938,341.0817,260.9242,352.3959,1023.494,729.7579,686.2234,786.945,1204,768.8813,1312.002,175.4942,678.2491,1244,866.0802,1281.044,828,491,555.011,534.8643,1107.214,969,583.2743,556.8742,142.9472,861.9642,1181,2285.02,724.0042,1075,1362.315
"678",678,"Factor #678",19.2806,34,21.86969,487,528,538.4107,585,499.0997,434.8657,650.8975,509.4069,975,532.9328,861.7956,887.8179,746.926,192.1312,855.3557,814.9716,511,782.2577,578.6922,558.8246,1092.135,848,643.8541,635.867,843.1635,360.2503,90.55337,551.3181,661.8294,1544.459,850.6422,641.3981,833.2014
"679",679,"Factor #679",19.3329,34,20.03391,300.6556,192.8419,202.097,180.1597,136.8528,3.366405e-08,2.009162e-08,162.1787,222.2114,7.140697e-09,1580.623,362.4788,728.4524,5.255662,13.55112,153.3147,153.6101,7.578763e-09,9.628405e-09,281.6333,214.1985,154.7651,1134.932,1.068615e-08,1.591093e-06,7.944093e-08,97.70248,3183,5.913252e-08,3317,182.25,513.7164,1301.273
"680",680,"Factor #680",19.52,34,25.94988,235.8816,248.9566,195.4843,169.7204,174.4257,4.68428,581,145.5019,22.33103,489.348,342.2041,15.41062,461,11.43288,42.81505,585,8.095645,484,189.312,330.8039,112.8649,179.802,67.99653,588,52.03692,438.9058,3.425778,4.671235,638,42.34851,75.21171,648,3.045247
"681",681,"Factor #681",19.5841,34,241.0605,1664.612,918.1921,1182.009,998.3768,1635.582,1498.604,1151,1156,768,11237.91,3311.312,788,1309.602,285.5928,1231,1667,4604.864,3216.197,1205,2729.408,2320.197,1115,2088.144,4131.95,1124.643,10926.66,243.7538,116.2285,3450.525,1185,1580.766,1052.781,1597.552
"682",682,"Factor #682",19.6737,34,67.50591,10763.77,8689.517,5400.487,5472.663,5530.89,4464.221,17461.13,13945.91,2258.831,24518,20372.5,2098,17323.65,759.0493,2054.038,12569.22,11799.87,1245,2219.619,3287,3915.59,3489.817,5067,15215.44,1680.621,24406.57,693.0092,2494.381,13783.72,12841.74,2167.552,10732.65,8256.605
"683",709,"Factor #709",19.7641,34,29.64389,25597.17,23562.07,19822.65,21200,19495.33,17888.6,26807.88,14707.02,8672.439,26703.74,30143.57,9116.185,28836.39,1076.216,7175.779,24204.5,13551,24189.53,6590.92,10613.04,10567.76,10249.41,14619.08,26891.85,6554.988,25852.68,1529.532,2796.042,25222.17,24471.44,6582.215,24295.84,13549
"684",703,"Factor #703",19.7719,34,37.62039,29748.16,26871.1,23228.01,24904.47,22167.47,21309.54,31027.65,15748.83,9404.217,32369,36022.04,10402.46,35084.64,4938.347,7722.358,29263.32,15004.3,29130.88,7374.297,11406.82,12362.66,12274.19,16102.52,32351.74,7134.292,30998,5293.422,3773.833,30276.76,27526.63,7221.484,29896.37,14727
"685",689,"Factor #689",19.7728,34,37.99338,29748.16,26871.1,23228.01,24904.47,22167.47,21309.54,31027.65,15671,9404.217,32243,35283.78,10402.46,35084.64,5324.585,7722.358,29263.32,14899,29130.88,7374.297,11406.82,12362.66,12274.19,16168,32351.74,7134.292,31031,5374.986,3531,30276.76,27526.63,7221.484,29896.37,14703
"686",710,"Factor #710",19.7843,34,37.99338,31109.59,28905.37,24466.31,26877.42,23921.63,23411.03,30889.3,15213.28,10810.72,32078.53,36022.04,12166.07,34656.66,5066,9342.684,29263.32,14081.74,29010.41,8881.903,12700.2,14072.28,14155.87,15397.19,32260.03,8826.773,31164.17,5353,3247.019,30562.03,27688.38,8468.64,32425.34,14483.44
"687",711,"Factor #711",19.8301,34,23.66616,34813.48,32739.25,30014.02,32361.2,29815.75,29994.11,31636.48,5678.287,16460.94,31481.34,34362,16358.71,34672.26,2083.821,13016.76,34545.07,14070.24,29418.03,15120.53,18405.99,20094.42,21564.97,15832.29,34837.06,13680.27,30292.15,1176.593,2793.116,32062.14,27941,13002.86,34008.23,14728.26
"688",696,"Factor #696",19.8337,33,34.74067,35120.52,33139.84,30668.32,33152.34,30291.97,30480.78,31531.33,14293.41,17194.4,32078.53,36022.04,16641.35,34830,4938.347,13476.91,34122,14174.59,29379,15734.3,19164.51,20531.24,22273.6,16262.26,34685,14247.15,29877.37,3734.581,0,32231,28094.87,13337.98,34387.59,14728.26
"689",683,"Factor #683",19.8362,34,37.99338,35120.52,33139.84,30668.32,33152.34,30291.97,30480.78,31465,14293.41,17194.4,32078.53,36355,16641.35,34792,5213.677,13476.91,34334,14174.59,29379,15734.3,19164.51,20531.24,22273.6,16262.26,35087,14247.15,13815.63,2819.261,3618.348,32231,27941,13337.98,34387.59,14728.26
"690",702,"Factor #702",19.8743,34,26.73834,36273.24,35101.19,33831.96,37791.45,32060.58,33097.73,31727.62,11323.43,21975.18,28127.69,36022.04,21593.83,35084.64,2379.712,18718.45,34545.07,11568.01,29150,19736.76,23134.24,25471.85,25636.98,15397.19,35087,18260.38,23588.57,8558.488,8443.849,32456.88,28094.87,18450.18,34799,13780.19
"691",712,"Factor #712",19.9113,34,23.75797,13640.7,13752.59,13044.16,14175.88,12878.74,13507.78,5368.493,1796.801,9559.008,4544.367,6994.376,8224.066,3680.062,4241.496,7912.139,4150.515,2250,4068.699,9158.71,9364.353,9298.329,11337.69,2829,11239.12,8108.367,4373.73,13756.75,10179.28,8028.501,4942.677,8208.218,10639.91,2156.268
"692",691,"Factor #691",19.9259,34,32.38001,36790,34791,33863.93,38019,33819.02,34914.97,30215.4,2542.636,26843.68,21464.37,31247.11,25354.59,32508.24,10049.77,23511.48,34093.17,2410.048,26627.43,25833.76,29122.09,29440.05,30541.75,2273.276,35306.38,24577.28,15081.47,32841.51,26190.08,32003.23,24100.99,24280.34,34799,9003.304
"693",713,"Factor #713",19.9638,34,23.78683,7337.359,7447.625,8324.359,8693.626,7550.943,8072.944,1439.377,997.9752,33250.03,736.8846,171.8675,32107,1951.091,1177.061,33581.17,2002.846,1322.199,1449.024,31122,40791.02,34395.83,28320.84,965.324,1676.861,35329.72,810.073,2971.929,3963.577,1239.836,595.6582,37058.95,2007.083,337.9369
"694",687,"Factor #687",19.9725,34,21.8147,36782,34617,34546,37996,33495,34058,21745.34,26051.87,27835.4,15099.16,1111.285,28810.15,9629.934,18701.34,26319.97,30464.1,22197.32,18717.28,31678.34,34219.67,31406.86,30803.74,3238.168,28379.45,29095.5,9577.212,41990.8,46108.68,26535.45,23242.44,26998.54,34731.35,2870.8
"695",690,"Factor #690",19.98,34,21.93708,36782,34369,34777,37996,33633,35576,18371.99,30228.8,28651.59,13042.43,1026.539,28665,9731.969,18701.34,26627.18,27193.23,22197.32,15976.35,33304.82,34872.65,31406.86,30923.53,4192.452,25412.73,29476.41,7867.832,41990.8,50271.06,23174.1,20744.51,27002.84,33023.54,3623.734
"696",706,"Factor #706",19.9888,34,18.1361,35131,32283.62,33924.23,38321.21,33785.86,35576,17363.75,13018.96,29979.73,12465.73,463.0516,28997.42,10028.63,6862.019,26632.57,26180.18,11445.19,15109.8,34206.39,35665.77,30635.4,31586.73,2126.577,24565.29,28775.62,7332.273,16225.07,20160.49,22240.79,19648.66,27704.28,31957.92,2359.174
"697",698,"Factor #698",19.9929,34,22.54758,37100.37,34617,35089.86,36202,33924.17,35661,16563.64,36958.76,30728.35,11917.57,1062.568,28810.15,9413.547,18701.34,26668.04,25110.83,32720.69,14258.64,34589.92,36341,30719.64,31835.64,4431.866,23685.1,30618.07,2366.885,41990.8,56547.56,21362.67,18567.67,28164.19,30668.68,3979.273
"698",714,"Factor #714",20.0031,34,15.76487,36216.22,34999.17,35089.86,36638.31,33924.17,35972.56,3073.842,43436.51,31827.55,9689.665,3987.378,29083.45,9211.598,18957,26927.56,19792.29,39949.71,2286.019,34815.7,37255.68,31661.2,32135.74,29820.44,8482.951,31445.6,5204.801,42386,63170.93,2987.922,9677.94,29935.52,25388.48,28980.84
"699",692,"Factor #692",20.0984,34,35.89505,24685.42,26875.38,30702.67,32361.41,29623.63,32366.76,156.9018,61197.4,31612,15947.12,23069.65,30319.56,3173.856,365.0343,30787.02,2136.495,59630.58,13237.19,39677.89,40457,33784.79,33078,65128.78,1107.858,35667.41,16018.05,742.199,78304.84,1249.638,32438.65,34084,9886.754,62738.61
"700",685,"Factor #685",20.1276,34,25.4795,20151.41,21200.61,25399.14,25683.58,25747.28,29036.07,1295.02,61197.4,35180.25,22373.71,24817.42,30902.75,3096.819,1055.41,31044,992.5097,61288.34,24531.53,40292,43030,36433.42,33078,67285.74,1156.727,35888.6,18349.17,4459.269,117053.5,15354.55,49237.06,34295,1219.324,64590.39
"701",708,"Factor #708",20.1378,34,43.14525,7425.109,18394.44,22749.54,22471.61,21961.96,26165.88,20161.97,61197.4,35933.23,23172.61,24817.42,31267.98,5380.334,3235.576,32594.14,2600.13,61157.36,27869.96,39677.89,43081,36417.25,33623,66373.97,15317.54,35879.17,16018.05,6925.388,126176.9,18871.63,52961.25,34934.57,3207.924,64590.39
"702",699,"Factor #699",20.1381,34,44.96948,4315.05,19092.55,23526.86,23245.02,22895.34,27010.42,20161.97,61197.4,35836.95,23172.61,24817.42,31267.98,3043.659,2407.279,32594.14,2557.23,61454.99,27869.96,41090,43081,36417.25,32861,67285.74,1841.5,35879.17,16907.79,4934.113,126176.9,18871.63,54329.97,34934.57,3302.267,64590.39
"703",695,"Factor #695",20.1479,34,41.57371,9847.879,10994.34,20950.45,21708.41,10501.65,24883.95,21275.05,61164,35342.01,22809.99,24744,31731.97,15528.53,3631.359,32852.75,14532.16,61369,28631,41078.89,41991.31,36647.06,33835.04,67180,16263.42,36137.77,19318.34,7108.815,129405.5,19916.23,55749.96,35539.44,12685.43,64772.21
"704",688,"Factor #688",20.1837,34,27.59415,14473.43,12287.72,10076.73,12773.75,10125.7,11159.32,23806,58748.35,40518.92,23020,24744,36589.37,17600,5838,35736.44,21324.16,59630.58,28631,42147.28,41922.03,40203.46,33835.04,67180,20725.77,38145.43,19123,7151,137923.2,22444,61378,37911.69,21132.78,64669
"705",700,"Factor #700",20.1966,34,27.59415,5375.67,4637.518,4248.937,5566.056,3551.49,4476.951,23724.9,48811.84,40366.28,23172.61,24701.62,36549.22,20528.44,5826.366,36694.28,23174.1,10355.3,28845.72,42621,42898,40203.46,32346.4,67285.74,21811.56,38667.84,19170,7108.815,140414.6,22614,61531.15,38824.04,23061.44,64590.39
"706",707,"Factor #707",20.2235,34,26.76069,24182.64,20018.17,10818.91,11173.33,16048.78,10214.43,24025.13,24126.69,40518.92,23172.61,6882.119,33297.07,20594.04,5861.112,40661.47,22494,29228.36,28845.72,42147.28,41823.67,35654.12,31782.22,56429.26,21844.73,39751.09,19012.1,7176.971,145721.6,22614,61531.15,38978.71,24112.65,58193.3
"707",684,"Factor #684",20.2244,34,8.761701,5694.821,3816.272,11272.39,6174.794,2737.903,3316.884,18018.82,8308.436,40210,20759.91,6746.272,35974,20594.04,5313.358,40661.47,23549.53,7572.706,24739.33,42621,42898,39600,31782.22,56429.26,20812.49,38110,18599.24,6042.307,142325.2,22709.01,61531.15,38964,23985.96,8006.726
"708",694,"Factor #694",20.26,34,26.76069,32093.8,28830.13,21782.93,26165.04,25663.6,23900.08,15031.05,11740.59,40473.36,21429.45,6808,36589.37,20250,5861.112,40076.05,23328,10271,28214.23,42147.28,41823.67,42268.89,29109.84,22281.23,21626,39682.59,14084.62,141.5156,145617,22633.43,61531.15,38978.71,23680,26670.95
"709",686,"Factor #686",20.2603,34,17.22438,35131.79,31931.33,8160.775,32128.92,29989.43,7207.551,22928.36,7076.846,40282,16803.67,6619.088,36549.22,20594.04,5730.999,40505,23549.53,8752.673,25379.56,42147.28,40430.55,41265,27813,9636.879,13780.07,39593,8471.358,668.025,145721.6,21998.91,8166.747,38865,22770.9,11732.32
"710",697,"Factor #697",20.2649,34,26.76069,33230.18,29988.91,22940,28041.35,27276.09,25540.75,23961.62,11250.39,37545.47,20759.91,6808,36271.69,19970,5861.112,35039.51,23328,11814.95,27769.01,19261.06,14501.72,39888.98,15229.59,19269.14,21811.56,37841.13,13341.5,268.9426,145617,22709.01,61531.15,38650.98,24112.65,23029.94
"711",693,"Factor #693",20.2669,34,23.63536,35131.79,31931.33,6459.085,32161.17,30011.94,7335.874,15275.33,8235.468,40437.53,16115.87,6529.244,36155.55,20594.04,3753.605,40505,18083.66,9029.822,23888.49,42006.91,41142.39,41773,28341.77,8135.736,15755.28,39593,7827.874,579.0049,145721.6,22709.01,7303.076,38964,19390.2,10380.14
"712",701,"Factor #701",20.275,34,21.10608,37536.84,35353.66,29677.28,37895,33254.2,32199.62,15645.9,7819.358,39370.24,12643.47,6029.242,36150.19,20247.97,165.8718,40505,23328,10187.97,18688.75,41959.18,38100.49,41498,25508.38,10717.34,21844.73,39619,9494.582,305.7159,145721.6,13785.75,7386.521,38978.71,24112.65,10813.06
"713",704,"Factor #704",20.2937,34,15.93116,21936.19,21250.67,21113.53,23135.21,21263.92,20327.38,13187.4,4714.244,40169,7807.124,3223.39,36155.55,11763.93,243.253,40661.47,11209.82,4683.868,11631.21,39002.16,35909.57,42054,21659.65,5352.111,8193.041,39751.09,4469.937,433.8389,82347.32,7632.159,5528.636,38880.13,10192.52,5687.795
"714",705,"Factor #705",20.3215,34,26.6713,10357.3,9570.314,9987.188,10645.65,10311.65,9694.281,3625.315,924.3893,39290.23,3862.614,1408.09,35135.52,3840.423,150.5333,35422,7445.746,1921.472,4648.936,27252.77,2212.225,41972,15230.72,2115.659,4489.54,39146.72,2169.792,129.7175,36566.78,4321.841,3152.331,38562.45,7972.931,2628.728
"715",719,"Factor #719",20.3468,34,30.3812,3713.178,3383.049,3477.479,3517.684,3485.286,3607.73,4816,350.1352,4334.233,4096.7,500.772,5074.31,2941.343,617.4314,4556.622,4722.499,307.4303,4524,2836.466,3078.002,5294.992,3292.065,448.9804,4338.915,4709.646,3024.618,1141.672,3.482153e-08,3999,442.7752,4293.611,4836,284.5197
"716",718,"Factor #718",20.3476,34,25.35984,39255.96,38410.3,41944.43,42415.78,40721.53,41039,10114.47,1361.53,30526.46,9011.012,6204.361,32527.62,11466.31,244.6479,33509.2,10714,930.44,9833.39,12407.13,18091.82,41259.12,20501.97,6173.109,10426.36,34510.47,4435.055,372.4477,63227.1,7459.52,8010.966,33615.88,17654.8,910.235
"717",716,"Factor #716",20.3676,34,25.63259,39255.96,38100,41632,40579,40368,40852,11980.06,1.030466e-10,14950.73,9248.783,6383.325,33003.88,12317.15,210.8572,35578.98,18083.66,4775.692,10614.4,19607.01,16326.81,42550.38,19376.16,6565.736,14499.51,39748.52,4767.83,351.967,77079.75,10413.79,8322.508,37287.54,20456.05,7088.393
"718",715,"Factor #715",20.3687,34,26.40172,38946,37700,41632,40579,40430,41039,11980.06,2.197981e-08,36567.37,9248.783,6383.325,33003.88,8328.292,260.5018,35578.98,18083.66,4775.692,10614.4,19752.7,16326.81,42550.38,19376.16,6565.736,14499.51,39748.52,2.851493e-09,1.197166e-06,77079.75,10413.79,8322.508,37287.54,20456.05,7088.393
"719",720,"Factor #720",20.3734,33,45.94923,1827.32,2126.246,4655.232,4688.584,4666.115,4535.448,97.97775,660,1599.594,58.78384,421.6143,6040.413,1676.118,1114,8439.99,2536.47,773,66.55495,0,4.603854,9242.242,1942.572,803,2538.318,7006.196,6.36852e-09,2716,467.4502,2254.713,586.8769,8784.757,2588.972,801.5286
"720",717,"Factor #717",20.3757,34,25.23503,38946,38410.3,41632,42091,40721.53,41039,11556.51,2.043953e-10,35446.61,9175.738,6204.361,32816.61,10402.94,70.11937,35578.98,17142.24,4288.646,9944.411,8207.715,18091.82,40248,20501.97,6173.109,13780.07,39748.52,5129.8,348.7217,63227.1,9403.541,8010.966,37097.04,17294.97,6652.794
"721",721,"Factor #721",20.5278,34,5.533868,4913.902,5313.37,8939.39,6949.66,5941.245,7590.933,1.127766e-05,75.32053,27932.09,756.1806,2.800626,16060.26,5.168651e-09,1051.085,23779.52,2.891177e-08,2.508514,34.40339,43652,61776,18651.5,39696,1.182458,4.775307e-07,26505.49,355.5247,1261.417,5.345275e-08,571.0414,3.289557,25507.88,5.806516e-09,1.238143
"722",723,"Factor #723",20.5635,34,7.100816,464.3347,484.9115,506.6703,498.0292,513.8966,528.5392,1701.345,522.418,813.7038,1057.577,292.277,662.7503,2307,387.6467,672.1221,1836.188,441.3552,1421.849,990.2217,1889.142,1567.166,1219.269,115.5036,1734,989.4938,1602.476,518.346,398.3731,1407.002,237.6495,831.2764,2052.63,278.144
"723",722,"Factor #722",20.5669,34,13.94719,493,508,509.1233,573.4259,555,604,1701.345,281.1612,1325.525,987.0126,193.4101,601.4981,2341.273,230.0621,958.3444,1871,156.3474,1524,1046.006,1410.693,701.3947,1325.817,53.2283,1859.496,1069.784,1625,218.059,223.3416,1320.414,119.6752,1152.87,2097,159.4907
"724",724,"Factor #724",20.6103,34,22.45936,410.308,276.9699,67.84006,165.8492,158.6017,67.15784,1735.699,4884.014,12835.33,8105.603,2786.34,8179.695,143.2176,2951,10866.07,865.6344,4910.438,3644.066,13046.89,434.1654,10306.21,1.020668e-09,2376.772,1175.685,13765.65,6327.01,3881,5427.069,2906.913,2267.573,9656.933,678.2186,4664.667
"725",725,"Factor #725",20.6675,34,22.82021,2088.254,2082.62,1964.371,3560.317,1704.676,2422.156,6159.604,2632.172,38536,9182.511,2787.717,37701.04,7732.605,802.7852,39693,5898.575,3099.153,10374.06,6126.65,3826.419,53089.21,10830.43,2041.753,7429.962,42648,12638.67,1272.178,3191.249,7712.13,1523.445,37057,6481.678,3185.54
"726",726,"Factor #726",20.6838,34,8.850628,4387.386,4189.998,5719,8114,9603,9949.519,10817,1904.5,15062,12254.66,1971.815,24727,15131,902.7964,21212.84,14633.98,2581.325,19196,10558.72,12200,39247.13,18026,2584.396,16300.4,22975,17472.75,1620,3871.916,15174,2016.142,23657.32,19295.44,3358.376
"727",730,"Factor #730",20.685,34,15.42558,4486.094,4189.998,5820.323,8026.639,9021.081,9095.901,10684.11,2029.214,19341.6,12362.75,2124.762,31918.81,15161.8,1037.716,28102,14633.98,2655.465,19075.84,10558.72,11674.9,46865.73,17849.67,2614.942,16300.4,29614.97,17472.75,1456.878,3756.085,15044.32,2061.44,21873,19295.44,3501.711
"728",728,"Factor #728",20.6851,34,9.450012,2777.682,2033.244,3915.515,5434.214,6279.231,6660.997,6620.858,1808.291,34876.16,5992.519,1900.378,37662,10782.19,1436,30863,5728.375,2226.25,13661.67,8454.251,8861.033,54652,13743.28,1877.748,11448.1,42219.94,13667.19,1287.671,2335.948,9261.982,1467.737,34506.06,13527.97,2915.014
"729",727,"Factor #727",20.6903,34,16.60945,4486.094,4051.291,5645.94,8026.639,9021.081,9779,9237.916,4832.196,15672,16828.88,5694.77,26850.53,14177.35,817.1572,21180.23,14007,5729.573,18866.57,10558.72,11674.9,39219.21,17849.67,4307.67,16047.31,23805.38,17472.75,1456.878,7035.565,15010.39,7672.877,23657.32,19330,7224.865
"730",729,"Factor #729",20.6993,34,8.591782,1600.117,1612.083,2586.992,3616.696,4035.424,4371.768,4190.771,2394.072,31098.59,8736.377,2992.775,37904.28,7693.36,1619,39415.62,6436.774,2883.827,8908.756,4837.391,6056.076,54652,10384.68,2071.78,7979.263,42219.94,10591.46,1440.282,3067.962,7055.57,3979.715,35223.3,9402.985,3847.756
"731",731,"Factor #731",20.7075,34,51.51623,2848.709,2605.757,2780.457,2703.037,3755.793,4182.745,12148.02,6709,10958.4,20440,7949,12669.64,3426.642,307.6629,8118.974,8369.535,7506,11873,2585.3,3291.974,18804.04,5091.408,4880,9090.418,9937.419,14014,738.8,10433.59,13022.26,10951.46,7660.475,8858.633,10254
"732",735,"Factor #735",20.7081,34,8.385211,3747.232,3628.24,2248.117,3405.402,4189.482,5499.828,7905,6711.216,10159.4,20130.2,7967.372,15024.56,3496.605,259.415,12695.52,10030.09,7547.165,12389.87,6632.156,7463.499,21554.96,11362.28,5009.774,7838.625,14295.72,17472.75,254.6372,11289.02,10734,10964.04,12566.65,10013.74,10013.46
"733",736,"Factor #736",20.745,34,9.500437,893.0166,865.241,1148.482,1274.745,1183.313,738.1358,2244.457,294.3258,2368,1788.611,577.5031,4567.19,797.4552,249.5926,1954.056,3059.933,285.2437,2913.022,2623.003,2137.017,2242.109,4121.603,385.5933,1710.615,2329,1894.453,456.6875,685.6111,1718.844,721.4588,1580.399,2860.298,340.3847
"734",733,"Factor #733",20.7693,34,11.33469,6034.516,5422.24,3706.54,4952.687,5928.836,6424.1,12265,589.4894,1.738858e-08,20178.08,7807.922,9.207211e-10,3740.402,256.8335,5.658908e-10,12399.13,310.9731,11805,2.297025e-08,1.296048e-07,2.205803e-08,1765.546,5009.774,12212,2.336733e-09,13079.45,79.22666,12815.28,13364.87,10951.46,3852.196,12838.86,10204.08
"735",732,"Factor #732",20.7751,34,34.60504,6966.933,6161.007,4274.358,5652.02,6881.148,6934.745,12305,471.3309,861.5756,20392,7097.459,2.016744e-08,4998,27.69401,1.609706e-08,12337,259.8028,11971.67,806.7905,1177.913,3.617529e-08,3811.795,438.0329,12174,1.98492e-08,11669.38,118.5712,12815.28,13549,11006,1.176369e-08,12846.06,540.0493
"736",737,"Factor #737",20.7874,34,58.64219,4149.682,3364.015,2893.005,3688.562,6657.479,6650.718,8160.649,1443,864.1546,11051.99,889.9429,971.0117,3198.249,322.5839,846.389,10034.85,621.7355,11150.31,917.712,987.5312,1025.987,1589.307,1249,6112.223,946.5818,5333.432,255.2524,12173.93,13364.87,2909.533,985.1067,5928.469,728.4399
"737",738,"Factor #738",20.7924,34,19.59218,5352.866,4842.814,4017.517,4952.687,6650.505,7009.434,9211.709,639.2854,1356.802,10283.9,1093.285,1493.468,914.654,459.764,1344.275,7771.927,648.6406,5606.535,1566,1669.599,1720.381,3616.772,653.1072,8825.567,1473,1453.535,346.0275,9592.84,10892.38,3272,1498,9804.512,737.5578
"738",739,"Factor #739",20.7941,34,25.13487,4466.578,4136.391,3515.621,4238.478,5138.07,5439.742,7067.204,878.0878,1301.522,6937.31,1050.825,1625.539,1963.693,459.764,1337,4587.493,866.4897,3905.225,1521.502,1639.609,2874.045,3369.915,644.4194,5488.136,1445.561,1463.275,491.1065,7784.604,5089.847,3222.168,1555,7168.893,737.5578
"739",734,"Factor #734",20.8216,34,27.94829,12131.57,11618.75,8057.75,11064.13,12784.37,13315.21,12396.01,385.8002,1285.506,18136.4,850.4456,1334.513,5056.77,141.8326,997.4425,12432.86,333.0088,11336.71,1598.998,2060.632,1072.275,5927.732,207.6855,12267.73,974.9969,4460.025,129.6358,13572,13655.17,11028.09,1191.181,12787,4384.109
"740",740,"Factor #740",20.8312,33,14.72832,11916.74,12554.96,10623.66,11024.97,15370.83,14307.92,8230.203,1791,0,4630.553,1004.603,416.4626,1373.008,1.740331e-10,782.6054,9402.776,1544,4026.75,424.7798,628.9855,1909.379,5855.444,1615,8946.772,953.6827,3651.705,1.053587e-08,11072.51,11136.03,5138.274,848.6765,9965.289,1773
"741",741,"Factor #741",20.8532,31,17.28703,3077.6,3400.989,3106.87,3199.984,4325.441,3958.306,3918.467,1479.217,0,1911.338,1395,7.618879e-11,3474.215,0,1104.095,1521.298,1306.822,5041.557,280.0617,702.8191,2894.265,2270.652,1376,2298.316,0,4717,272.9816,3019.707,6677.944,1650.838,1145.695,1796.374,1257.586
"742",743,"Factor #743",20.9046,34,18.28953,12999,13794,12835.89,15140.93,17328,18364.24,1444.162,2.432698e-07,3690.238,4326.886,377.9679,3747.653,390.2091,113.5592,2482.956,1628.428,6.874841e-10,1261.01,6737.463,6761.993,3116.545,16953.1,291.4287,1409.965,3136.945,724.2969,259.7082,231.3621,1545.133,380.0787,3623.097,1736.637,2.185297e-08
"743",751,"Factor #751",20.9072,34,16.67155,2460.082,2669.337,1853.447,2048.274,3379.573,3701.233,5631.32,1.508817e-09,280.1771,1683.489,1454.074,917.4869,6479.217,454.5039,1.700872e-10,5502.078,297.5254,4878,1347.605,1790.401,581.764,3866.362,322.2224,5434.457,330.5097,392.6318,1330.046,519.2069,7362.015,1544,87.63422,4768.323,1203.563
"744",742,"Factor #742",20.9097,34,19.61948,12999,13742,12794,15097,17328,18312,4153.945,388.8358,4274.22,3447.275,164.4699,4408.443,635.9696,12.27533,2836.76,1712.143,335.563,1617.968,8051.727,8152.336,3622.338,18578.47,3.722363e-07,1326.974,3745.683,9.031082e-09,409.5315,2.287162e-12,4629.643,342.6085,4591.92,1572.963,207.5606
"745",755,"Factor #755",20.9347,34,12.99596,4064.416,10063.1,10411.65,9429.472,4564.487,7732.028,3240.687,797,896.7533,1122.838,167.8865,2603.365,2356.742,172.7904,872.1688,3001.998,552,1594.745,7414.211,14886.42,1629.327,22449.91,796,1577.335,1221.67,186.8723,366.4193,130.5441,2111.346,194.0296,1979.758,2090.996,923
"746",749,"Factor #749",20.9575,34,25.3909,1744.9,3319.478,3720.373,4417.16,5069.78,5334.804,5412,1078.433,2358.952,1636.679,183.1462,2313.399,6558.382,1674,1296.001,6656.197,582.1906,2682.625,4317.763,5592.837,825.193,7540.575,486.1638,5480,1832.249,1207.66,3498.158,1771.587,7142,1360,2751.259,6586.53,3.130685e-06
"747",745,"Factor #745",20.9669,34,33.13549,3215.75,2095.005,5601.327,6953.94,1.947572e-08,8240.256,5051,1391.302,2820.072,933.7249,408.5558,2278.366,6313,1661.943,1510.635,6437,875.8924,4216,7596.266,10653.86,853.0305,13671.24,640.3826,4991,2172.34,917.8113,3785.091,2584.903,7173,1636.698,3392.679,6484.945,187.7727
"748",754,"Factor #754",21.0306,34,290.9077,5397.608,5471.57,5819.74,5341.496,6928.917,6979.002,4600.132,4075.074,12982.81,1591.385,4026.476,13124.82,4988,3181.198,8965.26,6627.294,4347.016,2684.672,20790.22,22531.85,8545.458,20579.19,3779.311,3312.204,9557.43,1565.027,3842.902,4302,2914.136,1385.375,18926.95,5772.99,8880.932
"749",756,"Factor #756",21.0331,34,71.93415,3208.176,3817.587,4042.995,3719.527,4186.946,4040.721,2356.214,2982,5241.501,954.1492,1183.602,4116.043,2123.74,1496.175,3589.84,3557.619,4331,1849.53,8255.24,10084.73,4959.211,8575.931,5567.576,2951.053,5357.352,1391.314,5643,12256,1382.309,2168.605,6704.744,2496.882,5888
"750",747,"Factor #747",21.0332,34,698.8794,5318.012,5570,5885.542,5539.915,7761,7092.388,7394.527,4642,16450.99,2139.036,6080.653,19688.24,6078.987,4588.327,15653.67,7205.331,6556.67,8331.479,28416.91,31800.1,11180.62,30407.6,8220,5943.172,20290.43,1725.312,3746.606,6693.916,1854.564,2000.422,28108.2,7251,15067.22
"751",752,"Factor #752",21.0374,34,698.8794,4716,4875.185,5133.001,5539.915,7478.428,7679.601,7675.285,3885.663,14195.49,2697.807,6544.826,19688.24,6885.21,9681.467,14492.17,8254.823,4408.883,8331.479,28416.91,31611.85,12450.38,30865.43,5910.085,8502.796,21440.96,1895.606,5103.652,11458.86,2213.006,2209,26892.81,11268.25,13020.17
"752",758,"Factor #758",21.0391,34,629.0254,4300.946,4711.126,904.8863,895.8655,670.898,832.0496,3696.107,4808.488,20850.11,828.6367,1234.191,19346.08,6078.987,537.0814,16175,4146.167,6556.67,4765.263,31619,32041,14808.99,32244,7466.188,4750.209,22814.77,261.5568,1968.307,2791.65,1184.372,1666.36,27115.74,5051.467,15067.22
"753",750,"Factor #750",21.0396,34,698.8794,3025.508,3670.461,2367.23,2827.93,3905.144,6120.951,4325.129,4642,19543.49,2139.036,2554.179,20483.01,6033.625,10691.56,10616.73,6038.784,6045.449,5892.861,20296.4,31800.1,8828.71,30407.6,8738.004,5943.172,9825.485,1725.312,1476.74,1336.62,2213.006,1630.878,26892.81,10084.06,17139
"754",744,"Factor #744",21.0429,34,711,4529.477,4808.294,5885.542,5539.915,7478.428,8137,7371,6545,21579.81,2596,6738,20711.09,6619,10855,16943.15,9125,7249,9646,30802.52,31800.1,14773.08,31192.03,9485,7995,24185.07,1725.312,1627.305,1739.477,2209,1647.873,28611.1,10113,17139
"755",746,"Factor #746",21.0504,34,61.60681,5398,5570.418,5820,5341,5396.649,4877,2168.43,1197.58,3127.891,1115,1051.179,2676.051,3855.279,1436.728,2746.7,2193.57,2420.352,2495.689,4887.939,6309.328,2092.871,4733.035,3388.404,3012.495,4118.37,1619.96,4759.44,7111.828,1755.087,935.8615,4563.227,6374,3911.875
"756",757,"Factor #757",21.0528,34,31.00533,5397.608,2439.916,5236.287,4933.051,4639.434,4906.971,2673,1303.405,7599.428,943,1041.586,4245.66,3677.498,1283.086,5870.333,2819,3228.381,2184,9581.104,10546.3,5500.324,9312.873,3883.687,2174,8230.643,1829.204,5170.482,8414.153,1691.472,914.6318,9134.836,3691.324,4260.553
"757",759,"Factor #759",21.1051,34,16.40203,959.7059,953.0783,1548.556,1477,1412.203,1538,1131.993,1341.641,8336.728,782.028,544.5033,9909.946,1736.69,675.5266,7198.734,1256.993,1529.165,1548.898,1619.292,2341.763,8736.432,2374.039,1664.231,1452.671,8641.196,2228.951,1406.139,2173.376,1730.531,1252.086,11252.68,1684.695,4754.751
"758",753,"Factor #753",21.1081,34,26.21899,2793.933,4084.976,4361.354,4354.964,4774.894,4710.792,1646.191,1365.573,2860.622,1188.038,945.5455,3524.197,2519.261,420.3918,2120.834,2285.314,267.3858,1864,1513.616,7264.317,3661.517,3809.451,1609.888,1469,3347.927,1675.679,1177.003,901.7968,1686.051,1021.048,3827.356,2642.824,2957.07
"759",748,"Factor #748",21.1121,34,23.24801,2253.409,2687.61,5548.316,1359,1617.378,1426.629,1323,1365.573,3779.09,1112.908,855.0791,4447.586,2633.424,512.4476,3318.249,1637,582.5424,1770,4051.267,3709.501,4126.003,2529.353,971.6074,1644.557,4597.256,2419,1377.179,3371.761,1860,1252.086,5407.363,2484.67,5076.433
"760",761,"Factor #761",21.1125,34,22.45195,304.3284,89.91949,533.6031,625.3567,449.5639,386.5771,299.2673,369.1475,28913,470.4196,121.3554,36520.11,703.6708,94.46743,25634,426.4123,472.9989,573.8709,23.65522,176.5202,39626.06,782.0729,540.1329,480.4094,34262,383.4307,258.2425,795.8516,404.4775,333.5352,38069.28,465.6309,2448.768
"761",760,"Factor #760",21.1382,34,13.78124,220.5148,90.38854,157.0644,399.9669,581.2751,525.2863,284.0314,151.6161,28086.53,7.350459e-10,142.8769,37460,1871.855,27.35129,25634,520.5302,2.631893e-08,587.2079,240.2494,2075.712,41390,542.1521,98.16261,528.705,34349,2.842095e-09,3.939106e-09,928.8584,391.0608,607.992,39434,767.7079,573.1291
"762",762,"Factor #762",21.1851,34,26.77869,663.6867,529.5746,666.1373,648.8187,649.1287,646.4194,8.900413e-09,39.60536,759.2677,1.234878e-07,3.105269,6983.815,2311.878,2.386226e-06,4.30602e-10,1175.357,37.86115,2.343693e-09,6306,7738,5869.35,4425,57.83478,1025.232,6519.316,4.459131e-09,35.52438,421.3732,7.298394e-08,2.144546e-10,7446.366,1647.328,1153.626
"763",764,"Factor #764",21.1891,34,17.17329,643.7253,484.9987,645.8162,533.5299,970.6697,552.1557,505.6082,498.5068,567.2097,196.8192,143.1175,2335.363,1232.388,95.49965,1481.327,661,472.7189,651.4681,1419.431,1675.914,2074.584,1684.246,861.7624,807,1023.24,482.8585,153.4373,804.4421,544.33,668.1053,2676.618,1046.916,1105.502
"764",763,"Factor #763",21.2663,34,21.25209,586.6682,585,701,485.8431,710.4202,537,271.6481,5.816978,3540.031,59.68503,37.48593,2425.026,338.2167,33.03334,3544.429,236.7027,254.5159,297.2093,3421.117,266.8613,3414.673,705.6974,254.8299,339.8888,3686.087,332.8406,32.73845,596.0691,381.7036,348.2237,3182.102,435.303,185.773
"765",767,"Factor #767",21.2906,34,131.2334,259.1078,281.5748,361.0265,318.6575,338.8127,352.5898,707,247.9343,786.7721,96.21916,229.7372,573.9174,166.5766,215.1082,1306.972,837.9255,252.2865,330.8429,535.4702,290.6066,430.1688,270.5209,359.0044,865,800.724,364.6848,219.4434,293.9214,110.6798,72.07633,924.4725,1119,617
"766",765,"Factor #765",21.2943,34,32.2599,2.107337e-08,345.4928,378.239,259.7939,401.0711,437.1795,133.2179,25.93951,4673,32.34033,39.76988,1891.91,88.8107,37.39582,4593,103.5311,18.48963,93.98694,71.65559,69.8729,4364,32.71517,60.88895,158.5629,4880,93.12191,10.61005,132.6209,102.5377,88.47609,4012,139.4957,90.86648
"767",766,"Factor #766",21.2946,34,106.1421,465.8446,482,522,594,497.1128,482.9264,605.7804,206.5399,1733.364,216.7281,185.7896,1034.243,355.3878,153.5974,1776.397,689.8049,196.2163,364.7539,526.7126,298.4376,1899.132,257.3739,169.3871,681.8516,1779.164,431.9563,167.9652,270.7395,434.9146,337.3116,1723.387,704.1296,408.0973
"768",768,"Factor #768",21.3031,34,116.9681,420.5909,589,430.4897,453.606,399.2748,426,792.4918,288.3861,740.0648,535.7594,277.7234,612.5851,584.2615,208.8699,891.0729,836.38,257.854,517.1549,654.3344,387.4122,663.8007,338.9742,230.3807,643.4401,740.9123,609.4692,219.4336,192.0069,865.2542,321.2665,704.7366,686.9566,264.4045
"769",769,"Factor #769",21.3094,34,116.9681,420.7543,580.688,511.597,453.606,457.9447,483.2186,793,324.5287,659.3827,625,291.5525,666.5842,528,186.3117,691.7835,938,238.8264,687,591.4618,504,606.4311,465,212.4872,656,634.8143,808,172.428,159.7636,876,351.1022,605.5354,762.9768,221.4593
"770",770,"Factor #770",21.37,34,8.394632,189.0253,233.7885,317.5213,255.8938,259.6627,344.1817,250.6283,13.95365,226.2153,5.713341,8.918851,795.9052,314.708,6.253012,387.5383,160.4909,5.774921,145.8294,626,679,1371.287,633,13.69782,310.4222,479.8658,55.85437,6.180695,3.40617e-09,196.4807,21.00314,648.4897,391.4781,5.928285
"771",771,"Factor #771",21.5887,34,18.30999,2341,2561,2623,2817,2475,2604,357.0278,56.28455,9281,154.2031,89.87537,10642,520.3431,43.91906,9186,400.1274,67.23846,492.6326,9516,9786,10891,8168,110.0224,378.4181,10018,191.0236,51.84025,23.22398,293.1599,28.35104,10223,464.5487,54.53867
"772",775,"Factor #775",21.6841,34,6.886509,603,580,595,733,518,644,1853,139.5849,115.6064,1120.614,133.3224,170.5046,2319,67.26291,147.4899,1998,123.8026,1940,51.13308,286.7425,144.5496,208.5176,113.2612,1979,168.5679,1779,204.6678,252.2102,1805,108.835,165.1862,2148,123.1898
"773",773,"Factor #773",21.6844,34,8.023237,108.5046,95.30076,143.4343,47.96884,54.78025,95.55208,388.1923,27.08462,531.6313,170.3772,43.93219,642,506.4874,29.70032,557.5486,426.1618,46.70006,428.0526,194.8073,78.10769,1118,227.5859,25.87178,416.6981,571.4485,369.1362,54.01913,58.60123,389.8218,46.35124,379.6479,444.4612,59.09566
"774",774,"Factor #774",21.6851,30,46.21858,81.24013,81.47484,64.18336,64.76302,64.19363,82.43373,160.3816,922,0,73.73598,1975,28.46344,214.0112,98.13731,0,170.8206,928,245.2894,98.95871,396.9881,0,43.51993,668.3164,95.22187,0,104.1597,136.9838,546.029,135.3383,1814,8.956266,120.4818,688
"775",772,"Factor #772",21.6878,34,10.49302,81.6407,64.84764,153.4354,129.8625,225.2412,162.1264,314.7492,23.82034,512.93,81.86036,49.31308,638,210.4798,29.28457,591,123.0612,66.25432,92.19252,384.4329,208.1167,1089,434.5391,30.08266,324.3576,673.3694,285.6832,72.26489,32.8378,286.5193,11.00858,396,12.88812,37.60675
"776",777,"Factor #777",21.7788,34,25.16039,43.28601,28.00909,43.41173,40.01,47.19028,48.12041,106.725,233.0101,24.70699,78.21908,44.39258,30.01873,1028,14.11241,99.34349,197.6454,151.6866,607.0019,495.0905,5706,17.97586,26.38042,267.6512,394,184.49,139.8634,14.69024,148.774,102.9231,273.4353,21.38819,242.0842,247.9381
"777",776,"Factor #776",21.7869,34,28.26285,231.0287,109.6556,11.88728,9.217384,144.1656,3.183195,314.3355,229.0134,23.53128,62.1496,32.80528,12.95053,1041.178,43.65548,98.98597,346.9388,246.1245,607.0019,1072,5108,15.00192,8.936967,267.6512,488.8357,184.49,81.6607,10.61266,93.56784,14.72658,6.334531e-07,48.38228,380.1442,242.8671
"778",778,"Factor #778",21.7897,34,49.66724,242.5265,238.5061,278.4219,239.1856,294.1846,301.811,471,212.8618,148.2559,320.2175,532.1131,245.9076,523.8669,177.0996,193.6305,499,234.2648,368.0237,360.6178,1715.679,99.32205,335.4545,233.0416,469.9514,203.825,573.3315,303.5564,524.5001,346.6767,375.4611,205.2069,470.3686,282.8985
"779",779,"Factor #779",21.8768,34,10.41717,3.428872,180.5948,3.836874,4.905325,32.36348,3.742405,724,4.557894,18.43141,11.40787,21.74276,276.9268,78.25967,4.625928,448.0278,782,8.776943,3.097899,159.5861,471.8829,132.6315,96.0337,33.55463,859,289.9583,35.40587,3.075351,18.86333,15.80558,7.574336,102.9189,808.9103,3.42514
"780",797,"Factor #797",21.9309,34,64.83568,330.3388,135.6451,309.2536,310.1737,216.0493,279.4171,534.69,236.9467,407.2053,126.9379,89.62383,433.3355,149.5365,487,356.8189,451.8457,299.1632,343.3673,376.5902,440.3333,338.7406,377.191,381.8307,514,393.412,135.6156,49.74181,394.6697,169.7433,51.13054,64.36074,653,509
"781",788,"Factor #788",21.9312,34,4.708321,654,281.2256,821,759,778,836,12.82268,11.25661,510,10.95397,12.86594,16.96628,170.4992,4.919368,33.27501,10.15165,50.62595,8.608567,4602,7203,1342.896,977.5951,18.2313,36.00675,97.9811,778.0192,3.579078,17.69076,51.86497,15.85488,693.1978,14.29498,5.49541
"782",792,"Factor #792",21.9669,34,7.693331,862,295.6868,527.3652,633.0418,874,804,41.55792,36.33687,534.0367,265.2617,116.3013,30.20975,5.826942,34.56918,230.35,38.96205,6.723533e-08,41.49512,3477.855,7203,1319.213,977.5951,29.10082,66.84901,85.51213,867,12.86233,72.22679,62.95415,27.02545,726.6878,68.48115,43.95731
"783",790,"Factor #790",21.975,34,30.11655,887,608.6703,493.9685,938,414.1574,437.4987,306.3345,341.7622,1111,263.7896,81.11037,972.1656,219.1442,120.33,676.3012,309.5614,237.2799,313.8936,3437.788,2504.44,1640,1011.538,264.6637,279.6674,732.3915,682.2962,91.56349,786.2001,443.7034,192.9725,1341,336.0601,280.6671
"784",798,"Factor #798",21.9753,34,47.49564,652.1929,627.0487,626,593.2651,630.0875,674,501.6326,543,1100.233,368.28,117.8874,1524,334.7237,187.5211,984.8561,435.1809,373.6252,474,1264.238,1397.239,1024.247,1022,415.1556,405.0467,1112,342.7035,120.5015,1316,688,297.3596,1204.673,543.6724,491
"785",795,"Factor #795",21.9835,34,9.527803,597.538,681.5523,331.7463,633.0418,153.4148,111.2939,129.4253,70.6923,742.2798,1004.878,124.0917,156.4752,39.3424,85.62263,811,101.1937,58.88956,68.63278,3430.812,2504.44,1319.213,955.0308,83.80802,71.11468,169.529,746.8095,41.28485,166.1454,85.40831,36.8254,1943,182.7356,81.0081
"786",799,"Factor #799",21.991,34,57.86291,99.90246,211.6977,223.2552,261.498,184.7111,249.2461,564,302.5708,362.2819,138.2174,166.4905,370.5669,67.75784,327.5507,299.8136,597.4446,217.2119,241.0476,159.1712,259.1319,207.994,170.3121,327.2183,599,444.2328,242.3077,116.8526,256.7538,220.5697,42.58754,371.0767,702,419.8862
"787",785,"Factor #785",22.011,34,3.62561,1254.808,956,534,490.0688,793.8279,1147,31.72227,17.86856,2542,1394,123.3114,293.9361,9.820281,16.46068,1470.687,34.60094,3.139052,27.35528,5296,278.413,2561,1158,2.813849,34.03429,1829.55,374.1566,50.5017,71.03202,41.87022,17.53256,1641,41.33421,28.17057
"788",801,"Factor #801",22.1362,34,175.7325,652.8083,305.1952,766.7014,278.2717,527.5879,713.3279,976.9368,584.4307,553.5573,299.8779,497.575,906.4937,535.7767,724,662.692,1078.178,662.9547,869.5653,291.7686,477.8185,598.0556,194.0419,752.178,1014,759.9634,253.5038,367.9003,868.2774,470.2402,190.123,784.6668,1315,1067
"789",800,"Factor #800",22.1438,34,182.3782,3165.001,2007.311,1416.106,1864.189,2618.972,2046.194,962.5496,892,506.5826,608,228.6106,866.2239,542.4214,569.6277,527.2641,1098,911,870.2416,2229.002,2193.065,321.08,939.4468,815,1034.526,671.5914,786,908,2499,1006.673,262.0951,652.5417,1085.879,1084.031
"790",780,"Factor #780",22.1475,34,65.98168,4823.077,1781,1835.54,1399,4103,4422.877,1052.167,82.07184,3394,2.128972e-10,217.8321,3335,682.8142,64.16751,3197,917.1426,39.79762,1195.936,7107,91.05162,4390,4022,26.02266,745.5265,3170,59.22424,73.70563,108.6916,854.6556,211.8173,3602.088,307.4175,214.8859
"791",787,"Factor #787",22.151,34,70.29053,4987.945,3589.054,2044.946,3321.416,4136.866,4422.877,1103.525,161.3793,3394,5.05789e-07,222.2649,2243,682.8142,162.3793,3096,1072.075,99.91897,1195.936,3295.282,178.326,3382.199,3381.586,145.5936,754.9029,3243,221.5485,96.72344,67.01442,872.5591,217.0276,2799.733,421.877,265.7536
"792",802,"Factor #802",22.1666,34,119.6908,5012.309,3914.191,3438.008,3717.781,3801.55,5154.488,960,573.2854,1419.107,631.3112,282.2819,1497.282,543.2405,311.6456,1262.958,1071,740.4473,1099.298,2945.305,1963.422,2770.058,5685.595,797.6148,969.5625,1081.722,5355.908,880.5804,2314.367,968.2034,234.8592,2307.649,1069,913.2787
"793",793,"Factor #793",22.1969,34,246.6347,5667,4658.471,3882.811,4936.43,5484.732,5540.806,1158,352.7507,4711.485,1248.567,222.2649,3516,2029.491,127.5218,3258,1068,80.8215,1195.936,1412.936,316.8976,4694.761,6258.841,123.71,659.503,1379.629,1994.954,82.99845,249.5219,509.1393,69.68398,2626.371,1062.403,238.4104
"794",803,"Factor #803",22.2149,34,52.24233,5012.309,4732,4831.838,4969,5467,5950,976.7307,203.847,6085.417,5743.028,278.8191,2277.654,1604.4,264.2754,4322.202,1080.841,234.6797,1058.006,3954.477,49.54349,6402.396,6445,385.9663,949.6039,4535.007,5478,24.24876,153.6843,2.016804e-09,129.4239,5918.702,1019.477,11.70471
"795",786,"Factor #786",22.2713,34,348.4609,6914,5751,4766.965,5100,7343,6878.02,704.2586,415,7282.138,2576.595,548,4622,1975,462,6661.415,550.6259,407.0306,690,119.175,74.85049,9968.489,7950.172,328.1846,1112,6626.002,1882.146,252.6709,358.944,169.3566,352.81,8018.269,1285,435.8639
"796",783,"Factor #783",22.3204,34,16.55735,1732.153,497.8588,260.6797,5517.296,1275.737,5939.657,2.817528,19.95907,8474,7319.341,351.9486,5665.465,1.83507e-07,157.3909,6897.516,1.573141,214.6222,211.9843,6.123161e-09,4.384234,9819.828,6916.316,216.3975,352.867,6982.136,3.078198e-10,90.06227,272.1809,3960.352,76.87257,9448,3.716169,426.0467
"797",804,"Factor #804",22.3291,34,8.604357,516.776,3793.813,141.7005,253.5026,335.2588,543.6817,161.2823,50.47021,7039.55,7583,103.8286,2225.417,5.485066e-09,39.85219,7053.255,4.283147,50.96727,490.3242,49.07484,5.973183e-09,7146,5251.246,63.03273,3.091756,6982.136,5.670123e-08,33.35535,63.52995,4523.228,28.96125,7634.594,4.633833,57.79193
"798",796,"Factor #796",22.3712,34,213.5145,8552.644,7036.951,6112.718,7838.85,8229.354,8307.79,569.9411,4.249336e-08,8879,2399.339,6.513419,8372.188,6.652585e-05,85.23618,8917,4.47032e-08,1.694886e-07,680.4691,0.8180407,0.3779465,10021.03,9711.821,1.967861e-09,0.0001176386,8296.183,625.9156,86.45595,50.00383,1653.294,122.8212,8018.269,2.33957e-07,9.486758e-10
"799",805,"Factor #805",22.4024,34,11.22768,441.5166,345.5719,407.7669,436.4339,359.9383,49.6055,1264.364,318.599,251.4096,453.8374,927,1136.01,925.2522,15.06248,598.822,1355.486,312.5974,1467.425,4.022875,103.4374,544.1669,379.7862,422,1180.572,294.2854,246.2814,32.35008,36.66302,1292.528,678,315.8907,1180.034,324.805
"800",791,"Factor #791",22.4046,34,453.73,9186.938,8706.345,1980.233,6625.797,6993.952,6616.965,1986.199,109.3977,7461.242,1684.067,309.8489,9964.4,1012.611,377.2842,8917,1380.428,217.1824,2057.318,223.0384,644.8284,8693,6808.835,195.8792,927.9862,9359,1522,407.1615,507.7406,1247.349,208.2331,372.8396,678.5451,143.9135
"801",782,"Factor #782",22.4109,34,453.73,9256.823,6957,7076.648,8921.152,9238.687,9092.415,1558.019,109.3977,5549,2945.725,289.7237,9713.836,762.4216,315.2394,8917,1087.913,180.5493,1563.13,223.0384,644.8284,10970,10510,163.6532,973.2449,9490,1487.816,405.5691,556.4286,1295.775,182.7187,263.6221,331.2685,3.412879
"802",784,"Factor #784",22.4465,34,458,9839,9918,7552.783,10784.9,9748,9580,1929.791,137.5915,3491.059,2319.14,408,11155,1461.438,463.8105,6414.839,2034.219,347.3422,1884.336,382.7248,663.0633,5.112547e-09,6588.01,310.0855,1804.771,9490,1829,585.2995,527,1113.969,280.2778,550.4754,1979.876,645.5915
"803",806,"Factor #806",22.4576,34,61.44135,1319.222,1273.382,1278.412,1359.237,1265.288,1292.252,6100,33.64801,1.207657e-07,188.241,69.89202,8605.58,7476,74.4201,355.4513,6352,51.25095,5771,53.16008,79.40411,5.836068e-09,1124.547,59.2231,6658,1.243221e-08,187.5637,62.61302,90.70168,4.870084e-11,94.79154,5.818522e-08,6770,91.2677
"804",781,"Factor #781",22.4779,34,511,7574,9918,10081,11293,2865,4418,1923.857,144.1163,2.102771e-07,4846.329,438.2834,10022.37,1857.47,500.9265,794,2030.086,349.4858,1879.461,382.7248,630,7.559497e-09,1262,322.0477,1797.672,5672.497,3591.684,585.2995,668.0606,267.3081,300.0817,859,1973.135,768.5444
"805",807,"Factor #807",22.4921,34,330.4635,2716.615,6529.573,6518.501,7389.744,1010.485,1449.439,1024.059,411.6282,197.4209,3051.478,412.4592,6104.172,1363.075,667,1197.294,1590.012,435.4938,1028.309,174.1924,226.9964,222.8056,173.9951,430.262,1140.661,772.6879,2047.377,376.7986,541.9972,400.1945,496.815,239.4509,1449.628,805
"806",808,"Factor #808",22.499,34,23.65423,424.6125,797.1268,804.2987,857.5834,382.5421,561.0902,2681,25.78982,62.67514,319.0491,24.44452,477.8188,3220,139.6347,9.833848e-08,3502,15.8941,2862.852,77.01682,82.61213,97.58117,73.12462,34.05951,3420,58.81531,6.121529e-06,161.2683,267.5687,61.4373,193.8247,25.82866,3787,240.9127
"807",794,"Factor #794",22.5,34,474.1683,2960.264,9133.252,10081,7349.28,1824.827,1792,1362.782,175.8796,119.1631,4438.142,391.3879,2957.616,1339.714,276.5945,951.1065,1452.374,251.3452,1358.722,93.64471,175.0619,121.9171,1305.937,248.7517,1615.998,618,3159.219,133.0974,373.369,790.6536,280.5231,113.3816,1440.814,734.6066
"808",809,"Factor #809",22.5087,34,93.83201,930.8972,1897.689,1917.961,1615.565,729.259,724.1125,1160.719,746,268.2888,1259.059,586,772.607,908.3637,760.9449,289.001,1223.917,697.797,896.3184,269.7998,431.5719,391.7017,305.541,659.225,1169.74,216.1287,1021.646,563,921.9553,786.5522,913,242.9014,1305.964,700.1468
"809",789,"Factor #789",22.5643,34,4.125476,1104,1743.797,7967.345,3099.169,844,868,125.8943,6.88632,15.6399,7439.566,5.161552,4311.386,878.5142,233.0534,20.54557,23.31259,4.898573,31.35286,20.57944,10.85454,24.87335,18.47057,9.055386,332.3753,27.41941,3813.382,75.92006,132.769,21.21512,10.60018,19.73264,1026.829,414.6088
"810",810,"Factor #810",22.6209,34,6.768003,16.42794,45.41583,72.5573,22.78299,102.8879,32.80318,504,28.48416,27.52336,220.3389,32.80519,25.63052,397.3882,18.28045,109.3073,406,18.1592,561,158.7334,108.3066,69.93677,79.07673,9.743832,359.1561,144.7244,306.9967,17.58451,39.77582,544,21.2414,28.29073,358.0662,60.31192
"811",814,"Factor #814",22.7659,34,12.82591,4535.806,4792.24,4740.127,4783.79,4272.845,4429.362,6430,1797.941,5220.91,6199.16,1019,5701.056,5424.394,1636.183,5304.568,8352.038,1889,7079.05,4875.936,5074.149,4828.286,4441.157,975,8358.634,5308.844,7472.006,1206.494,699.7638,8097.43,2106.556,5141.72,7576.387,1315
"812",811,"Factor #811",22.7675,34,21.06755,11363,11501.65,11597.77,11500,10742,10906,21600.93,5123,13761.67,15083,4525,16104.34,14215,4561,13775,22532.86,3785,18149,13925.54,13449,13543,11864,3788,21042.69,14313,19602,3174,2034,21432,5521,13312,20998,4496
"813",816,"Factor #816",22.7675,34,4.887261,2715.796,2762.901,2782.591,2753.783,1719.433,2566.451,5224.11,1193.079,3242.037,3629.015,651.5167,3498,3576.987,1035.689,3255.514,5613.386,869.974,4474.26,3240.278,3150.671,944.7385,2781.532,710.0873,5142.097,3625,4815.239,456.9507,420.9253,5154.28,1281.757,3168.931,5041.517,959.9903
"814",813,"Factor #813",22.769,34,48.71746,11184.08,11675,11820,11281.47,10671.38,10710.74,21774,4805.882,13761.67,14974.31,4373.766,16319,14713.24,4383.168,13616.3,22696,3612.439,17974.11,13925.54,13335.44,13461.18,11769.11,3632.482,21208,14131.21,19551.87,2751.414,1763.569,21256.23,5388.186,13162.68,20806.54,4219.584
"815",812,"Factor #812",22.769,34,15.61928,11049.45,8941,11597.77,10518.02,8780,10740,14705,4879.46,13761.67,14974.31,4373.766,15924.02,13962.84,4383.168,13616.3,19537.55,3612.439,10499,13925.54,13335.44,13461.18,11769.11,3632.482,21208,14131.21,19551.87,2783.257,1776.728,21256.23,2979,7817.789,20806.54,2746
"816",815,"Factor #815",22.7766,34,5.913644,141.9979,189.0883,197.1912,133.6483,1167.719,1709.796,3887.902,85.20283,2261.103,13882,78.7591,462.7481,2632.971,649.7312,2240.96,4192.587,91.48501,3136.534,2046.558,1505.567,521.0875,1296.664,37.36857,3471.299,629.7577,14636,20.74667,36.20657,3905.013,255.1188,1927.199,3707.154,5.593686
"817",817,"Factor #817",22.8734,34,14.12403,391.1216,341.0056,376.8095,387.6227,368.6942,493.8101,190.9872,35.75444,1150.359,75.08011,4.198512,1592.751,143.1993,46.88247,1228.028,159.8561,21.57771,210.9109,1354.798,1687,1810,1244,114.9602,96.46158,1496.672,193.8243,19.00269,43.12254,117.3838,33.86899,1326,162.2265,89.16259
"818",818,"Factor #818",22.9229,34,6.407908,219.7088,217.5201,157.2395,165.1813,130.8805,147.0037,40.1468,931,10.88925,245.1653,25.59127,25.8405,1202.806,2592.107,17.17519,64.48047,824,23.75583,16.30517,75.38543,9.459387e-09,1.334683e-05,875,82.74642,16.63104,3.625646e-09,864,615.3595,27.56016,63.49892,23.98616,43.21836,930
"819",819,"Factor #819",22.9246,34,20.21553,171.0949,217.5201,151.02,111.9789,137.5,152.0222,208.7507,769.9649,66.61175,6.328181,94.0454,102.8038,566.3768,2524,73.53609,114.394,797.9554,81.66507,48.28934,79.30498,86.26583,23.45304,854.7027,272.7944,128.7363,1281.043,798.8548,515,51.50417,87.50556,49.81685,162.8236,919.9695
"820",822,"Factor #822",22.9682,34,11.25512,38.22423,29.81624,30.74608,25.38716,47.44037,35.66402,1485.417,958.234,16.26921,55.22382,37.03998,24.9353,6746,19.92049,67.14581,1106,811,1640,11.96766,17.82726,20.74562,17.71474,922,1115.273,18.16898,391.353,56.80016,68.4689,1131,49.77752,20.80215,1401.391,849
"821",824,"Factor #824",23.0635,34,6.835887,68.12388,65.43659,44.83928,83.83283,37.08637,67.84522,24.88963,28.70314,504.7433,12.5747,21.70647,630,12.93736,14.85647,557,21.62469,29.74032,25.73526,553.4849,547.7326,505.5709,277.478,40.95653,33.20842,515,20.76651,24.87769,25.59054,40.32346,9.823582,337.1627,44.71019,35.54031
"822",823,"Factor #823",23.085,34,48.6876,744,869.0644,841.8262,902.0953,886.3305,855.8373,6662.732,998.4075,240.8091,91.37342,1084,272.8153,9955.165,110.7142,553.5098,6170.13,875.1987,6546.052,336.9938,365.6031,78.88488,819.0031,1222.196,3718.059,815.2378,45.23604,389.8732,868.0606,6163,671.0687,626.8923,7096.775,1253.115
"823",821,"Factor #821",23.0856,34,54.885,721.4303,774,837.0873,838,886.3305,856,6929.776,1159,505,120.3279,611.9557,463.9177,9955.165,189.4129,626.9822,6273.999,975,6546.052,454.8866,455.8695,130.7841,828,1247,5524.96,770.2154,257.6897,424,778,7398.887,1047,626.8923,6345.251,1305
"824",820,"Factor #820",23.0897,34,60.33832,611,869.0644,841.8262,902.0953,886.3305,855.8373,6901,1159,483.7369,29.66671,1241,380.4878,9955.165,214.4899,654.7902,6735.792,975,8316,408.0857,396.6616,170.2236,819.0031,1222.196,5514,815.2378,139.6391,424.0382,868.0606,7057,979,626.8923,7295,1253.115
"825",829,"Factor #829",23.1613,34,3.32616,886.6062,741.5681,571.8083,518,572.4981,395.2642,153.5089,21.08719,569.1722,4.863001,78.55313,359.9258,25.37192,7.625678,440.1242,31.67895,23.06113,27.0792,993,1424,817.1549,534,58.52279,22.35587,510.6567,226.8719,7.126351,72.09899,134.5409,76.51606,498.6159,34.26824,75.59509
"826",827,"Factor #827",23.2091,34,7.901603,833,818.6793,694,799,667,796.7491,171.2384,51.43632,1007.918,130.059,74.80659,460.0701,188.7192,13.46408,504,213.7935,53.92671,170.0889,1240,821,1291.623,1340,96.98523,182.6488,709,394.5042,30.54973,82.59655,175.1768,90.29045,495,117.3046,47.53276
"827",830,"Factor #830",23.211,34,7.387072,896.8734,702,830,940.7495,721.7095,600,228.5505,146.8081,490.9792,137.7878,86.52624,395.2337,288.3579,23.25632,940.922,266.3722,155.8842,224.5122,1228.341,1193.882,873.0935,1387.695,199.404,224.6332,751.2606,337.4487,51.25399,580.2124,199.5282,102.6237,594.423,202.0627,94.81088
"828",832,"Factor #832",23.2253,34,13.58392,49.92828,53.34518,37.84363,47.18766,58.33053,35.87237,269.6061,495.0908,28.68661,31.55012,80.40141,69.76618,390.4133,12.41053,31.90046,306.6489,511,292.3546,37.20924,66.027,24.71502,41.47264,589.75,297.203,54.5534,25.47608,40.53455,257.1525,333.941,86.03588,27.67046,306.2126,644
"829",825,"Factor #825",23.251,34,8.113755,896.8734,790,913,1037,799,862,241.4477,11.81417,1317,222.7247,31.41178,486,182.5397,5.470704,1406,130.0581,25.13153,254.3593,1291,552,1295,1542,87.99468,321.111,826,401,4.291973,64.47151,291.0913,20.31163,928,134.0051,17.94047
"830",831,"Factor #831",23.2659,34,36.34115,105.7241,60.96364,63.39288,82.50823,112.3043,79.57366,17631.91,0.262095,6.784298,4.848903,2425.428,2.808319,19165,0.9385273,49.72625,15670.45,9.901737,17016.69,37.29653,3.404476,7.580214,8.897418,33.89584,11710,34.74681,3.957365,19.02437,47.87618,17942.24,2757,59.61921,16286.39,60.45022
"831",826,"Factor #826",23.3006,34,10.77652,671.5777,617,464,684,781.2165,837.5519,534.5558,97.50924,1370,213.3405,192.7385,669,558.1672,29.9218,1246,582.0618,114.2235,691.1868,767.6044,552,1744,1504,82.51779,543.2126,1564,423.3852,27.74209,49.48538,537.5828,175.9728,1221,568.8734,162.7243
"832",833,"Factor #833",23.3094,34,19.5043,509,474,570,510.0953,519,527.2241,1279.095,674,288.6341,277.3091,1690,302.4275,1144.833,98.45297,302.1043,1230.268,687,1283.887,114.343,113.5695,374.2365,335.0212,608,1173.666,337.9341,447,75.78495,32.44094,1371.306,1512,308.6011,1311.837,812
"833",837,"Factor #837",23.3591,34,6.26963,6.730767,5.479557,57.85855,7.364363,53.36779,8.502294,18756.89,16.38378,9.278241,2.323764,393.5287,10.68784,13930.68,27.27017,22.14334,19738.38,21.01818,19751.32,6.069468,22.0895,10.14612,6.80571,10.78148,15994.31,15.58894,14.09877,5.143224,7.47912,19738,441,10.57185,21227.29,41.51616
"834",835,"Factor #835",23.3618,34,57.40672,8.262804e-08,3.400321e-08,63.53817,2.892346e-09,6.898339e-09,79.65906,20369,0.7735806,8.31598,1.573659,8.113411e-07,76.92729,18232.63,55.37453,11.06877,20300.82,1.71362,20244.33,4.399716,43.35623,45.08356,25.30271,2.584099,19833,35.73127,0.9550609,45.82921,54.25834,19738,1300.611,7.892783,21229.68,14.68054
"835",828,"Factor #828",23.3903,34,5.009817,43.22572,160.0206,465.0223,497.6922,327.6706,413.7588,813.6504,5.409837,763.1573,149.5905,14.23273,743.1573,744.6605,9.159596,1086.72,650.0393,9.621784,972.9793,461,357.413,753.3225,721,8.538237,806.7471,876,155.2244,5.296533,27.975,502.9902,9.123595,849,705.2648,21.8169
"836",834,"Factor #834",23.4015,34,31.56183,1.720981,2.581052,40.99661,3.349902,1.322745,3.576375,20397.14,0.4600237,53.16444,9.625308,1.480142e-06,77.31679,2.297344e-10,2.646884e-07,16.12689,20296,1.139644,20232,32.14363,21.79795,24.28704,7.707584,0.6536994,21661,41.44189,0.9024295,45.75115,14.32581,19602.03,7.828044e-07,19.63044,21267,14.68963
"837",838,"Factor #838",23.4403,34,6.980808,362.5204,389.4867,270.7187,220.1803,151.3264,293.9582,1192.058,58.65075,560.8618,418.1501,14.02827,712,1363.851,35.11381,560,1285.186,43.83862,1322.919,218.8099,176.2037,741.8987,308.3561,39.72645,1619.235,564.178,510.5797,174.7792,24.47526,891.3945,9.83681,625.7269,1272.046,33.20336
"838",836,"Factor #836",23.4788,34,9.522067,320.1565,292.4823,300.7847,351.7313,295.4819,302.1562,2027.563,79.03032,91.7775,521.2855,52.00915,116.0912,788.0073,53.79849,80.71531,4175,86.82385,5621,90.21366,76.77504,100.6443,96.63907,93.34944,13096.2,84.10398,849.153,289.8025,42.73498,838.6748,68.17391,101.4894,5538,100.8033
"839",840,"Factor #840",23.4904,34,9.61756,634.7347,645.4245,614.0601,712.4151,710.3398,733.348,976.4755,748,120.1086,696.2124,152.7577,178.4678,1050.763,187.7175,155.1486,1045.084,775,1071.419,154.9894,126.6296,185.2463,117.4565,847,1208.756,95.66023,973.0894,3316,111.9002,839.8083,252.3855,182.7926,1211.559,1048.677
"840",839,"Factor #839",23.491,34,12.51415,940,917.7049,901,980,881.9858,909.254,2446,383.6224,280.696,1669,189.7685,267.9497,2583.766,177.9324,201.1648,2826.412,429.7061,2888.721,246.2176,182.894,285.1845,244.9567,447.4458,2773,208.6232,2693,1687.777,224.8316,2350.401,253.2751,267.6141,2962.408,469.1964
"841",841,"Factor #841",23.5054,34,25.62968,565.4402,519.1655,504.5256,515.4132,532.9152,514.8739,1130.615,351.2269,459,607.8114,276.5895,414.9689,1228.983,214.8086,418,1256.87,374.8638,1281.512,519.9932,411.4438,816.4585,569.8888,406.9188,63.04893,466.4568,1155.846,892.876,543.2112,916.0019,344.2467,466.6707,1324.323,465.7367
"842",842,"Factor #842",23.5084,34,17.4902,576.5393,519.1655,507.0272,543.6566,524.2276,522.7431,1185.938,235.1916,517,431.7099,270.5601,409.5912,1182.324,131.6214,484.9582,1463.668,225.2807,1343.916,553.8173,411.4438,816.4585,569.8888,238.5588,1431.876,532,504.0325,426.2005,316.4485,1046.894,294.5002,592.7861,1570.159,283.4567
"843",846,"Factor #846",23.5578,34,8.044607,566.2725,485.9017,504.5256,101.1724,511.293,529.4521,88.89643,59.10614,691.2264,144.579,123.8738,216.8231,168.7332,144.2975,618.6742,458.2201,115.5846,87.18079,1096,825,699.1578,780,57.20104,89.70435,592.9684,88.24624,20.75966,98.91837,96.96045,131.7327,696.1394,810.1,160.3077
"844",845,"Factor #845",23.5776,34,9.612453,187.8766,127.8236,493.6408,504.2825,456.7595,396.7403,213.5062,92.12859,718,76.00402,113.451,331.0481,156.6908,18.16731,811.9948,460.7919,15.31475,254.2316,857.4038,834.3306,685.023,782,48.29881,287.9437,812,17.35476,22.27945,44.11875,100.408,160.1053,592.7861,87.60009,103.753
"845",848,"Factor #848",23.6249,34,23.00152,74.06427,61.39416,202.1222,44.81031,100.8437,291.2701,51.20272,30.02886,704.4492,47.03725,13.4674,109.7433,46.30229,17.15303,646.3631,82.21001,31.47637,75.42738,1343,909,680.8255,572.4881,28.80869,68.0068,658.7626,34.99265,169.2039,27.97547,76.5503,26.30342,672.2527,59.42677,29.79304
"846",843,"Factor #843",23.6443,34,3.702745,49.98727,13.66989,18.89946,52.84419,302.6332,38.5425,22.73691,21.04835,866,13.68967,5.799603,89.31474,60.48253,11.74518,746,13.07673,12.91565,15.60195,1054.503,897.8683,738,201.4082,26.98121,43.84315,795,6.005775,13.71011,7.316865,14.18426,12.74974,828,38.68053,14.83928
"847",844,"Factor #844",23.6485,34,5.052755,38.72846,18.43073,24.88865,85.36889,16.40741,46.66068,31.28925,29.77032,793,14.50896,8.695526,97.84562,63.40551,11.95939,765,28.04769,22.42837,22.69393,685.0408,895.6458,721.2234,264.5298,31.6572,29.8348,711,18.36726,26.35956,6.964087,25.51974,21.32886,776,9.333877,27.03234
"848",850,"Factor #850",23.6549,34,8.918518,18.07484,34.41636,27.07083,39.1312,67.62359,43.77374,86.52377,49.49688,65.77965,92.60754,25.18996,23.5196,113.1324,24.96635,186.3512,94.32385,33.98604,152.8694,1358,944,151.3464,89.57824,30.7988,102.7535,166.0123,96.4446,170.8049,30.22089,86.89604,39.2534,173.7032,79.18857,64.6044
"849",847,"Factor #847",23.676,34,7.530511,39.52275,15.84107,27.13243,22.0823,16.14912,45.55119,17.09599,26.58749,546,20.87422,12.88785,99.84746,8.899252,13.93214,607.6776,13.11335,27.17891,20.3393,561.806,636.0608,518,375.0049,36.3649,26.91899,636.6641,12.37068,52.27034,6.981621,21.37459,7.299085,787.45,10.32014,34.80399
"850",849,"Factor #849",23.7803,34,6.108756,61.44586,28.15936,37.38988,36.98826,23.24622,7.770192,18.61881,15.87993,447.1929,12.07848,5.817672,396.078,38.54181,4.862939,263.4605,17.18022,7.882436,15.98401,1078,1194,815,379.2676,14.05095,4.785611,624.0861,5.246654,32.56537,44.2473,5.462658,5.585723,449.1239,7.713188,7.817605
"851",851,"Factor #851",23.8093,34,12.84117,793,672,674,846,708,722,627,434,1210,395.525,18.88173,530.6272,712,99.68376,1262,653,440,449,266.0577,553.6293,240.617,4721,477,576,1269,689,183.7718,1851,626,139.4438,1388,764,551
"852",852,"Factor #852",23.8151,34,12.64734,747.8814,629.835,771.1426,739.1995,721.3917,522.2809,490.3709,462.141,1186.326,395.525,91.00956,513,678.0669,100.2242,1096,634.1423,395.9326,448.9728,472.5189,791.0587,554.5098,2269.206,514.0232,464.7334,1096.104,587.4672,183.7718,1115.379,618.69,131.4979,1346.136,729.6527,428.0099
"853",853,"Factor #853",23.8275,34,16.08661,273.7581,368.6824,565.465,195.9419,438.3681,364.2404,341.189,289.6419,765.196,230.4323,256.2796,591.3649,343.2117,68.72593,470.3284,382.8442,157.9382,306.2047,832.739,982,841.2848,3218.533,356.4011,183.6797,740.8722,92.66999,104.4619,467.0256,116.4394,92.79502,645,364.0084,194.2746
"854",859,"Factor #859",23.8863,34,7.106403,150.8744,179.367,125.5176,176.8212,170.9093,173.554,109.723,135.6451,748.0033,42.04093,115.1641,711.7721,90.64906,20.33612,717.6477,108.5519,224.0041,102.2743,486.1709,858,1129.996,642.1441,215.3581,93.88857,1006,94.65227,19.5364,543.5988,88.4885,346.3678,720.4704,128.1753,240.1221
"855",854,"Factor #854",23.8918,34,12.27511,567.4567,559.9416,558.3529,670.4361,551.6228,569.6223,507.9523,719.6576,776,356.1898,571.3322,613.6747,480.1485,17.55085,831,481.9881,658.2905,501.0471,435,831,1114,651,827.3988,521.1348,1046,455.4449,80.71138,1086.437,555.7335,1596.321,757.4175,532.5587,812.3076
"856",856,"Factor #856",23.8919,34,15.04974,236.8337,273.9195,242.9487,258.5611,289.1015,271.4602,210.3459,309.9549,711,147.6764,184.1015,618,156.0388,19.49302,640,185.3819,317.2505,181.2144,517.935,775.6405,1189,608.9922,325.972,172.4648,987,152.3634,39.27659,910.0344,251.2754,692.5355,775.9265,210.0303,386.9898
"857",860,"Factor #860",23.8962,34,12.00612,776,1084,1126,1268,1060,860,742,1565,461.4723,716,1557,566.5508,961,33.65135,497.0953,984,1317,917,369.514,434.9469,694.7511,502.8819,1837,1040.744,703.1509,829,257.5518,4286,1079,3100,537.0924,1055,1648
"858",857,"Factor #857",23.9063,34,6.357955,70.54628,81.11317,121.8307,139.1668,105.2969,136.062,54.44314,82.73196,824,10.95552,71.28134,731,47.15938,6.10776,884.7506,49.22527,45.41056,43.15267,339.8864,746.2019,1129.996,616,87.21027,56.27406,1094,74.12822,7.063784,199.9888,75.40825,178.0731,805,16.87431,102.0094
"859",855,"Factor #855",23.9634,34,8.409139,47.39892,66.74945,118.8562,95.85442,44.67806,73.98113,1.543415,32.85194,738,12.56052,12.65851,764,86.3259,29.02774,779,1.941345,18.39858,3.53933,327.8837,517,1056,608,11.83622,4.595766e-12,967,2.63458,17.21363,99.46764,30.09517,29.40829,664,114.4899,17.11912
"860",858,"Factor #858",23.9959,34,8.339839,8.655362,34.11798,72.3182,40.63779,18.77866,8.699811,4.376698,5.681377,736,5.416117,6.934548,658.1266,9.378807,4.955739,775.2062,5.212389,1.033131,4.782667,199.0025,464.1172,957,515.2423,9.159429,7.512675,920.6889,5.347569,3.88127,3.520903,13.00561,5.342923,741.4451,5.916397,5.235558
"861",862,"Factor #862",24.0071,34,8.593029,1364.746,1254.662,568,1476.705,1113,1275.919,25.68675,16.38721,56.21419,318.8712,13.54159,103.0458,52.97347,22.91475,75.8945,110.7328,24.01152,7.551867,178.0442,34.61089,91.4799,59.83601,22.3503,90.3772,88.27519,316.9819,24.34906,15.02727,68.64604,13.75557,54.17876,96.48972,7.175575
"862",861,"Factor #861",24.0363,34,4.126729,1435,1305,1449,1478,1177,1235,5.129744,22.23414,71.45478,318.8712,11.02642,82.90147,7.825248,7.528172,45.63866,46.46314,13.91083,6.738981,243.0631,285.628,15.70517,215.3971,11.11274,10.04527,62.53777,175.3741,18.82388,8.669556e-07,286.4851,62.27663,12.2667,25.75587,12.74194
"863",864,"Factor #864",24.0728,34,15.93479,292.0252,407.5697,336.2007,435.3101,153.5008,334.9372,33.9378,63.67986,747.5753,32.67206,43.49109,1130.363,2.190116,22.24261,521.9984,34.32127,8.664909,18.71065,1043,1110,1215.117,704,17.40523,77.4623,877.2357,8.043037,6.987651,29.32116,38.06112,64.07234,787.5105,72.34222,58.01935
"864",863,"Factor #863",24.1231,34,32.12599,137.7715,130.7862,259.8871,177.8656,212.9896,177.6207,230.8455,98.8965,748,45.76081,87.10217,1144.401,74.21564,175.0388,753.911,168.2432,80.34482,138.5446,1003.66,958.9916,1271,703.8948,135.1616,264.0956,1112,41.1736,40.10203,112.1301,52.11424,71.24717,905,63.88073,210.5599
"865",865,"Factor #865",24.1291,34,17.30189,463,462,514.0694,768,579,550,605.3694,274.0561,105.8923,111.4049,222.4275,550.4173,154.5736,428.8155,342.018,635.8229,197.0436,423,22.36443,16.60783,361.0206,85.1068,450,648,452.8503,129.58,37.84753,216.5846,59.02238,64.98859,388.4323,868,516.5396
"866",866,"Factor #866",24.1554,34,80.45124,330.9637,293.3948,662.3641,343.1016,428.937,420.0932,359.5566,177.6944,185.6015,115.0889,213.6885,363.6603,397.3516,316.3492,278.7007,411.9938,229.9593,326.7917,74.00513,171.5515,237.4783,117.5842,314.2786,447,217.3855,146.6123,72.96673,385.7216,202.9175,87.09237,265.1306,531,274.9955
"867",869,"Factor #869",24.375,34,2.153766,2764,3011,3323,3113,2471.632,2427.69,259.7883,1163,4717.449,365.0124,545,3371.858,176.4895,988,3126.464,357.1579,1218,207.5244,2192.411,2597.418,3384.999,5229.58,1720,396.5135,2344.121,228.8218,2048,686.7126,245.585,685.5723,1783.415,384.0951,1319
"868",868,"Factor #868",24.4163,34,75.93641,200.7757,2983.118,3324.111,3074.878,2532,2475,259.7883,153.9898,4490,49.28496,1846.042,5012,176.4895,161.9738,5089,357.1579,159.0615,261.1501,2820,3919,3846,5496,224.9058,418.6119,4471.782,253.5935,136.0902,80.73023,267.9259,270.021,4066.043,389.6296,1268.984
"869",867,"Factor #867",24.4368,34,200.5662,247.9448,255.3007,245.6284,1642.808,1401.713,1375.415,10959.44,7641.045,2883.659,60.98834,11765.08,4658.549,5825.083,22054.03,3482.528,168.7907,8690.631,16634.28,1620.242,2356.052,2425.331,3148.902,212.679,219.1549,5858,77.1519,108.0741,140.7347,146.9821,1031.012,7518,9115.565,502.8441
"870",870,"Factor #870",24.4428,34,60.5375,203.8122,157.7199,322.7767,595.7573,239.4319,535.6868,190.7719,76.68492,1345.693,31.15297,460.3306,1399.035,77.71997,83.29841,1382.595,53.17791,128.8902,100.4728,816.4272,1131.857,1039.103,1513.545,112.3462,68.93778,1061,60.77241,66.53758,42.36797,78.93839,289.9997,1265,250.2385,234.3389
"871",871,"Factor #871",24.454,34,754,5606,6029,7341,7532,9197,9722,10959,8633,6953.857,1908,12216,11237,6379,22145,9189,12448,10129,17034,805.6638,1473.96,8246,1163.714,13608,13597,11349,1750,448.9216,2134,2365,1020.858,13833,17367,22625
"872",872,"Factor #872",24.4544,34,45.18673,45.75183,62.27415,28.28348,8.130649,511.2665,48.66265,74.6077,822.0593,160.518,26.98658,5401,1368.158,50.17292,90.59093,1454.358,111.666,981.5412,106.5978,533.1662,1151.801,300.7124,62.43339,896.5285,57.59375,1243.685,50.68811,47.11887,48.62281,59.12222,2976,1046.423,150.8809,1074.963
"873",875,"Factor #875",24.551,34,44.38258,325.9974,358.053,327.8639,329.7301,323.7523,293.5369,328.1333,633.0912,136.6274,26.98228,1194.699,298.7297,90.38451,781.3949,176.648,359.6306,537.5306,256.3908,81.06049,118.4023,210.6873,317.5499,924,293.7513,223.7296,78.92235,136.4798,146.5639,96.9716,1778.299,240.1763,214.9789,828
"874",873,"Factor #873",24.5532,34,35.64938,388.5021,406.3578,503.9013,499,126.3313,515,506,90.97147,220.5696,35.15994,155.5254,533.2666,39.37121,485.567,256.8044,596,278.0864,410.0977,131.834,175.1588,237.6142,89.61762,411.2432,617,333.7476,35.14701,59.6745,158.1803,5.289911,136.3992,345.4457,785,654.1834
"875",874,"Factor #874",24.5571,34,84.12461,410,396.921,475,405.3405,390,537.6108,505.6539,336.8167,233.7441,26.85628,214.664,515.9177,176.6982,577.7977,271.931,595.986,393.3774,394.3194,61.23406,179.4863,395.2041,94.21089,542.8566,585.259,397.9527,147.3021,75.19227,274.2244,149.7744,920.8185,419.3783,589.6421,732.6048
"876",876,"Factor #876",24.7178,34,31.19716,73.90205,71.55949,86.07483,61.01413,87.46381,51.63869,95.02548,7026,107.2963,60.89076,38.61993,32.38111,109.8238,38.41707,94.28626,100.846,7317,123.3271,100.1837,219.8825,50.97491,3.899236,8559,151.6743,120.1267,88.40456,72.33774,13.66836,83.71886,40.3458,96.30217,92.42628,7835
"877",877,"Factor #877",24.7229,34,125.4172,833,755,846,891,843,995.5773,1917,362.2482,265.1161,1205.9,88.6193,344.68,2403,65.59736,304.9846,2154,352.1865,1339,117.659,406.2319,103.2037,419.347,470.0539,2321,322.2777,2346,241.4602,117.0865,1771,70.53842,322.2185,2416,393.7088
"878",879,"Factor #879",24.8066,34,5.179596,1269,1309,1237,1219,1300,1192,1.002787e-09,11.65938,3047.471,95.38965,33.77881,807.1752,1.837617e-07,112.9424,1227.355,6.917773e-09,54.75796,5.924635e-10,1975,2288,927.1494,5189,1.350582e-07,1.68401e-10,1393.164,162.765,182.9253,33.94278,2.2935e-10,72.33433,714.3058,2.477896e-10,6.100968e-09
"879",880,"Factor #880",24.8553,34,63.27299,417.9119,383.0875,562,536,558,477.854,521.0921,210.5575,443.8006,609.8527,203.203,482.4247,354.8106,229.4802,470.3184,530.0205,192.2899,895.6891,206.5774,232.7522,437.1998,654.1013,267.4097,510.3563,510.5805,484.6501,202.3051,211.0168,448.4402,156.6851,522.7709,593.3132,369.5755
"880",883,"Factor #883",24.8556,34,201.9981,534,494.6578,584.249,580.3596,531.297,534,1127.324,172.5405,774.0758,783.969,203.203,663.2637,783.2264,229.4802,757.5065,1296.044,192.2899,2248.754,393.6214,463.5713,826.2927,1031.362,267.4097,1129.798,1004.401,873.6489,276.5873,218.6419,972.2008,168.4192,862.8414,1435.024,369.5755
"881",881,"Factor #881",24.8566,34,201.9981,556.3986,593.8347,611.0117,666,531.297,584.5376,1159,58.42992,403.6676,617.5131,105.9111,555.0747,816.125,131.9048,367.4385,1210,133.2497,2582,209.7681,490.4636,562.7432,670.3636,124.3472,1239,685.9372,876.24,229.9536,196.7837,898.0766,99.94204,538.6954,1435,162.891
"882",878,"Factor #878",24.8715,34,30.72964,388.9978,349.9414,302.381,136.9487,152.0102,360.5648,159.2747,81.01797,2857,173.3749,78.0052,4236,137.4609,152.2838,3386,156.7947,59.81356,233.0655,2062.265,2298.016,3655,5134.887,16.46828,192.6101,3668,147.1243,454.5568,33.84944,179.418,21.65014,3764,164.1366,22.6413
"883",882,"Factor #882",24.8759,34,201.9981,459.7893,569,573.6991,660.8006,666,568.0077,996.7562,57.9768,546.1925,1099.674,74.9007,453.153,709.3954,128.1863,486.7723,1187.812,84.84606,1862.117,224.8711,300.887,437.1574,680.4695,84.23739,908,549.8894,876.5996,293.0367,225.0429,893.4666,81.50946,365.1642,1435.024,124.6508
"884",884,"Factor #884",24.8876,34,13.45355,459.7893,507.3694,512.8819,514,618.57,579,907,121.5607,361.2324,1101,57.41688,457.0189,719,145.4665,384.95,1008,95.05637,1096.919,286.3585,300.887,433.8257,303.8408,139.9747,908.1095,392.3395,1000,264.7906,69.50265,996,86.61294,362.0335,923,62.60044
"885",888,"Factor #888",24.9857,34,190.7059,937.0751,935.0001,1247.25,1268.117,978,1194.017,1073.567,538.9498,569.6507,221.264,617.3267,820.5318,452.7095,748.5934,662.3295,1172.542,601.5569,846.4239,183.9539,242.6866,637.6866,36.63576,751.6163,1194,854.2647,405.7064,197.1115,498.2491,51.64755,247.4671,942.8251,1221.798,1142.762
"886",887,"Factor #887",24.9888,34,183.5906,1073,1087,1277.1,1466,1252.081,1503,1238,603,650,238.1068,673,901,535,891,750,1419,692,979,284.3753,261.3042,637.6866,331.1394,884,1238.195,890,405.7064,242.6997,630,242.6785,267.0932,820,1797,1467
"887",886,"Factor #886",24.9962,34,33.38255,207.0288,202.0087,297.5217,298.1204,423.0404,368.5079,250.8238,193.2696,783,51.71673,118.6499,930.8939,66.31527,162.6708,758,125.1718,163.3191,199.8722,496.5513,362.4929,1293.747,1228,146.0544,196.6031,884.9775,68.84242,747,117.414,59.37083,44.02571,1078.548,283.9208,276.8009
"888",885,"Factor #885",25.0354,34,35.28493,110.6977,117.5097,166.6885,173.8169,163.5326,160.2872,449.5754,180.7419,857,227.7881,28.28797,908,590.8379,156.752,741.8382,571.6577,45.36335,64.83816,496.5513,385.379,1258.17,750.7202,150.862,216.4325,830,423.5786,311.0177,11.05416,319.5784,49.8082,1078,520.7003,237.3684
"889",889,"Factor #889",25.0393,34,25.23708,74.86061,69.20367,254.8809,142.9547,252.0178,243.6776,747,158.4035,459.5084,514,39.76127,722.6897,956,102.752,493.4451,938,195.9274,447,72.73178,618,104.7481,1238,136.1226,653,579.1615,664,483.0105,13.67049,546,29.51373,205.1426,816.487,347.4173
"890",890,"Factor #890",25.1103,34,109.2771,275.3456,248.3342,292.5909,258.4405,217.9269,270.9191,2325,408.3929,576,1050,172.8553,166.3262,178.6287,74.6774,596,2528,471.5024,357.2255,838,248.6441,73.25453,220.0598,558.2661,2500,610,109.0767,194.9963,170.6817,129.6219,165.2331,557,2622.656,571.859
"891",892,"Factor #892",25.1503,34,77.34526,524,387.8797,581.224,601.7076,745,580.8807,257.4899,213.0756,146.8746,86.74069,246.2277,296.5481,131.6516,112.8239,189.1973,618,108.5312,311.5164,71.2365,87.20634,284.6779,97.64532,239.8278,462.3383,218.8886,97.19591,38.63303,208.0596,55.70471,20.0632,309.5433,851,467.2165
"892",891,"Factor #891",25.1557,34,72.4278,624,559,756,839,523.6826,801,432.8786,324.9794,241.8398,201.7704,246.2277,453,479.2998,294.444,289.3167,601.3598,317.3002,473,125.177,158.4254,284.6779,210.032,385.0908,544.5202,321.8672,367.2146,338.0111,388.7868,277.1529,54.03052,380.3881,628.7805,510.1476
"893",893,"Factor #893",25.1621,34,45.21913,451.3617,348.4388,488.8858,500.3683,523.6826,457.8799,672,385.9448,350.7812,355.0652,31.63971,467.3044,885,210.1942,402.1766,799.892,458,530.3008,257.3773,252.9763,229.1567,328.1,503.3537,735.7893,486.2453,722,669,572.2413,520.5442,96.46185,413,927.4256,600.8431
"894",894,"Factor #894",25.2315,34,36.57968,195.1885,184.1099,213.7454,269.5445,295.2869,235.373,465,53.80574,151.3135,253.8801,33.32495,194.2504,582,62.16291,267.1069,541.2617,23.9609,377.9073,172.9436,173.4581,79.96462,804.7449,63.95709,516.6905,239.4712,551,105.993,172.8432,433.0596,44.79995,303.9386,531.9082,135.6487
"895",895,"Factor #895",25.3475,34,8.843727,248.6001,430,534,251.5507,505,522,123.8911,15.53801,68.69955,6.644302,26.67219,65.78808,18.45677,106.5198,118.7769,192.9318,49.44072,42.64701,28.18788,27.99035,44.91863,16.09977,134.7988,534,67.39149,11.7504,5.686918,41.34872,20.39409,13.64632,127.8547,239.5723,170.9656
"896",896,"Factor #896",25.4247,34,21.85699,298.4765,330.3246,299.9809,440.3437,252.9793,282.5741,108.5452,112.1728,1286,36.0352,56.69622,1599,96.17798,106.3475,1337,126.0727,148.6509,68.04115,540,625,2357,1477,136.9364,68.03712,1462,61.77817,102.0829,232.5026,70.19218,149.5751,1350,89.66764,97.93501
"897",897,"Factor #897",25.4649,34,491,2226,2216,2954,2880,2822,2918,2260,1109,1484,455.1846,1112,1945,1174,1213,1468,2635,1317,1736,788,838,1561,925.5166,1671,2557,1899,815,573,1384,609.2398,659,2065,3292,2375
"898",898,"Factor #898",25.4663,34,346.1382,1958.701,2043.238,2394.486,2620.168,2173.327,2849,1950.241,912.2894,1262.744,568,941.2772,1817.199,922.5831,1208.599,1370.324,2414.274,1066.18,1474.519,683.32,739.7625,1464.502,712.6689,1500.798,2460.468,1678.751,671.8142,218.7468,1062.318,609.2398,463.4359,1878.316,3060.927,2074.749
"899",899,"Factor #899",25.5375,34,467.1856,1706.697,1801.406,943.9762,951.5432,893.8549,697.7379,1977.095,507.2948,1189.076,422.7587,1021,1512.927,870.7577,1146.568,610.5232,2235.516,492.607,1256.596,469.9797,592.7528,942.2511,2554.205,674.9869,2235.36,1185.695,845.9133,379.685,1274.472,662.2617,832,1003.038,1099.863,646.5398
"900",900,"Factor #900",25.5376,34,74.61496,430.2467,300.4718,444.5977,483.3557,443.0033,538.727,574.7176,209.9245,878,202.5693,403.3645,505.6628,242.14,257.7552,905,548.4906,228.2374,226.5243,241.1231,352.3335,304.6715,3520.079,186.5472,578.4112,1014,379.2781,155.2988,296.1396,276.9546,246.7304,892,566.1191,218.8503
"901",902,"Factor #902",25.5419,34,55.38795,402.5418,496.4162,547.8931,617.2229,511.6358,538.727,564.9414,60.25728,897.4067,334.5007,304.0225,1524,487.3717,90.84885,937,553.6868,123.9442,307.6961,402.7274,248.2331,974.3434,3195,145.0276,616.3208,1042,616.8433,77.32705,121.4201,461.6685,178.4993,802.0374,362.379,126.5859
"902",901,"Factor #901",25.5475,34,380.4386,998.4123,2000.561,973.5887,1818.731,1867.412,1025.047,832.6886,804.2518,1385,529.7672,627.6472,948.2051,585.7023,965.3613,781.2104,1664.61,502.0193,1357.241,450.778,626.3338,950.2738,1196.215,862.8255,2418.575,1603.224,677.5974,399.4613,634.6405,552.1865,453.918,1098.772,906,742.1691
"903",907,"Factor #907",25.5716,34,467.1856,1778.929,1886.225,2392.722,2337.544,2328.063,2681,2055.714,1116.81,1239.757,474.6859,1152.01,1562.564,1033.466,1282.499,1266.101,2556.885,1264.81,1337.581,498.7717,616.4447,1139.695,1782.824,1504.725,2447.924,1484.147,901.0893,426.464,1302.91,746.4116,611.8397,1590.474,3160,2249
"904",906,"Factor #906",25.574,34,467.1856,2022.405,2250,2678,2598.79,2478.533,2635.884,2517.213,1033.132,1287,627.9048,1115.331,1594.444,1135.736,1265.08,1353.057,3087.44,1230.069,1631.826,498.7717,575,1316,2076.427,1499.329,2912.067,1622.177,912.4339,426.464,1264.195,673.414,606.2446,1826,3159.308,2093.347
"905",904,"Factor #904",25.5741,34,527,2169,2112.877,2779.161,2878,2747,2635.884,2902.068,1167,1333.858,523.3392,1228,1562.564,1430.619,1485,1299.089,2867.79,1284,1852.493,615,757,1286.17,901.3315,1630,2912.067,1570,1160.327,616,1302.91,1002.295,619,1655.357,3048.433,2237.27
"906",908,"Factor #908",25.5785,34,201.2921,1174.451,653.4429,1474.426,1404.076,978.6862,1437.263,2165.368,222.9241,555.2776,1954.752,436.4333,622.7884,3060,575.407,444.8615,3136,351.5416,2220.449,152.3824,267.8157,468.0528,328.3989,609.04,2831,648.299,2779,161.3751,691.3376,2541,181.0254,449.3763,3159.308,853.8207
"907",905,"Factor #905",25.5799,34,414.9109,2169,1987.84,2769.519,2846,2390.333,2627.462,2059.658,1033.132,1285.811,543.9113,1005.62,1581.597,932.2093,1265.08,1017.474,2049,1084.326,1234.175,498.7717,626.3338,1211.457,574.4559,1430.894,2514.454,1603.224,731.6512,403.5743,1092.824,605.9492,490.6261,1627.893,3177,2060.874
"908",903,"Factor #903",25.584,34,356.3885,1843.447,2161,2846,2517.564,2255.85,2676,2165,1145,1441,566.5016,1113.247,1684,954.4781,1265.08,1376,2591.432,994.1624,1406.184,486.1907,617.558,1391,493.9364,1655,2613.185,1749,810.753,375.1706,1348,691.6074,498.9425,1614,3177,2364
"909",909,"Factor #909",25.5884,34,273.7977,1036.298,875.6949,1248.938,1145.855,1327.985,917.2456,1163,631.2073,771.9132,471.2961,549.715,1056.92,952.1815,757.0644,620.5519,1447,587.1065,646.0066,295.6915,480.1998,698.6554,1044.779,846.8135,1470,937.3703,921.2318,327.2916,660.7754,782.5091,270.3544,843.3344,1731.63,1107.402
"910",914,"Factor #914",25.6659,34,168.0713,595.26,799.8289,1018.225,801.802,724.9782,639.5811,523.7361,374.0362,327.2604,521.7437,335.0381,515.2807,413.5742,646.5571,449.5764,712.2826,468,469.2914,429.556,186.8481,543.2785,335.5414,568.4837,666.5501,449.6462,392.3525,261.6001,279.1927,772.1477,352.9608,632.1576,829.4708,746
"911",911,"Factor #911",25.6922,34,436.8028,610.8065,825,1033,668,668,358.4349,469,444,517,1107,271.4837,839.1016,466.3791,691,863,726.4119,584.3506,857.4849,777,1011.341,993.1432,815.2742,654,601,729,608,733.9314,167.6495,772,292.5531,960.4939,722.0892,788.5603
"912",910,"Factor #910",25.7481,34,502,641,698.1035,1003.296,989,1008,730,500.4287,534,754,655,737,1042,516.5292,781,1394,807,758,936,1065,1120,1214,1028,1008,893,1349,751,796,665,813,834,1687,904,1049
"913",912,"Factor #912",25.7659,34,493.4723,582.0031,654,896,966.9561,1007.658,826,505.6848,526,630.4307,637.571,727,937,459,703.642,1205.291,712.0802,781.6205,783,1053.886,1013.094,1215.608,721.879,848,710,1179.222,643.3354,590.2367,648,807.4107,850.2043,639,815.0258,1175
"914",913,"Factor #913",25.7725,34,298.1076,594,526.9829,568.6546,850.9297,476.8638,708.2993,482,295.3933,293.3992,412.2378,273.9883,690.1974,351.3134,295.0143,827.5557,524.4387,518.4383,348.7353,716.9813,736.7873,814.4677,340.8698,630.5167,657.8565,824.3082,496.8181,319.4522,435.0147,525.1862,558.1596,410.7852,777,888.9506
"915",915,"Factor #915",25.8538,34,45.98405,1155,1183,1161.068,1309.732,1152,1232,1212,677,1661,644,52.63763,1759,1373,231.4949,1650,1283,657,750,653.4754,1599,378.7223,4167,697,1187,1661,1540,555.7445,2510,1039,158.6746,1768.342,1320.016,726.5205
"916",916,"Factor #916",25.8919,34,578.3248,981.6646,1586.172,3900.337,2676,1398.721,2183.588,2242,1447.624,927.2612,691.6986,1236.173,1380.894,951.1615,1923.632,1488.217,3599.559,1392.371,2152.03,462.6041,600.1587,1751.572,781.968,1827.813,3404.47,1512.721,561.636,478.8849,1003.167,450.6173,575.82,2216.14,1983.868,2997.889
"917",917,"Factor #917",25.9091,34,732,2848,3318,4167,3811.186,3914,4295,3024,1564,1746.647,831,1977,2444.871,1478,2194,1808.112,3842,1645,2420,764,1048,2216,964,1919.937,3494,2397,1151,816,1760,891,865,2498,4503,3051.01
"918",918,"Factor #918",25.9193,34,578.3248,3010.136,3115.678,3949.118,3760,3372.525,3653.128,2943.175,1233.511,1773,712.608,2602.447,3390,1201.409,4127.264,1723,3542.375,1293.118,3377.045,723.0304,892.3128,2299.658,823.7576,1920,3464.963,1689.365,1004.42,578.6381,1389.421,748.6606,685.3627,2125.79,4279.625,2845
"919",919,"Factor #919",25.9356,34,365.1993,2612.281,2266.958,3189.952,2729.614,2497.904,3360.535,1956.229,1415.323,1432.972,549,1487.472,2163.543,900.3022,2108.729,1452.287,2824.357,1363.509,2210.663,562.8097,798.4555,1821.074,739.9749,1562.845,2563.811,1775.433,888.5019,604,1277.426,711,680,1937.389,3538.774,2715.905
"920",921,"Factor #921",25.9372,34,329.5406,1400.845,1410.487,1746,1803.435,1721,1792.338,1319.752,1360.345,1193.134,414.0125,3091.344,4030.21,573.0726,5626.21,1343.166,1532.192,1360.911,5884.623,326.5599,484.1801,2669.303,438.5415,1518.68,1433.332,1628.808,622.533,444.5351,729.9155,445.577,318.5624,1338.8,1820.661,1649.139
"921",920,"Factor #920",25.9469,34,64.15408,1601.639,1530.052,1649.093,1609.551,1486.624,1615.786,1558.745,1397.06,1441.479,50.16234,3195,4696,137.9028,5925,1452.287,1735.415,1360.911,6152,74.3393,62.44171,3069,76.15232,1555.391,1585.128,1685,83.63373,72.70885,119.6328,50.29057,54.83418,1609.968,1662.774,1817.408
"922",922,"Factor #922",26.0503,34,699.9121,3719.122,3706.02,4962.446,4437.001,4739.793,5089,3542.191,1792.924,2315.894,990.5022,1801.286,2723.913,1572.673,2320.004,2455.282,4385,1770.26,2369.549,944.52,1172.067,2154.321,1070.009,2447.814,4184.384,2673.017,1261.621,977,1793.541,1029.318,998.7153,3002.858,5166.363,3538.385
"923",923,"Factor #923",26.0506,34,881,3929,3891,5091,5185,5101,5089,3755,1994,2492,1141,2001,2869,1832,2534,2617,4385,2038,2666,944.52,1329,2259,1194,2628,4403,2864,1428,762.0076,2172,1155,1207,3174,5530,3809
"924",925,"Factor #925",26.0949,34,59.17123,633.663,446.6881,628.0619,570.4429,633.8952,513.5662,841.3011,218.2347,422,146.3494,151.1073,640,604.3743,135.4764,116.5874,823.9354,233.7169,240.7871,557.1365,576.0575,866,499.2485,223.4307,708.7215,639.3309,330.9035,189.3647,176.7503,647.9333,103.5145,530.0933,992.5555,330.3056
"925",924,"Factor #924",26.1059,34,148.6074,458.7563,512,652,581,545,514,214.24,106.588,307.8084,189.0024,152.7752,824,1.269076e-07,304.6184,458.4668,1285.961,124.567,509.8439,563.1685,576.0575,866.3198,256.1146,392.0553,1.694883,676,135.5115,215.3979,301.349,5.063678,279.5715,485.3325,1651.327,511.8433
"926",926,"Factor #926",26.325,34,178.8941,702,802,1124,1200,1050,1185,778,614.767,460,63.67872,398,474,206.182,602.2466,469,882,665,438,139.2313,207.7821,374.5658,206.1655,787,850,601,212.5579,775.8688,504.7638,95.72696,200.3096,634,1142,933.7635
"927",928,"Factor #928",26.3306,34,195.3303,742.7078,786.2538,909.6019,927.3745,931.0333,930.1453,504.9562,671,250.4488,37.61119,350.5803,411.4548,192.7225,610.8838,482.9633,711.908,687.8539,313.5412,142.5495,239.6493,326.007,203.4247,808.9452,732.6794,369.9052,145.7095,861,504.7597,73.24907,192.5172,518.2923,1029.842,933.7635
"928",927,"Factor #927",26.341,34,102.4841,714.3028,710.177,934.2717,1053.668,840.1304,816.1356,377.8484,346.8258,330.3777,125.6331,268.8079,411.4548,96.39517,368.7882,394.2322,738.4051,345.6743,155.7104,114.0454,194.2363,406,152.8672,495.1219,688.8032,351.915,85.82316,361.0845,270.7578,50.97021,86.36612,472.1973,1029.842,889
"929",929,"Factor #929",26.4224,34,142.0429,536,480.2967,603.4618,569.7269,643.9554,686.6845,958.5618,276.0996,335.5774,524.5928,334.3402,393.1392,507.1348,225.8146,257.9655,1170.735,539.4898,963.9338,104.986,86.56618,300.971,192.9991,444,1002.357,365.0607,731.3941,462.6172,397.8431,481.3897,95.26422,394.294,1765.963,775.6098
"930",932,"Factor #932",26.5096,34,11460.82,11532.94,11846.45,10055.87,10198.6,13275.89,14573.72,25847.14,9726.276,7346.915,24362,6827,7120.85,26049.74,12031.69,7257.877,26258,9585,22985.28,6193.058,6520.319,3615.315,5014.879,7566.666,20498.07,7302.523,27852.92,13069.97,8791.374,24959.13,9645.776,6915.324,25347.43,10961.31
"931",931,"Factor #931",26.51,34,11460.82,11533,11846,10056,10199,13276,14574,25981,9726,6954,23880.96,6826.677,7121,26049.74,12031.69,7258,25932.68,10062.84,22759.47,6193,6494,3615,5015,7567,20597,7180,28854,13070,8630,25323,9646,6881,25874,10961
"932",930,"Factor #930",26.5128,34,2252,2094.516,2253.484,1734.92,1867.923,2305.037,2633.686,5193.987,2246.451,1348.547,4743.11,1365.944,1359.873,5222.52,2335,1314.528,5256.123,1826.462,4492,1142.126,1100.379,828.7195,916.4521,1464.458,3940.394,1213.654,5791.934,2488.319,1599.705,5009.434,1619.89,1170.344,5087.526,2057.171
"933",934,"Factor #934",26.5324,34,422.972,1481,1713.517,2335.187,2114.092,1626,2257.008,1631.178,967,870,938.6184,609.5529,1047.661,982.4182,856.683,927.3113,2029.666,780.8076,854.1957,265.6118,425.1003,925,343.5452,1034.12,2100.626,1164.665,934.4752,512.9135,739.9969,918.298,375.4959,1374.377,2588.014,1645.752
"934",935,"Factor #935",26.5332,34,687.8791,1562.784,1581.599,1698.11,1788.002,1781.877,2106.691,2714.05,967.4083,1051.783,2487.104,669.1198,1202.569,935.4134,979.1478,1084.449,2672.852,783.8875,1372.851,381.0086,571,768.1741,365.9298,1148.991,1925.707,1065.198,1023.458,1397.543,730.6203,785,639.1228,1129.588,2969.414,1585.285
"935",933,"Factor #933",26.5347,34,730.0595,1727,1795,2438,2362,2395,2388,1748,1014,1022,1583.768,865,1122,742,977.2604,1021,1910.121,845,1111,457.8519,488.238,835.3839,392.4111,1188,2053,1216,1729.071,892.7415,1017,1555.25,554.7025,1469,2702,1717
"936",939,"Factor #939",26.7228,34,30.27708,2244,2673,3916,4018,1473,1355,181.1693,91.4808,25797.71,6.133244,37.87337,25484.94,52.34268,100.63,23833.59,228.8651,51.10792,48.42696,16748.4,26413.17,25721.02,23621.51,176.7282,221.8588,23287.89,48.08585,34.60991,80.31383,4.277844,46.45987,8465.417,306.2245,199.7115
"937",940,"Factor #940",26.7232,34,43.67129,831.0705,876.9852,1282.689,1422.475,1127.109,1114.125,711,260.1269,2568.909,110.0348,233.5539,2574.194,125.1428,331.3546,1624.104,828,284.6577,189.5559,1441.369,1528.78,2454.954,1797.722,471.8977,806,888.1867,153.4576,138.1877,231.8314,100.7788,114.5839,665.1961,1067,517.9576
"938",941,"Factor #941",26.7263,34,114.4182,833.9046,961.9052,1436,1497.52,1196.558,1193.891,500.4623,286.2245,1912.361,145.8788,261.4728,1291.989,186.5419,302.5016,1373.937,605.1147,463,174.5159,1612.953,1538.746,1264.879,2340.657,587,628.2098,1562.988,178.9881,218.7381,382,120.1244,142.3641,825.4459,820.1818,810
"939",938,"Factor #938",26.7866,34,40.80145,7594.381,7271.509,4944.343,5883.771,1752.53,1722.516,263.7991,1.430146,25856,94.4506,4.656217,29216,306.1482,24.77912,28553,151.325,24.75961,339.6956,16537,26461,27344,23404,44.36842,183.1943,28828,160.6391,27.62194,19.85547,71.98387,10.81096,20702,64.51966,22.92819
"940",942,"Factor #942",26.8246,34,10.8374,824.7552,785.4573,925.902,1085.659,564.0169,789.93,779.0036,39.85639,802.4932,946,43.85417,1000.273,473.8587,20.8846,786.6605,427.083,30.12901,517.5235,1596.41,2359.909,2589.772,1365.354,76.72705,458.5292,940.7949,496,27.11038,73.60638,877.2309,51.84346,1100.231,273.5711,65.76605
"941",943,"Factor #943",26.8537,34,39.27642,1146.063,1239.778,1525.436,1624.717,1434.225,1444.377,2107,148.1593,1856.755,1289,146.7301,1080.459,2344,135.3316,1239.638,2257,111.8534,1540,4235.751,3022.075,3883.975,2720.842,166.7277,2219.042,1407.728,1968,244.0932,356.3677,1595.668,149.9946,1413.163,2272,158.3983
"942",937,"Factor #937",26.8538,34,40.80145,8677,8916,10865,11763,9458,9829,289.5603,15.32846,33293.61,123.0866,43.26472,33956.12,386.744,34.09093,28781.28,339.5708,65.27391,406.6179,43766.71,46356.17,39748.87,33310.84,39.0313,408.5706,30426.33,268.0774,28.22314,42.53363,250.163,13.01722,25858.39,395.7779,22.99007
"943",936,"Factor #936",26.9171,34,24.09471,5279.32,5544.021,10506.29,11095.33,9559.256,9933.025,47.84538,23.13106,33040,76.21316,37.96085,41424,20.40225,34.5819,38360,62.97356,4.877217,69.44865,43518,46051,44822,33079,53.70104,28.90602,39733,46.46245,13.20832,39.92151,39.20553,31.1741,41013,385.4273,41.41031
"944",945,"Factor #945",26.9266,34,260.838,1262,1219.383,1166.237,1393,1623.729,1501.642,1250.168,440.755,934.846,272.2137,458.1561,1097.091,661.4729,637.8141,942.6703,1242.332,586.1472,882,433.1603,453.5616,1055.662,486.844,731.0573,1500.13,1180.89,423.0883,209.6253,494.751,282.4601,253.6309,1143.495,1256.766,954.1976
"945",944,"Factor #944",26.9281,34,245.1579,1159.006,1382,1904,1920,1862,1858,1470,545,974.7042,304.0995,603,1232.413,817,825,1096.815,1696,721,370.7865,461.6451,606.9268,1121.93,455.7548,849,1648,1194.415,370.7901,247.7365,673,275.508,273.992,1279.435,2016,1188
"946",947,"Factor #947",27.0429,34,190.7158,865.3849,790.7681,1137.034,922.6315,1011.281,1133.828,692.8603,387.2024,611.1281,107.1985,403.3284,784,291.2568,420.8542,658.0595,815.4804,439.3509,429.595,236.3581,293.9914,736.8667,315.592,510.5036,873.152,881,250.9156,118.0844,402.6038,152.7625,233.5013,755.4086,1119.04,567.2152
"947",946,"Factor #946",27.0469,34,176.2481,865.3849,987,1392,1418,1349,1331,692.8603,441,587.0283,107.1985,517,623.879,252.8386,569,625.4481,1017,540,619,320.0695,270.9581,814,231.5827,646,1043,796,237.3585,134.0506,546,180.0192,209.1917,807,1405,955
"948",949,"Factor #949",27.06,33,47.34384,567,508.4965,299.4938,383.6216,390.4177,476.0701,307.1555,159.2885,219.2851,4716.993,77.52762,175.5904,155.7744,85.87769,225.2901,373.0259,174.0674,127.1339,82.20744,96.81952,171.4901,23.4568,174.8398,154.6198,0,194,84.67609,149.2581,46.37415,40.02566,278.4913,121.4682,217.9643
"949",948,"Factor #948",27.1147,34,1.600136e-09,522.0339,528.649,295.4661,471.0227,448,495,1625.566,2.896721,158.5247,4908,33.70532,7.278277,13.85937,2.539225,43.5602,20.31823,3.427562,1817.918,3.302149,1.750731,1687.609,164.5545,4.055284,74.41122,23.54578,1243,3.430596,12.0219,1163.867,2.953556,9.497749,25.35059,10.78996
"950",952,"Factor #952",27.2878,34,830.3212,30717.14,35217,37941.38,38892.74,36130,38693.27,95075.15,10758.34,17924.69,62999.88,19.0048,23652.86,111624.6,12204.72,23264.11,111193.2,11138.59,74771.94,8492.527,15073.23,3865.918,34769.57,14764.67,107234.2,25712.49,97269.66,20369.96,31367,76461.31,432.6469,20395.35,119469.2,15634.43
"951",951,"Factor #951",27.2885,34,644.0692,21338.86,24213.56,25985.83,26978.03,24935.21,26377.16,66963.07,7824.893,12879.33,44563.75,28.73149,15770.29,79366.45,9163,16092.3,78735.55,7938.317,53008.73,5942.528,10947.47,2460.262,24492.5,10218.63,75593.12,18205.37,69038.61,14543.07,21642.53,54093,379.4212,14409.02,84866.31,10185.64
"952",950,"Factor #950",27.2887,34,815.1415,31773,34872.48,37897,38892.74,35910.61,38915,95637,10791,18201,63127,22.50427,23652.86,111656,12204.72,23143,111188,11132,74763,8515,15012,3879,34769.57,14764.67,107225,25234,97437,20657,31154.37,76412,433,20373,119507,15867
"953",953,"Factor #953",27.2888,34,815.1415,30717.14,24167,37941.38,38892.74,35910.61,38693.27,95664.17,10758.34,17924.69,62999.88,28.28308,23652.86,111656,12204.72,23264.11,111193.2,11138.59,74771.94,8492.527,15073.23,3849.792,24492,14764.67,107234.2,25712.49,97269.66,20369.96,21651,76414.66,432.6469,20391.71,119469.2,15634.43
"954",958,"Factor #958",27.4915,34,22.96412,124668.5,119208.2,99254.66,113550.2,77393.6,80222.67,3872.057,455.1997,123151.8,3219.646,199.31,102246.1,3900.191,214.7696,88951.95,4344.225,532.1286,3119,113488.6,112777.8,110228,103862.8,1273.473,3901,99391.09,3585.416,588.8882,1096.475,2868,623.2214,84521.72,5242.79,780.7006
"955",955,"Factor #955",27.5107,34,19.96954,127616,125450,129574.2,138367.2,109658.5,114379.4,4209,787,151333.9,4369,493,132595.9,4343,302.2462,119051.9,4963,1036,3448,144364.2,144405,143595.5,137303.1,1943,4710,129566.6,4078,633.534,1371,3715,1460,116387.2,5417,1430
"956",954,"Factor #954",27.5604,34,22.83669,127642.7,125450,133676,138385,133027,136221,1016.237,203.6299,276406.4,1386.04,20.66907,236841.3,950.2367,324.3825,228015.5,4785.002,540.349,1131.014,278240.1,307014.3,305716.8,243186,726.0692,918.2617,255412.4,1293.976,624.8657,855.9495,1651.034,583.8498,222001.6,5387.213,1318.748
"957",960,"Factor #960",27.5682,34,13.61744,126350.2,122531.8,133678.6,137810.6,131821.7,132346.7,2327.358,321.6875,197582.5,1635.64,222.8037,193338.8,2144,208.0295,200909.1,2734,315.446,1751.622,217022.6,181557.2,239279.1,196040.6,553.1717,2646.948,186972.5,3116.64,372.7177,996.362,2317.292,238.9025,191434.1,3061,682.3683
"958",957,"Factor #957",27.5688,34,17.41196,127642.7,125460.4,133942,138367.2,133027,136196.5,911.279,233.5681,261577.9,849.056,134.5581,236841.3,1087.574,319.3627,228015.5,525.826,843.0635,3224.058,261594.8,262453.3,268077.3,243176.7,367.8514,494.7385,249939.5,1250.488,197.9434,759.1302,3616.51,1471.87,222001.6,5387.213,1349.767
"959",961,"Factor #961",27.5728,34,19.43676,119623.6,122531.8,129149.6,132063.5,131821.7,132346.7,2323.399,318.5324,231660.2,1738,104.236,222214.6,2140.811,134.1054,199720.2,2709.89,314.3537,1698.219,221548.6,212521.1,237985.8,195033.4,581.1653,2528.979,198238.4,3145,245.6039,1081.255,2383,615.1672,190362.7,3031.063,620.8315
"960",962,"Factor #962",27.6284,34,24.85847,1399.741,1326.707,59796.7,1257.707,98106.8,1201.859,773.579,78.93593,293600,170.5749,26.82564,304017,180.6572,37.16089,293961,223.092,99.33272,645.9629,315013,393282,318759,243186,126.4225,330.8477,335862,153.0655,43.86845,269.2128,882.5883,115.935,314357,232.5546,192.5546
"961",956,"Factor #956",27.636,34,37.07594,10931.47,12276.48,63124.29,44782.69,113537.2,107319.9,1466.719,23.08396,273155,232.7,35.25186,275859.8,276.7547,29.60907,237637,292.2364,42.87439,452.0988,290629,336770,272083.2,211742,127.4031,1534.324,303594,2681.233,49.38334,935.1617,514.7803,130.5878,245531,2578.967,693.4263
"962",959,"Factor #959",27.6413,34,393.1139,2160.633,2087.273,2013.172,2172.535,3768.898,2586.156,703.2259,90.83446,223772.6,408.5958,137.0709,238423,484.4709,69.99141,229569.4,1072.022,151.6118,1154.749,231917.7,254291,286158,201385.8,216.0898,954.4548,237603.3,830.195,128.5856,523.5703,594.4543,252.2396,192962,961.5061,224.1809
"963",963,"Factor #963",27.6856,34,493,2909,4539,5623,5167,6256,7104,8157,5983,4765.487,825.6552,8771,13103.99,3827,17314,6024.298,10018,6840,12726,785.5857,6419.102,6726.965,127.22,8954,10838,7845,1046,301.0251,1422,1120,369.3865,9194.049,13719,14452
"964",967,"Factor #967",27.6856,34,34.8288,1709.309,1766.372,698.5579,2320.258,3104.827,3017.855,193.5817,24.0454,14222.79,131.0145,20.74156,5484,236.4957,32.49095,5274.316,200.5155,48.34247,180.8996,3792,8679,6077.09,5412.05,105.9721,274.2059,6489.482,114.01,10.88981,121.8945,163.6972,56.87522,5995.817,373.9227,49.29372
"965",969,"Factor #969",27.7974,34,7.990907,587.3219,534.8929,540,488.9368,658.8873,535.752,9.87443,8.484154,3418.029,4.90183,12.03614,4198.75,43.15637,10.6035,3486.563,12.81533,5.898832,1.418188e-07,3327.176,3199.994,4335.774,1865.281,8.554948,5.53932,3290.912,8.455855,15.52911,32.83374,17.24425,26.49755,2779,11.17777,41.87065
"966",968,"Factor #968",27.8049,34,20.77054,409.8902,405.2927,410.7359,270.119,150.6704,162.4405,4.030728,1.781042,3624,0.9020899,2.961529,4738.706,13.54489,1.621096,3803.981,5.241287,2.533459,0.6834829,3599,3089,6176.678,2215.606,2.893434,2.127139,4005.255,1.457083,3.540138,9.140474,4.950624,24.77715,2958.317,4.305299,3.006318
"967",965,"Factor #965",27.8143,34,20.75602,410.9749,405.2927,412.907,271.3865,152.9583,158.8326,2.27606,1.706118,3766,1.126681,1.880189,4636,12.66033,18.42842,4201.577,5.196044,0.9989112,10.66687,3599,3126,5628,2083,3.928216,2.488694,3860,1.760047,2.421748,3.606888,0.5177039,24.64882,3139.989,0.7848115,2.344325
"968",966,"Factor #966",27.8701,34,20.69143,325.8268,405.2927,370.4357,265.0546,153.0815,126.5521,16.63138,31.84313,3999,1.462577,19.95032,4738.706,13.7851,18.42988,4201.577,8.959184,68.95659,0.8287679,3270.308,3253.349,6340,2083,86.75688,0.659552,4167.1,46.14304,63.51094,108.4278,2.754108,3.131218e-09,3346.189,0.6251726,47.4602
"969",964,"Factor #964",27.881,34,20.74323,325.8268,312.5638,370.4357,267.6685,153.0815,138.4168,44.88208,31.81521,3999,0.4504305,19.9212,4600,4.654377,18.41998,4075,39.68146,68.95659,6.423263,3270.308,2621.572,6340,2083,86.75688,0.2402524,3986,89.52782,63.51094,149.3049,37.32437,3.506346,3237,0.394766,69.38496
"970",970,"Factor #970",27.909,22,23.22909,414.0029,361.3755,421.3795,484.9871,488.313,504,1378,9.602612,0,1142,31.92473,0,1048.249,0,0,1494,0,751.4096,0,0,0,0,0,1380.932,0,1980,0,30.33787,1062,28.43995,450.0619,1514,4.977673
"971",971,"Factor #971",28.0757,34,497,116363,120316,127738,128791,123874,134166,203938,52270,129543,123004,1085,114130,190225,13871,129219,218082,49908,150715,57806.08,131900,20333.13,290242,50803,205527,144705,251622,23807,216185,199446,18713,139442,223725,53802
"972",972,"Factor #972",28.0759,34,486.4851,116721,120306.9,127730.9,128778.4,123571.5,134152.8,203919.2,52251.01,129522.6,122976.4,1085.238,114117.4,190205.5,13832.55,128497.2,218063.3,49881.49,150696.2,57806,131855.8,20346,290178.4,50786.89,205508.8,144681.8,251584.3,23764.39,216168.1,200194.1,18708.68,139414.5,223691.1,53784.27
"973",973,"Factor #973",28.081,34,20.96348,3391.479,3377.059,3577.871,3633.531,3483.764,3634.646,5155.369,1353.902,6409,3136.141,28.96598,6143,4815.151,334.3081,6640,5571.832,1255.637,3800.399,5555,5584.157,7781.702,8800.416,1293.018,5111.5,16131,6331.158,643.8488,5463.696,5063.292,471.8024,6878,5635.536,1444.466
"974",974,"Factor #974",28.0841,34,9.149345,6230.93,6211.227,7008.593,6927.271,6944.034,5854.726,10973.68,6.209491e-08,6466.458,6619.689,46.26787,8659.921,10048.72,685.1658,7167,11800.37,2755.431,8116.088,6243.958,7596.648,7458.439,13860.33,2870.63,10837.55,12022,13721.22,1378.754,11549.84,10735.42,1017.89,8484.232,12177.35,3098.669
"975",977,"Factor #977",28.2341,34,11.45563,733.0409,738.4697,808.8124,645.987,604.8773,707.3237,1855.548,785.6812,1185.867,1782.567,174.7366,1203.604,1187.721,411.2316,1303.913,1885.494,105.2842,1632.701,484,501.8862,1145,819.8705,107.805,1816.451,1259.703,1424.577,75.06604,24.71493,1940.303,212.4117,1032.126,1850.902,166.1253
"976",976,"Factor #976",28.235,34,16.06183,999.8246,1091.931,1137.315,1062.169,1031.708,1087.361,2851.775,1248.406,1089,2780.589,307.6084,1057,1884.076,614.5439,1182,2880.677,304.7946,2554.139,524.7444,578.3968,968.1084,693,281.0148,2812.707,1122,2227.446,261.1674,117.3837,2889.315,372.3976,929,2887.903,341.6514
"977",975,"Factor #975",28.2365,34,27.02811,999.8246,1184.57,1189,1237.954,1140,1147,2851.775,1442,956.7629,2987,347.3615,1143.888,1940,672,961.8786,2881,328.5801,2830,442.0169,553.5376,779.5665,759.9314,297.4616,3052.183,1038.861,2252,272.0006,159.6939,2991.981,407,970.3522,3045,403.0625
"978",978,"Factor #978",28.9146,34,207.4486,89.46689,232.1719,185.2843,215.4366,67.21465,296.9278,479,249.1012,203.9719,502,26.00803,116.7357,528,280.7771,103.712,440.1277,264.5714,200.4607,128.3529,70.38092,66.18394,82.23811,43.84192,345.2753,104.7725,523,356.9623,291.6769,429.8473,178.0973,257.8434,425,260.1639
"979",979,"Factor #979",29.0176,34,17.38174,649,657,765,644,532,626,18.73485,2.322194,1286,2.402169,2.570355,1304,41.06699,1.582502,985,5.97052,8.146857,30.0183,1526,1531,1486,1076,2.912687,2.951677,1328,2.307262,2.365409,3.227684,35.48824,2.864236,1329,0.281828,19.37615
"980",980,"Factor #980",29.4118,34,20.8473,22.44378,16.97243,44.89163,20.68224,46.8041,12.3403,102.679,1924,32.68738,71.046,25.57859,49.69849,42.61389,6.667682,65.98336,143.0164,2158,149.0022,39.19327,140.8664,37.15633,27.3125,2381,95.22372,46.83086,108.2483,23.50998,18.98608,106.5043,19.29554,57.77113,66.69877,2390
"981",984,"Factor #984",29.4862,34,369.1736,499.1165,438.028,551.6928,482.3341,654.6553,622.8573,384.9698,427.7677,469.9646,479.7528,536.34,641.5369,498.4604,669.374,657.7835,599.5583,470.555,618.5795,565.1285,687,515,561,661.5176,581.0648,834.421,473.596,566.1195,457.727,635.5319,602.5929,896.607,532.4536,892.0302
"982",981,"Factor #981",29.4966,34,372.5353,559,459,580,596,615,636,339.7146,427.7677,459,495.6584,569,642,529.2461,658,971,604,462,609,676,784.4517,917,550,778,561,822,438.1848,562,530,639,606,1089,661,926
"983",982,"Factor #982",29.4982,34,372.5353,539.0931,438.028,515,572,679.0729,599,330.0724,380.6086,469.9646,496,403.6738,642.1122,259.6421,669.374,975.6345,603.7257,518,627,674.5855,784.4517,910.3582,651.5283,778.3721,575,834.421,473.596,582.3242,529.8952,646.8436,608,1089.971,601,724
"984",983,"Factor #983",29.5029,34,309.4086,483.4218,458.4685,459.965,530.4249,678.0624,630.081,330.0724,388.8703,488.4829,359.6943,536.34,641.5369,529,676,950.5891,528.3842,518.4768,620.9631,617.7119,753.8788,703.1494,622.7732,498,614.8347,837.3977,435,582.3242,517.0409,646.8436,608.3283,949.7856,580.7625,786
"985",985,"Factor #985",29.8381,34,5.783816,100.4206,5.876668,32.5236,70.30181,6.424926,6.395447,4.973895,5.919341,410.861,15.86297,8.980807,515,7.891637,7.308715,439.3542,7.42004,11.45337,8.763912,401,424.7231,527,261.212,6.948821,5.555384,327.1677,5.369889,12.03659,25.26179,6.786146,8.377762,197.3405,5.150745,15.8697
"986",986,"Factor #986",29.8674,34,11.79919,40.68976,7.836297,44.36046,39.88425,9.668526,58.66192,32.33354,7.681328,410.861,26.64538,35.45884,387.4413,36.85114,10.35639,439,7.850254,4.572719,25.4578,327.7701,338.3592,562,40.32127,8.393626,13.86319,257.3396,35.84062,14.59012,26.16774,9.793775,8.971847,377.1379,33.70519,7.45326
"987",987,"Factor #987",29.9097,32,30.53294,87.06359,98.60988,90.3858,97.33322,131.5104,125.3908,901.1268,55.6808,25.1541,564,22.33002,58.66051,1231,119.1249,0,1123,59.76449,655,105.317,125.5017,19.64738,0,73.5581,974,22.50618,896,322.9423,699,633,20.57038,31.9463,1106.818,66.76488
"988",989,"Factor #989",30.0724,34,9.904648,359.8696,291.7609,356.4334,448.133,399.1052,351.9189,60.4287,11.21363,581,55.30585,8.524989,66.30387,45.72252,6.363016,636,51.97418,11.32161,35.41907,156.5224,331.4539,539,586,41.15393,56.58769,660,117.2163,5.926935,20.59205,41.1149,7.204686,578,102.7929,7.134242
"989",988,"Factor #988",30.0747,34,5.842797,152.5292,192.1054,188.5941,238.1934,181.088,157.8413,432.928,7.969745,84.15454,180.7489,16.67201,13.29486,464.347,20.92223,69.89304,563,63.39085,416.858,38.34163,96.48113,33.16628,179.0115,40.33195,471,87.20149,628,43.60863,227.7313,464.2255,9.093887,88.90628,542,41.06375
"990",992,"Factor #992",30.3418,34,3.173638,3377.405,3209.005,3739.995,2488.732,2389.198,1959.927,143.4255,5.124703,6272.849,3.628007,2.713574,13616.83,659.1913,31.96323,2588,274.3387,3.01494,21.6814,3229,13144.4,5890.777,15055.8,12.87096,132.4017,8258.408,60.16495,26.63176,31.282,14.47828,3.365597,6168.857,256.3484,26.75674
"991",990,"Factor #990",30.3813,34,7.8508,4224,4238,4687,4659,3189,2851,267.7167,26.70849,20055,64.19555,32.96805,17486,659,29.22568,21656,274.3387,20.51358,243.5342,16251,26164,20275,21011,65.74505,258.6304,23146,60.16495,30.87307,31.16813,87.57856,21.00139,17269,264.9281,32.23745
"992",991,"Factor #991",30.384,34,7.850032,3023.392,3472.394,4687.134,4550.611,3189,2850.888,267.7167,26.78562,20029,64.21967,33.02263,14921.57,659.1913,29.27686,21238,274.3387,9.744119,243.5342,16192.97,19842.32,11818.89,19712,65.74505,258.6304,23146,60.16495,30.88018,31.21804,87.57856,20.95182,11958.72,264.9281,33.06994
"993",993,"Factor #993",30.62,34,55.32588,91.00505,117.1784,149.0676,130.2379,167.0829,149.1202,337.1211,317.9336,88.60306,31.14431,100.4951,61.6004,218.4913,184.7056,82.02335,392.2377,279.5026,113.2224,98.46885,38.85063,82.53307,47.4741,302.7752,407.9434,86.47667,118.4516,542,129.782,228.7805,71.35736,106.1537,473,352.5575
"994",994,"Factor #994",30.9853,34,11.54199,3241,3353,3332,3627,3188,3656,3126,2233,5036,1915,36.68469,4537,2426,427.7226,4929,3395,2064,1916,2184,5664,905,11117,2307,3151,5652,4015.314,920,10751,2987,316.0896,5196,3525.041,2472
"995",995,"Factor #995",31.0147,34,117.5023,1524.757,1644,1729.88,1675.268,2297.088,2136.689,1638.563,1270.364,2135,1046.97,168.9213,2959.65,1798.056,1487.298,2960.346,2079.852,1212.142,1012.206,1655.147,2383.181,689.0948,10340.43,1932,2254.49,2676.898,3077.981,1230.705,5725.982,1760.518,596.7779,2418.653,1728.556,1528.25
"996",996,"Factor #996",31.0232,34,212.0073,595,836.4225,782.5791,561,973.6144,1174.68,1181,1420,585.2685,1043,300.0054,667.1376,1246.046,2610,677.5011,1703,1355,1015,428.5942,800.3468,183.9404,1189.662,1326.238,1305.202,668.9729,1518.346,2348,1849,1246,992,646.5388,1171.046,1737
"997",997,"Factor #997",31.2622,34,1189,6800,6463,6135,6083,8839,9599,26696.02,808,1030,23387.96,271.0749,1250,26539,1506,1148,26078.29,782,24126,760,1569,188.6801,1421,696,20382,1221,31297,2185,496,27707.53,638,1404,26188.67,1026
"998",998,"Factor #998",31.2644,34,1161.173,6786.09,6323.009,6117.438,6078.77,8214.96,9169.507,26696.02,754.782,983.6953,23387,297.6757,1516.582,26554.04,1453.947,1111.676,26062,862.6744,24129.31,777.4141,1568.246,210.0615,1408.894,670.1371,19565.93,862.9018,31309.31,2237.09,472.0049,27703,620.8123,1389.411,26174,1002.732
"999",999,"Factor #999",31.659,34,479,239722,246841,256656,260707,255362,274864,703452,1900,54543,546112,549,64001,672146,731,55213,744924,2012,594593,23247,79807,1225,120139,1739,694734,63897,768931,7447,2372,613212,1122,63638,769351,2450
"1000",1000,"Factor #1000",31.7893,34,48.80196,706.1975,502.0059,3344.685,2198.777,27304.46,3550,17163.14,4.95175e-09,163.2052,3444,69.27053,612.0085,32259.8,81.12508,480.4619,4225,45.55693,2494,392.217,636.5017,43.20151,760.7002,5.035018,13634.83,2478.813,9572.31,168.3535,2.659748e-09,3601,24.48837,589.362,69779.1,98.35814
"1001",1001,"Factor #1001",31.8201,34,25.2907,619.1753,355.1852,2028.74,1076.744,3570.585,2794.288,3265.68,8.959229,174.3512,1929,9.77284,192.3452,5452.071,37.39565,269.2558,2195,6.653779,2857.692,159.9622,112.6935,16.06894,397.1533,9.875261,6481.99,203.6708,2466.627,116.6404,5.486887,2851.743,5.051161,2.636261e-09,9810.856,98.35814
"1002",1002,"Factor #1002",31.9246,34,10.61785,204.7289,148.4507,205.0114,217.7983,272.8569,503.8758,526.5963,25.50464,4.417185,680.1836,5.369253,4.705067,913.8854,5.088224,5.418772,552,4.424619,515,5.100789,4.894287,16.16612,5.634664,6.987169,693,4.705919,1488.792,5.241132,11.75029,641.7772,5.519886,4.982554,754,4.800417
"1003",1003,"Factor #1003",32.145,34,2084,1334,1410,1183,1317,1588,1684,2974,1414,1164,2390,797,1006,3322,1470,1112,3018,1405,2566,965,1123,550,765,1118,2373,1107,3115,1582,1507,2867,899,1047,2710,1550
"1004",1004,"Factor #1004",32.2744,34,252.3633,2487,2585,3250,3205,3879,3961,4599,3073,2747,445.3154,4771,7704,1778,9295,3456,5368,3620,7312,281.8695,441,3780,265.4396,4591,6031,4314,574,95.04049,795,492,262.2746,5145,7622,7406
"1005",1005,"Factor #1005",32.3491,34,1.491899e-11,452.0895,526.7982,408.1002,426.7019,269.3232,436.5489,2743.034,564,347.5407,1113.538,2615.392,1840,1048,7492,485.7099,2591.13,2484.95,2863.551,40.08965,91.37951,2498.737,1026.602,1989.582,4958,367.534,1440.951,1390.756,1338.389,1821.836,262.2746,499.6848,2777.916,1176
"1006",1007,"Factor #1007",32.3791,34,13.77043,1110,1335,1278.577,1154,947.2528,1065.502,7180.203,420.6748,838.1079,5092,27.78721,1600,7577.975,4069.309,1230,7648.896,410.6334,6399.623,110.4412,247.9582,19.12654,3028.336,821,7950.294,1035,6880.7,6041,8860,6022.468,39.46131,1153.415,7188.136,333.8336
"1007",1006,"Factor #1006",32.4222,34,7.84274,1055.644,1219.287,1374,1030.612,1030,1223,7303,30.51914,27.0621,5082,14.06958,1554.27,8495,3988.846,1095.223,8184,8.417432e-10,6496,94.3801,1.016064e-08,10.15202,3138,34.43131,8347,872.7514,7100,293.2307,8555.665,6281,38.13909,1338,9087,377.6857
"1008",1008,"Factor #1008",32.4462,34,4.944941,736.0667,1122.782,1278.577,1055.128,947.2528,1065.502,7261.711,23.21061,97.70228,4993.601,15.03926,1476.575,8471.219,196.7591,1058.643,8224,31.66976,6399.623,10.65279,157.3216,15.39477,2041,34.84302,8344,59.29304,7020.658,452.7485,643.9142,6281,15.56879,4.739628e-09,9033.854,94.35521
"1009",1009,"Factor #1009",32.596,34,39.18159,3592.514,3817.439,2922.676,3048.716,1541.14,1872.56,11944.16,98.91794,2249,12587.2,17.05752,3568,8339.816,1900,4055.946,7911.532,128.5793,9427.077,540.215,1908,51.53507,7867.463,230.951,8184.174,3289.281,9936.125,2401.295,1419.321,7784.434,32.99907,2644.391,5677.821,86.56629
"1010",1014,"Factor #1014",32.6124,34,19.92281,7072.455,7759.856,7431.056,6667.581,4146.955,4633.823,32811.34,183.9847,2595.893,33885.24,27.49145,4734.225,24409.2,1820.007,2903.259,23467.61,123.2976,28423.16,806,2001.429,51.53507,6319,223.5791,25356.9,3289.281,28666.01,2408.055,1497.618,23627.23,36.68138,2644.391,18623.14,86.56629
"1011",1012,"Factor #1012",32.6387,34,26.50143,11549.83,12497.01,12453.86,11356.36,7338.768,8433.193,52646.26,217.6767,6396,54736.56,22.11034,10465.84,39811.79,2985,6980.274,39479.42,208.1024,46117.89,1408,3756.978,40.3879,14943.58,261.7259,42291.53,6734.743,45264.66,5009,1980.365,38898.45,10.46032,6856.242,31347.71,100.7691
"1012",1011,"Factor #1011",32.6726,34,9.768356,11601,12571,12996,11538,10082,10942,88058.85,180.7167,6276.162,90212,39.00817,10346,73604.17,2866.716,7031,75812.89,201.0346,84710.41,117.3132,3782,40.3879,15274.94,353.4767,79989.16,6950,83540.03,4717.992,1980.365,75065.76,56.30827,6973,63326.86,120.7799
"1013",1013,"Factor #1013",32.6881,34,13.93208,11549.83,12497.01,12903.11,11498,10082,10782.53,100124.4,167.0578,6139.744,90216.08,37.01125,10454.83,84774.53,2928.425,6980.274,88844.63,209.0623,96722.56,127.6854,3756.978,4.103356,15240.78,179.7257,92988.18,6808.653,95916.37,606.6624,766.0014,89483.07,32.06421,6877.601,76946.56,172.3108
"1014",1015,"Factor #1015",32.769,34,8.807603,3380.245,4049.093,3905.125,1997.276,4441.957,2335.361,141462.9,33.70686,311.0976,48725.96,17.16542,634,139501.3,195.0464,812,150932,48.61712,112038,158.0781,117.6483,5.841518,2683.132,33.47607,145237.2,1251.006,134840.3,164.9468,274.2231,119984.3,25.50557,1528.077,152764.8,50.9801
"1015",1010,"Factor #1010",32.7987,34,20.16545,3078.106,3533.278,5294.698,1018.943,5927.721,2255.077,142683,41.53824,95.64273,81941.94,37.26012,281.2708,140694,53.91322,1037.606,156547,59.61648,115661,57.02043,267.5415,43.20394,551.8099,38.30047,149327,99.42901,134771,134.2338,21.27216,121393,64.49832,180.8561,153733,62.55012
"1016",1016,"Factor #1016",32.8391,34,30.68393,1700,1261.753,1643,1066,2029,1665.864,138060.8,13.90903,160.9507,5928,17.53586,415.6965,140791.9,3.616363,235.3452,156640.5,19.51443,4914.813,344.2187,368.6653,45.3,840.1527,13.21621,149419.5,263.7754,127836.4,36.51406,15.02542,114749.5,20.60899,211.6812,153819.5,58.86999
"1017",1017,"Factor #1017",32.8988,34,6.007561,263.3288,417.0109,129.6231,433.9371,420.1747,376.586,309.597,3.657862,624,172.171,6.853031,926,287.8981,18.6976,818,1628.549,17.17741,256.1421,897,965,946,1157,10.06187,1277.476,881,617.4608,3.581176,2.569187,196.2607,4.445879,711,2830.311,8.352209
"1018",1018,"Factor #1018",32.9238,34,10.68604,393.5787,436.0542,450.4466,445.3821,426.6846,382.6704,1346.134,42.62476,633.2583,468.2054,9.846775,499,2001.034,13.30116,729.8023,2435.78,20.10597,1062.528,645,764.001,873.7676,648.7944,7.831957,1442.703,697,940.3148,23.57208,7.956646,1004.662,7.202444,677.0691,3345.077,21.40926
"1019",1019,"Factor #1019",33.1126,34,9.968549,147.8324,129.6486,96.93933,80.20488,27.53735,114.8561,1898.754,24.49036,11.02742,981,13.52906,16.5554,2179.353,16.01361,18.5445,2133.586,23.9622,1292.716,11.99404,21.16756,43.11993,13.50884,20.34398,1708.874,20.72129,1362,32.94884,27.09125,1296.077,25.82485,25.66408,2338.061,20.39264
"1020",1021,"Factor #1021",33.1396,34,14.29939,98.22583,131.444,57.63124,80.20488,33.54525,114.8561,1947.932,4.855048,12.23861,945.7236,10.59672,16.60535,1763,13.88475,9.153225,1978,40.56121,1274,3.922721,17.04938,14.31693,27.81612,24.25748,1616,11.15835,1648.595,33.95028,27.99792,1389.421,23.98867,11.70196,1797.001,33.18045
"1021",1022,"Factor #1022",33.1426,34,23.67752,105.1463,87.88711,170.8849,32.5771,9.075823,96.8572,1762,7.744047,16.03555,921.598,11.27541,17.66459,1830.269,12.77112,15.16582,2071.543,40.87807,1428.486,4.46961,23.50304,42.37014,27.89974,23.2472,1742.633,26.32716,1702.969,33.95028,38.76341,1408,24.14324,14.13889,1711,30.64671
"1022",1020,"Factor #1020",33.1428,34,17.64055,105.1463,87.88711,103.3671,19.62148,34.13235,88.6106,1848,4.911989,15.55244,942.7984,7.684677,10.41437,1860.99,13.05705,6.889433,1956,24.26195,1274,4.887731,18.59464,25.60254,27.19265,10.12071,1650,23.25597,1673,2.525551,36.504,1432.026,25.80189,14.14745,1797.001,28.75039
"1023",1023,"Factor #1023",33.5278,34,44.9644,10296.6,10912.94,10769.18,11336.41,10252.95,11234.99,17771.09,6139.202,14268.82,10984.19,74.3564,11284.21,17060.13,1866.957,14398.87,18848.68,5558.693,11391.23,8340.452,15250.01,1725.025,34979.37,6385.737,18663.16,16949.56,19416.35,1980,26819,15129.76,2335.35,16122.46,19241.42,6669.598
"1024",1029,"Factor #1029",33.5318,34,17.98511,18873.52,20777.26,20525.23,20817.2,20435.95,22052.98,24306.08,11828.88,26623.28,16548.11,123.4772,21655.59,21342.99,3251.818,27346.08,24083.63,11289.7,16016,15705.72,26924,3780.922,61946.07,12257.3,23472.05,30266.7,27924.58,4516.065,48395.92,22410.09,4857.619,30242.96,26339.93,12805.38
"1025",1027,"Factor #1027",33.5322,34,45.23814,19529,20718.97,20586.59,20817.2,20223.1,22091.26,24358,11828.88,26623.28,16829.5,152.1924,21655.59,21342.99,3269.387,26460.79,24083.63,11289.7,15910.45,16013.8,26675.69,3732.842,62984,11825.47,23472.05,30266.7,27789.3,4636.065,48619,22410.09,4914.368,30242.96,26364.88,12975.23
"1026",1025,"Factor #1025",33.5324,34,43.81834,19290.62,20718.97,20525.23,20817.2,20435.95,22052.98,24306.08,12020,26488.54,16800.5,152.1924,21484.83,21342.99,3269.387,27346.08,24251.76,11289.7,15910.45,15776.42,26924,3554.966,62610.34,12257.3,23472.05,30266.7,27924.58,4636.065,48395.92,22410.09,4914.368,30242.96,26364.88,12975.23
"1027",1031,"Factor #1031",33.5324,34,44.09156,9014.992,9788.146,10012.57,10072.24,9565.712,10628.82,13187.63,5614.733,13578.78,8427.075,74.69471,10203,12191.39,1682.1,13477.9,13726.11,5655.674,8488.675,8465.161,14549.51,1607.082,31753,6212.82,13581.85,15167.99,14738.7,2580.851,24702.14,11529.49,2428.796,15161.04,14667.04,6243.842
"1028",1028,"Factor #1028",33.5324,34,36.99535,19290.62,20718.97,20586.59,21022,20711,22052.98,24306.08,11828.88,26623.28,16800.5,121.9301,21655.59,21342.99,3096.489,27180.48,24083.63,11289.7,16041,16013.8,26675.69,3780.922,62610.34,12257.3,23472.05,30266.7,27789.3,4653.699,48395.92,22410.09,4910.203,30242.96,26339.93,12975.23
"1029",1024,"Factor #1024",33.5325,34,21.4092,19415.12,20777.26,20586.59,20817.2,20435.95,22091.26,24306.08,12020,26623.28,16829.5,141.5236,21655.59,21342.99,3269.387,27346.08,24251.76,11289.7,15910.45,16013.8,26675.69,3626,62843.17,12257.3,23472.05,30266.7,27924.58,4653.699,48395.92,22410.09,4914.368,30242.96,26364.88,12975.23
"1030",1030,"Factor #1030",33.5325,34,16.49341,17485,19717.15,20230.41,20817.2,19045.27,20868.06,23703.5,11448.37,26546.22,16829.5,115.562,21252.2,21287.59,3202.387,27316.17,24083.63,10805.15,15094.82,16013.8,26675.69,3780.922,62984,11956.82,23472.05,30266.7,27924.58,4653.699,47294.55,22336.75,4758.696,30093.1,26364.88,12314.29
"1031",1026,"Factor #1026",33.5326,34,32.53119,18987,20862,20749,20817.2,20711,22307,24083.25,11828.88,26811,16958,141.5236,21612,21373,3394,27527,24130,11492,16016,16041,26563.36,3763,62843.17,12362,23472.05,30484,27892,5300,48395.92,22410.09,5045,30444,26408,13173
"1032",1038,"Factor #1038",33.7849,34,83.70122,28143.06,29824.48,30616.47,33359.89,24452.87,29699.84,64342.39,2149,22972.12,43486.06,75.17373,19614.2,38959.09,1235,23241.61,46317.85,1841.758,40840.83,12422.86,30527.93,3975.729,50935.57,2159.011,46316.85,26017.35,67890.5,1512.4,7425.535,49322.99,1273.834,24345.03,35561.41,2493.58
"1033",1033,"Factor #1033",33.7894,34,54.88777,26093.24,17028,28937.67,15977,28188.89,21884,60443.79,2110.26,22972.12,37174.54,105.3838,19501,46267.96,1174.117,23163,55707.32,1859.278,42542.26,12404,30527.93,3555,50873,2143,54401.99,25938,71908.29,1613,7506,57089.55,1253,29903.15,47320.25,2493.58
"1034",1035,"Factor #1035",33.8137,34,158.7555,62476.8,63764.78,67793.05,67353.46,65904.5,74510.05,150192.5,2134.039,42024.47,94117.69,235.1282,51264,128626.5,1103.04,44198.11,160045.2,1859.278,109464.4,22028.91,48582.16,5862.223,90886.45,2150.525,147446,50142.27,176098.4,3754,7459.791,158684.1,1263.623,49747.94,151187.1,2610
"1035",1034,"Factor #1034",33.8306,34,158.7555,63453.04,65187,69039,68911.18,67214.74,75218.9,150192.5,3253,55825,94328,234.1854,51177.94,128544,1750.511,60589,160045.2,2690.381,110122,29506.2,61525.08,7758.449,131325.7,3286.262,148691,64861,176659.7,3648.671,8274.094,158684.1,2259.232,61960,161237.5,3546.045
"1036",1032,"Factor #1032",33.8331,34,147.0625,63504,65187,69039,69048,67373,75373,150121,3123.081,56443,94114,234.1854,51264,128544,1923,60589,159973,3242,110122,29645,61612,7791,131886,3337,148614,64232,176038,3754.33,9948,159057,2374,62551,161170,3687
"1037",1036,"Factor #1036",33.8343,34,147.0625,63453.04,65112.58,69069.26,68979.45,67214.74,75218.9,150192.5,3123.332,56321.58,94331.85,243.4353,51384.71,128680.9,1838,60481.34,160045.2,3153.461,110137,29232,61580.91,7811.24,131816.3,3301.164,148691,64719.24,176659.7,3756.579,9767,159076.5,2289.692,62438.8,161237.5,3553.78
"1038",1037,"Factor #1037",33.8434,34,100.5064,62476.8,63764.78,67793.05,67353.46,67373,74510.05,150192.5,1.113634e-11,54121.97,94117.69,236.8409,43101.46,128626.5,1650.616,55627.19,159973,3018.336,109464.4,27122.48,60490,7279.428,123154.7,3171.168,148691,60417.34,176098.4,3648.671,9029.788,158684.1,2092.398,56596.31,160320.9,3097.922
"1039",1040,"Factor #1040",34.0293,34,29.5995,665.54,633.3534,657.3291,665.1934,607.3267,701.4384,452.5345,597,710.3442,231.0826,27.74832,722.7031,416.3605,118.5423,753.1587,568.9845,516.5536,332.7885,145.9082,723.7613,113.4519,2538.083,623.551,509.5993,820,717.3642,179.5615,3186.23,568.1728,64.64329,729.2163,2802.602,690.3708
"1040",1039,"Factor #1039",34.0322,33,0,634,633.3596,657.3291,659,600.0455,700,492,578.3925,722,231.0826,27.17543,796,434.82,120.6839,748,568.9845,583,338.9571,155.2682,748,128.7463,2498,656,509.5993,853.9436,724,179.5615,3284,542,61.90694,771,566.2337,763
"1041",1042,"Factor #1042",34.2919,34,30.97182,433.1082,491.5738,566.7704,450,608.6357,680.5362,1392.396,130.9572,695.1585,790.398,7.842447,495,2125.689,96.30184,469.366,853.5568,128.7743,935.5332,865.4783,485.1229,485.4977,888.9707,186.1463,1586.812,820.7229,1401.113,67.85486,76.8315,1049.361,40.94463,1049.774,710,99.76682
"1042",1041,"Factor #1041",34.2996,34,27.88977,455,500,573,692,609,748,1763,89.80557,738,790,11.84354,687,2354,124.8462,909,1912,117.6387,1383,865,1238,487,945,190.853,1596,1296,1511,94.06351,78.97488,1042,33.28882,1088,1781,245.3891
"1043",1043,"Factor #1043",34.3687,34,47.37783,127.7771,170.8665,419.1872,180.7723,593.9067,638.449,559.4518,8.762828,304.8125,212.1913,18.80902,310.5708,676.8926,48.36858,249.2924,1011,108.8698,354,191.6398,283.2111,110.9,349.9544,15.01484,657.6415,520.7744,607,17.41524,32.62127,609.8188,10.67419,315.7951,1385.748,214.6544
"1044",1044,"Factor #1044",34.4132,34,19.83628,231.996,381.5812,267.6733,243.7333,34.4171,62.37421,647,12.17286,970.5281,364.0203,28.49165,612.3664,582.3407,30.37595,87.65663,680.2883,18.88251,307.1393,617.1146,726.6436,522.5093,562.2494,14.20058,602.8379,52.19808,544,36.88051,43.96398,444,15.78905,23.64199,590,18.79208
"1045",1045,"Factor #1045",34.4438,34,10.13116,5551.528,4730.508,5022.889,4708.069,2362.393,2474.187,593,5.39352,15991.18,375.249,31.44557,10167.26,592,12.94126,8225.726,751,12.76458,307.1393,7745.589,17091.19,6487.196,14198.6,14.49758,602.8379,11792.55,557.1959,31.58889,32.76666,468.8402,9.681887,7036.973,537.378,32.10398
"1046",1049,"Factor #1049",34.4829,34,6.036718,9877,9171,9222.989,8457.869,6016.884,5106.358,722.0227,7.531334,34347.18,53.03408,7.813227,36448.76,1853.245,22.00328,34900.41,897,39.50576,438,25248.16,28281.3,31435.37,28562.94,30.88845,315.7555,37140.73,173.7304,13.9155,17.75363,249.4931,24.02456,27059.94,517,22.89085
"1047",1047,"Factor #1047",34.5243,34,15.38439,12870,11773,9337,10796.87,6059,5585,611,17.81364,34418,168.4408,29.70137,36873,1857,33.58189,36529,845,39.50576,591.3095,25636,36279,33382,33938,40.33782,558,39107.29,187.9805,25.12419,18.12523,249.4931,23.90492,28650,695,13.98847
"1048",1050,"Factor #1050",34.53,34,15.53469,12609.25,11887.66,7971.124,8457.869,6152.445,5683.429,899.359,17.88865,34347.18,70.56411,29.70137,36581.92,2006.026,16.7384,36529,889.5246,39.50576,604.832,24645.44,35288.2,32386.72,33938,37.589,519,38996.83,187.9805,1.07712,18.07253,171.7893,23.98123,28094.72,685.0426,14.14786
"1049",1048,"Factor #1048",34.6218,34,19.18803,6100.929,10006.93,12368.42,10530.41,6820,6559.339,601,3.109183,49856,41.13488,23.03065,52324.15,2325,11.5846,51727,1056,7.212847,742.1197,33227.11,45596.36,43969,47320,69.32057,750.6713,54437.8,153.9106,5.356392,22.75,302.6543,19.79115,39822.95,846,16.02132
"1050",1046,"Factor #1046",34.6269,34,19.09184,12525.83,11794.49,12648,12114,8256,7871,913,25.59752,49856,1.384033e-11,32.6634,54152,2612,36.51696,51727,1042,26.44381,728,35280,52231,49147,47320,69.32057,757,56096,157.7629,51.62692,36.29236,302.6543,39.71353,41214,862,15.95901
"1051",1051,"Factor #1051",34.63,33,6.124025,7829.341,8552.653,10932.84,11169.15,6951.333,4219.738,599.7549,14.43401,38374.02,12.06025,25.76687,50710.01,1147,26.47112,33470.03,1068.524,8.30535,600.1765,33227.11,45596.36,45646.4,33979.17,66.06398,493.2075,48653.76,149.9073,13.27333,23.21529,302.6543,0,34233.64,707,9.73439
"1052",1052,"Factor #1052",34.6594,34,12.71712,1650.715,979.282,3270.477,493,1741.022,1951.993,12.38917,9.350285,11968.52,6.84766,24.42297,12542,378.2477,12.87332,6545.114,101.8206,8.82164,73.1429,7739.167,8559.949,11377.95,2787.695,7.769462,37.70165,3192.14,5.937316,8.547605,6.988155,7.896132,21.98408,4220.774,62.1576,8.263286
"1053",1055,"Factor #1055",34.9319,34,103.633,15674.39,16222.05,16977.48,17200.18,17166.55,17632.86,20830.6,10581.73,19667.59,8798.908,97.28724,16902.34,22873.38,2417.226,19985.65,21914.53,10046.96,13139,9258.547,22638,3397.843,46847.23,10262.49,19153.05,22851.59,25140.83,4952.668,52522.16,20437.45,1283.199,21107.94,22714.9,11997
"1054",1053,"Factor #1053",34.9324,34,103.633,15677,16227,16949,17207,17175,17641,20844,10598,19704,8814,97.05982,16909,22886,2396,20022,21926,10067,13880,9259,22638,3398,46894,10277,19164,22743,25167,4969,52537,20407,1283,21164,22728,11997
"1055",1054,"Factor #1054",34.9338,34,78.60644,13303,16222.05,16949,15804,17204.76,17632.86,20830.6,10581.73,19667.59,8634,51.04815,16902.34,22879,2417.226,19985.65,21914.53,10046.96,13875,9258.547,22638,1961,46847.23,10262.49,19164,22743,25140.83,4969,52522.16,20437.45,1151.452,21004,22728,11997
"1056",1057,"Factor #1057",34.9341,34,40.86056,2986.653,3165,3366.479,3099.642,3200.952,3390.017,3999.692,2205.581,3762.266,1670.267,57.71213,3300.024,4370.369,494.9108,3939.6,4021.453,2067.916,2591.544,2008.221,4414.413,697.1494,9166.561,2252.178,3608.697,4588.455,4790.342,1019.434,9956.587,3942.587,266.2083,4109.6,4297,2188.366
"1057",1056,"Factor #1056",34.9343,34,33.62836,8599.909,8801.533,9221.743,9367.16,9049.474,9566,9572,5557.009,10707.97,4725.857,32.30499,9283,12409.2,1463.712,10834.41,11896.64,5439.826,7413.33,5087.289,13013.81,2071.125,26178.77,5572.212,10526.36,12853.62,13633.83,3184.532,28685.71,10803.37,611.7795,11393,12304.96,6286.029
"1058",1058,"Factor #1058",34.935,34,23.65237,8563.049,8800.26,9138.698,9367.16,9037.989,9519,11228.39,5557.009,10707.97,4725.857,19.4916,9282.646,12331.34,1464.042,10542.66,11345,5439.826,7413.33,4916.825,13013.81,2071.125,26178.77,5572.212,10463.04,12853.62,13633.83,3382.492,28685.71,10803.37,596.4383,11392.94,12304.96,6286.029
"1059",1059,"Factor #1059",35.166,34,15.47891,28.17081,106.2252,17.93358,84.0921,6.50196,5.219213,6.265159,5.409255,490.7596,5.264749,28.29824,743,6.899375,7.422264,430,5.332781,5.387136,5.274433,527,581.2855,502,194.0813,17.68355,4.284128,488.3547,4.88137,6.126044,5.11584,44.95277,15.39652,388.9979,5.321361,4.559402
"1060",1060,"Factor #1060",35.2046,34,15.33899,35.93648,49.97584,17.72835,28.00617,7.447725,34.37297,7.851835,5.43813,404.1325,6.136439,20.98267,556,7.914664,8.204876,431.2572,5.421572,6.747045,8.117832,390.7119,311.5257,482,194.0813,21.68485,5.380451,469.7985,6.281942,14.35362,5.217096,18.58735,14.78022,430,5.464536,13.22101
"1061",1061,"Factor #1061",36.3872,34,8.676186,54.23016,64.14734,42.7966,66.23689,55.02803,38.71143,162.9199,1320,60.31709,20.44215,32.4695,141.944,20.32493,14.91961,64.48395,197.7491,1350,114.8799,46.90696,166.5768,62.19449,3.760918,1428,146.7987,87.36344,62.67887,7.96269,16.03278,98.64984,4.446797,18.51179,256.9224,1716
"1062",1062,"Factor #1062",36.6591,34,12.24718,645,625,769,694,569,527,494,95.47866,1331,387.5494,17.48288,1114,621,25.98903,878,643.4458,46.8287,474.9423,1115,1605,968,1342,95.13847,502,1151.851,244.1826,13.48408,26.69601,339.9749,63.10455,1256,579.5491,63.92198
"1063",1064,"Factor #1064",36.701,34,5.969624,215.3107,376.9949,739.4572,652.4857,545.324,521,461.3122,4.366292,1311,102.324,21.48746,816.8231,664.7108,21.26676,824.0349,643.4458,4.175675,474.9423,1028,1090,863.8905,925,39.6409,517.2977,831.1875,158.2581,34.93806,5.368794,408,40.88665,1359,600.5292,98.56555
"1064",1063,"Factor #1063",36.7059,34,5.964391,128.4022,395.4716,523,533.6488,545.324,554,457.854,24.18612,657,218.5388,8.702019,1031.025,667.4763,14.50731,1413,643,18.65502,474.9423,872,641,504,746,26.04251,478,1291,200.5072,23.08352,3.994765,418.8793,60.71474,1293,580,81.21287
"1065",1065,"Factor #1065",36.7578,34,6.654972,97.35075,83.72698,423.4726,304.8917,444.3899,458.4187,210.097,5.903448,248.8248,36.21606,4.982087,689.3733,388.6118,14.02217,619,623.4218,48.69102,281.5651,704.7232,679.5662,731.9789,645.1225,10.06195,415.6616,847,40.70944,26.79679,34.00419,312.7278,17.00514,1186.115,584,45.45923
"1066",1066,"Factor #1066",37.2534,34,4.540036,18.45722,18.33384,9.841425,14.86352,5.932912,4.041563,6.809192,19.48197,175.1593,3.595249,9.346386,86.14616,4.783201,8.10783,269.9157,51.98424,6.049534,17.16804,500,549,438,126.3067,7.158296,4.886522,291.3175,7.768232,4.920006,4.360284,20.00938,20.99511,336.1733,4.907996,4.574564
"1067",1067,"Factor #1067",37.3666,34,9.177069,10.32372,24.26218,17.14837,24.72292,20.86305,28.29007,15.6212,796.2628,19.16869,7.10623,3.023078,15.42464,35.01773,3.882165,21.34029,11.43717,868,14.72465,17.6012,11.57191,37.78053,5.613796,957,37.17437,3.715257,39.15479,10.66777,2.700047,9.129966,26.17686,1.161194,54.95189,996
"1068",1069,"Factor #1069",37.3962,34,5.013915,99.93605,37.46542,88.04428,31.04475,4.341479,101.7465,645.9746,21.20402,3.962904,700,16.71999,34.49153,702.971,11.07217,3.706674,848.812,28.09026,641.2177,48.54637,56.68902,65.19399,17.55,12.21061,763.3766,23.74168,762,7.872889,3.422345,492.2704,19.64614,69.5917,691.0004,8.883797
"1069",1068,"Factor #1068",37.4175,34,6.959255,38.7635,71.69397,100.1083,92.60438,26.58251,110.4226,616,12.37629,6.872547,679.1501,7.225473,31.64976,703,8.046237,7.820058,839.5652,17.15727,673,74.46431,79.48512,28.32149,69.13124,30.46577,718,18.51122,731.8219,18.00774,20.39838,492.2704,19.24558,61.28569,793,34.86797
"1070",1071,"Factor #1071",37.511,34,21.51563,14.86615,23.98519,33.03143,6.088673,23.35509,42.76261,616,14.5551,17.52682,26.69532,10.71934,6.236343,815,14.20939,25.77795,337.6262,19.86214,286.7144,10.48965,12.21777,16.24161,12.70829,7.162654,222.9859,9.036733,14.91747,22.32469,18.08516,161.1914,14.49948,10.7041,507,14.95053
"1071",1070,"Factor #1070",37.5932,34,22.71263,54.17937,47.31592,49.95745,52.15319,54.10807,12.56455,621,17.58416,61.59174,81.01473,22.72545,34.91655,714,9.484088,33.21306,594,25.28133,121.5083,40.14063,71.21906,86.7123,99.18317,7.877032,203.9047,98.43926,76.11781,16.73878,12.18398,101.6483,21.38161,65.51531,308.6056,24.42493
"1072",1072,"Factor #1072",37.6274,34,14.35842,24.55319,11.29092,42.27786,25.57664,22.49816,7.478508,585,8.150798,71.96943,61.20697,10.32205,58.77589,579,8.184094,40.07833,414,5.634836,84.45873,31.33645,28.66934,80.30034,67.94602,6.960915,104.9615,93.78818,70.99687,7.555004,10.84984,100.9764,20.37573,90.3972,279.8549,20.61918
"1073",1073,"Factor #1073",37.7671,34,48.42639,112.5021,99.50517,97.80077,124.9289,123.8904,137.3463,466,20.12779,62.72307,238.7495,37.39879,55.51256,590.2107,35.51915,44.71133,496,39.30039,946,62.69034,66.38863,36.90397,101.3911,45.6641,488.8126,59.40222,463.6063,21.64231,43.91139,419.3672,36.35831,75.31749,519.1877,49.43898
"1074",1074,"Factor #1074",37.8224,34,9.622043,178.1151,107.0327,246.1298,278.1703,364.9461,318.9944,649,5.6981,32.17369,276.7502,7.307505,59.38185,1350,7.39074,119.5456,956,9.846367,938,8.244361,169.3174,17.27189,153.3414,8.463684,980.8432,146.0938,1256.792,10.65325,7.569753,1165,16.35788,104.3789,1297,12.68906
"1075",1076,"Factor #1076",38.0846,34,13.11644,562.231,520.3815,598.078,602.252,576.6774,525.8664,1199.21,11.76874,386.3708,1468.485,15.29251,427,334.1916,34.73079,485.833,1338.809,23.62905,572.0326,357.7502,692.1116,337.6825,685.3898,15.69585,1302.904,461.9626,1954.578,38.43665,39.65798,846.1383,53.46256,578,1436.639,106.9678
"1076",1075,"Factor #1075",38.0871,34,11.05202,545.1935,532,553,642,593,603,1304,29.97286,376.7631,1572.46,26.16551,437.1467,397.5851,48.51519,420.519,1424,21.81465,617,213.693,367.3923,218.2727,828,9.019279,1418,432.6604,2113,50.68408,14.53379,971,32.29374,473.5193,1546,38.07459
"1077",1077,"Factor #1077",38.544,34,311.6012,2714,3065,3630,3603,4200,4537,5381,3372,2952,773,5030,8002,2229,10732,3637,6720,3850,8419,329.782,478,3974,380.5908,5011,6684,4480,925,224.2301,1007,841,366.2548,5531,9012,7198
"1078",1078,"Factor #1078",38.5949,34,88.10433,675,857.8665,657,612.3169,3993.34,669.696,4763.523,1983.659,983.413,509.727,2750.672,2190.453,422.6246,7342.679,1096.247,3036.217,3788.679,7358.199,63.81487,185.7857,2378.954,447.7412,3249.757,4890.245,1348.542,618.2701,49.90818,828.8951,608.206,366.2548,1269.543,6585.555,6961.874
"1079",1080,"Factor #1080",38.631,34,20.26209,255.0881,266.9863,290.7432,336.6869,274.7214,322.9062,744.727,84.75104,373.2951,439.8429,215.8986,750.967,543.1613,749.6506,433.6531,859.6127,91.32569,594.8239,204.3377,524.2213,138.6367,1123.423,122.7719,784.8756,468,926.8358,135.2931,114.4432,588.4891,97.61105,440,664.1408,340.7747
"1080",1079,"Factor #1079",38.6612,34,17.48057,1188,1167,1102,1248,1298,1367,4238,156.2929,336.0087,3489,59.6631,398.0719,5576,108.1433,390.1159,4907,157.2328,3976,291.239,476.9187,99.52652,737.4723,153.5524,4895,480.3572,5604,327.2992,211.6616,3350,141.885,368.0007,4977,205.0927
"1081",1082,"Factor #1082",39.0471,34,22.01383,671.141,635.4686,727.4155,652.3218,666.4134,566.8453,453,616.3989,1071.249,322.4705,18.22465,1002.402,474.5465,63.96088,1080.609,452,562.6722,346.9582,415.3379,1087.288,259.0834,2322.62,575.261,401.7526,936.3249,537,306.442,1954.405,369.9472,73.93005,1122.959,490,644.1302
"1082",1081,"Factor #1081",39.0488,34,5.809643,681,662,719,716,757,759,453.2186,616,1071,270.428,12.73669,1002,474.5465,104.996,1088,455.2313,570,221.0953,477,1312,259.0834,2378,628,401.7526,1180,540.3074,306.442,2853,417.6095,73.93005,1201,470.2491,600
"1083",1083,"Factor #1083",39.5785,34,7.369987,324.0619,146.9389,500,92.0278,397.7275,520,172.8709,123.2636,710,131.7478,47.26082,704,301.767,170.4163,784,203.7783,214.8823,77.30286,300.817,1083,140.018,1534,258.308,376.2066,909,452,268.8278,812,107.6576,125.1968,759,264.243,211.2424
"1084",1084,"Factor #1084",39.6009,34,16.54129,131.5993,231.0745,372.8274,247.8119,383.3646,449.1452,199.6145,283.441,526.4543,130.2509,66.20516,514.9691,241.5731,181.7549,551,240.0691,315.783,115.5741,405.3293,563,388.4473,673.6067,289.9475,233.0363,511.3013,258.0698,451.6443,765.6634,144.6771,178.1266,460.984,292.6582,272.8959
"1085",1085,"Factor #1085",39.6069,34,28.57649,314.5373,317.3331,331.5112,315.549,362.5082,361.1847,333.5256,666,229.3036,226.7483,109.3884,273.9646,411.2547,472.4989,265.922,481.2948,593.6598,164.553,133.9457,216.3779,73.84619,351.0003,741,411.5643,198.7394,508.6481,857.5731,1707,273.1504,318.6916,288.9349,547.621,646
"1086",1086,"Factor #1086",39.7512,34,40.4049,588,660,748,808,747,765,618,52.25854,1593,474,19.90305,1473,727,86.83241,1742,692.8672,75.46877,342.9016,770,2852,255.5261,3092,32.12182,686,1878,839,89.46801,84.90668,479.8515,67.7841,1730,756,27.48118
"1087",1087,"Factor #1087",39.7725,34,33.22549,550.0356,501.6357,677.0858,735.5406,686.0123,719,610.7273,5.874513,940.8941,499.6171,31.20194,1204.634,731.6556,37.98903,1617.52,691,9.651985,342.9016,784.2391,2352.135,257.2304,3057.434,5.574232,687.2438,1664.558,798.2065,4.718477,58.36175,479.8515,5.317581,963.3766,600.1541,10.395
"1088",1088,"Factor #1088",39.8609,34,3.197927,55.27162,94.84478,108.5746,138.4095,102.3914,35.16356,28.94397,44.79412,394.7133,31.93024,16.68675,597,7.532918,4.105438,325.7077,4.03007,15.532,2.818171,1202,1316,791,282.1876,41.41644,3.242643,728,18.52168,10.82286,4.862486,62.52339,3.667081,605,3.29383,3.275209
"1089",1090,"Factor #1090",39.87,34,3.789112,72.01406,95.65615,108.9592,174.9917,102.3914,35.54924,7.12076,4.52256,406.1873,7.424148,0.09750089,502,6.581475,4.188495,343.0144,5.597308,13.38897,13.39297,1140,1345,737.1133,282.1876,28.80802,9.125297,637,12.50337,11.8018,77.58072,56.06178,4.927306,622.314,20.69026,5.302569
"1090",1091,"Factor #1091",39.9341,34,5.777697,94.87759,354.5074,63.95998,256.7433,116.4503,213.9521,463.093,27.29469,526,276.8545,59.9338,628.0748,535.3104,16.82387,593.4572,372.4925,13.84819,427.7243,450.4144,509.3603,578.5935,568,41.99457,440.4449,638.8637,313.0184,8.868732,39.56597,358.734,10.96022,549.1445,491.1986,41.61407
"1091",1089,"Factor #1089",39.9466,34,4.828896,168.416,153.5806,89.89087,135.613,132.4545,132.1403,168.9735,49.66539,429.2816,99.00309,5.214368,694,193.9761,11.28419,419.9801,82.78216,34.4666,159.3763,1236,1092,776,291.4845,35.09161,152.117,671,113.366,16.46193,49.16099,112.9799,10.36658,616.5319,182.9127,23.35694
"1092",1092,"Factor #1092",40.0025,34,38.34464,98.24261,144.4456,128.4134,139.2042,176.9663,167.7602,96.57019,465,61.87468,80.8788,94.85769,134.5563,97.58006,170.9355,79.72822,151.1549,570,65.47487,84.43897,48.03948,34.26346,115.4561,423,117.1371,112.305,93.16406,279.5702,3082,90.52224,267.2524,85.64364,128.4011,682
"1093",1093,"Factor #1093",40.304,34,71.04802,4.128482,18.91467,153.7601,134.6918,7.322023,5.621791,223.1567,317.7121,104.0516,9.449301,77.66968,84.33212,155.8834,166.7162,188.987,179.1657,319.7253,37.90458,37.54695,107.2355,33.69716,187.6753,337.2357,244.4833,26.40016,188.5778,538,862,67.41309,128.4611,86.38036,365.4659,262.3701
"1094",1095,"Factor #1095",40.7366,34,47.83395,243.3381,236.9296,299.3884,294.4934,289.5424,293.028,590.8856,170.5972,280.6747,691.8667,50.63654,407,376.0313,26.1263,281.6936,655.1406,207.0664,305.5436,50.60221,49.24281,62.08103,990.0463,213.9611,595.5321,407,765.9493,355.1928,362.7888,304.7452,45.20897,285.9143,677.8237,152.6189
"1095",1094,"Factor #1094",40.7382,34,27.44285,249.4202,251.7673,315.9593,294.4934,328.6032,295.6201,612,81.28973,280.6747,754,38.81106,392.2963,409.8862,42.30142,270.0973,655,113.199,289.1055,34.86458,50.95647,74.97205,990.0463,69.82277,589,392.6884,882,223.686,216.5306,313.3527,50.62016,306.5256,745,71.52689
"1096",1096,"Factor #1096",40.9212,34,15.02939,251.7396,294.2015,308.1466,426.752,379.27,402,1366.529,23.05188,87.90066,1241,15.46284,144.5567,1097.465,21.62347,144.7532,1535,10.67444,576.9149,125.014,278.2558,64.60508,475,15.48266,1207.859,211.1705,1804,8.056976,9.304642,849.7924,18.49198,114.2191,1457,23.4486
"1097",1097,"Factor #1097",40.9588,34,41.73794,168.8088,167.8724,209.4098,297.7319,159.3405,187.5356,974.1962,36.40527,416,422.9136,34.30115,247.9068,1081.644,49.87326,508.9756,854.2605,48.90466,730.8905,579,1263,119.2367,387.3835,83.45294,640.0161,641,747.1445,93.8691,39.62361,541.9633,21.21942,553.5066,556.6417,87.12954
"1098",1101,"Factor #1101",40.9976,34,217.1434,350.2073,320.5178,444.8258,481.7897,402.9531,486.1383,928.9491,224.9597,184.5028,464.1821,309.0122,335.6352,822.1061,280.1029,626,926.8563,284.7978,799.8863,403.2438,476.6851,496.2995,451.2975,339.7482,883.4175,518.7071,774.8215,536.2199,303.9167,826.4232,327.3057,657,921.2641,472.5452
"1099",1100,"Factor #1100",40.999,34,123.0502,356.5785,300.4223,478.6914,481.7897,498.5431,276.9069,550.6185,178.7771,162.093,387.9892,309.0122,366.7012,626.0635,491,575.5508,612.0889,336.8023,522.8537,403.2438,492.0419,501.2473,445.1409,434.4377,647.6999,525.9425,444.7055,551,382.7871,646.054,414,575.1832,660.8141,549.3734
"1100",1099,"Factor #1099",41.0082,34,214.2237,356.5785,320.5178,444.8258,462,426.7346,469.0521,1552.473,178.114,184.5028,801.0292,320.1659,276.0917,2425.768,226.0492,495.9299,2104.024,174.8898,1545.27,267.0926,515,500.1303,491.7283,419.359,1560.918,518.7071,1192.889,541.7743,271.6598,1234.729,281.5937,575.1832,2023.851,522.838
"1101",1098,"Factor #1098",41.009,34,47.40994,286.7075,316.8511,408.7436,471.791,426.7346,444.8695,1909,28.86995,221.2677,777,60.00869,263.6299,2825,65.34499,298.33,2090,93.85219,1586.635,205.7549,508.309,146.192,461.6696,56.6175,1561,447.1514,1535,130.7651,82.82728,1390,68.58943,412.3159,2024,140.3233
"1102",1102,"Factor #1102",41.1409,34,18.41301,183.3269,168.0758,179.6819,204.3394,159.9715,192.7518,121.3252,90.22046,411,87.05528,35.23101,430,114.2991,38.1688,441.333,72.87472,85.32641,92.41297,190.9747,437.3207,113.8517,1132.935,77.05194,91.55561,566,124.2133,43.18924,259.7965,127.373,49.04201,456.8949,114.8713,101.9479
"1103",1103,"Factor #1103",41.2144,34,37.86724,220.209,276.2637,198.2556,245.8276,184.3101,284.5616,605,20.52415,172.7446,334.3263,19.21784,93.47949,785.5308,47.5559,136.3503,679,23.56959,508,113.6398,98.72824,73.78004,502,14.5394,638,113.8803,822,73.37173,40.14005,532,47.06064,207.4357,741,39.14317
"1104",1104,"Factor #1104",41.606,34,9.905824,135.7898,133.3881,135.7441,212.5647,216.445,231.3545,432,283.0809,267.0424,189.841,6.846398,218.0204,631,62.22908,332.2995,484,278.1811,378.9267,283.8638,500,212.393,387.2006,170.9545,414,489,330.1851,42.38577,46.97377,263.2863,7.237313,372.9832,450,296.0667
"1105",1105,"Factor #1105",41.7621,34,9.255125,228.1693,534.0628,373.3695,416.0698,241.2155,385.5848,144.5809,208.8871,750,303.2447,4.263358,747,639.1674,26.2838,899,548.0199,125.3469,39.20247,507,871,701,1610.919,80.1612,466.39,999,789.5819,201.3109,265.3432,166.8192,12.37459,786.2316,96.23235,149.8251
"1106",1106,"Factor #1106",41.8053,34,46.30001,2957,3153,3150,3419,3173,3617,4110,1196,4598,2064,13.12077,4613,6021,538,4869,4551,1165,2228,1967,5549,893,12018,1194,4051,5669,4875,1479,4739,3616,209.9024,5149,4867,1383
"1107",1107,"Factor #1107",41.8353,34,67.78859,275.5873,465.5263,527.7014,468.1285,563.2549,624.4868,733.5474,189.4892,522.638,43.96765,13.92906,782.8908,740.757,75.87109,862.5036,463,255.2851,233.324,114.0243,856.5642,146.1509,1223.892,236.2943,427,1025.993,805.0907,277.0976,361.73,229.7021,68.10418,986.8988,743.6187,220.4672
"1108",1108,"Factor #1108",42.0912,34,32.02429,632,853,876,859,721.1419,680,41.46769,39.40902,3615,41.73099,61.01148,5466,80.25005,16.30912,3990,74.2329,53.3425,28.79435,3206,2998,3674,2593,15.92325,55.76759,4087,106.1835,62.27155,226.8926,57.22969,15.71377,3285,56.67278,45.86957
"1109",1110,"Factor #1110",42.1313,34,23.13493,147.964,189.6476,196.3949,226.0445,215.4898,318.6665,101.4206,192.2972,303.2232,61.44443,45.28032,935.7745,133.4475,63.13477,351.4214,148.2827,207.5791,114.7706,130.2704,214.4632,433.091,704,212.9281,96.92224,489.9125,145.2543,55.04826,1171,103.2209,73.27235,406.0551,118.1914,274.2448
"1110",1109,"Factor #1109",42.1331,34,10.59741,215.5192,147.4705,480.791,521.0886,535,318.6665,33.37816,29.0418,1188.584,30.67654,6.516658,4659.639,40.19045,7.813282,593,35.15108,44.05422,7.719776,671.3384,427,849,685.3987,8.694928,6.458861,2732.538,107.4916,6.908546,251.8541,14.90487,6.553332,1763.868,82.2149,68.76375
"1111",1111,"Factor #1111",42.3,34,37.9398,314.3995,323.7959,394.8678,449,299.5566,297.5592,172.7435,12.66925,1737,41.57148,34.88386,2071,146.8451,20.23787,1721,164.6514,16.31324,127.9821,1717,2489,2065,1529,20.50076,148.7532,2318,108.1948,27.1079,53.34862,168.3679,15.09102,1766,140.4017,6.365951
"1112",1113,"Factor #1113",42.4488,34,260.5834,2206.698,1175,3929.779,4902.398,5817.763,1668,7111.166,4020.653,4011.674,850.4484,6485.05,11131.68,2981.966,14373.3,5037.068,8690.045,5522.332,11839.76,406.0362,605.6787,3827.158,633.1245,6555.153,8170.247,6075.591,900.7369,346.63,1100.337,1245.955,511.0193,7652.591,12312.24,10195.41
"1113",1114,"Factor #1114",42.4549,34,304.8418,3246.014,3490.393,3223.282,4902.398,6180.697,6282.137,6061.672,3640.079,4011.674,850.4484,6485.05,10593,2981.966,13918.63,5102.476,8012.724,5499.619,11839.76,380.7573,566.6771,947,633.1245,6550.172,8874.6,6075.591,1076.221,148.1515,769.1003,1245.955,485.9226,7972.965,12186.13,9103.358
"1114",1112,"Factor #1112",42.4562,34,381.2625,3525,4098,5225,4959,6181,6562,7111,4407,4125,985,7063,11143,3076,14772,5076,8792,5522,11933,444,537,5535,611,6555,9202,6586,1387,346.63,1234,1273,511,7966,12312,10239
"1115",1115,"Factor #1115",42.5238,33,11.9864,38.48433,50.71852,0,75.1714,12.10397,26.64094,19.34089,60.61751,384.8352,10.22301,12.96698,471.6399,12.15209,35.03536,385.5289,22.44185,9.303444,19.12496,352.7645,302.7272,615,406.6377,63.43649,22.72772,440,9.173747,37.05641,320.2196,6.635193,37.55578,420.8387,38.09388,24.80621
"1116",1116,"Factor #1116",42.5674,34,76.83803,167.6254,103.7816,102.9176,174.0271,143.5327,110.2948,95.07523,647,118.1904,82.86401,83.55445,133.6411,147.98,271.0917,118.888,68.0596,775,105.3155,71.04556,98.50324,47.34201,114.0309,642,105.5463,90.44888,94.01518,378,3916,85.82567,390.4202,82.57013,128.2186,981
"1117",1117,"Factor #1117",42.6296,34,2.959958,38.917,32.03469,18.9172,8.972055,4.690962,5.581367,4.099197,861,37.00626,12.24693,3.059873,7.193984,4.713356,6.875628,20.13826,20.64819,927,24.85664,18.38308,88.71937,29.35918,3.484472,886,69.72026,17.15016,6.816713,5.205051,80.56781,52.13517,5.213217,8.897146,137.8424,927
